City Name,Year,Month,Day of Week,Time of Day,Accident Severity,Number of Vehicles Involved,Vehicle Type Involved,Number of Casualties,Number of Fatalities,Weather Conditions,Road Type,Road Condition,Lighting Conditions,Traffic Control Presence,Speed Limit (km/h),Driver Age,Driver Gender,Driver License Status,Alcohol Involvement,Accident Location Details,Accident ID,State Name
"Unknown",2018,"July","Thursday",1899-12-30 12:01:00.000,"Minor",3,"Auto-Rickshaw",7,2,"Stormy","State Highway","Damaged","Dark","Signs",79,41,"Male","Valid","Yes","Curve",34,"Odisha"
"Unknown",2019,"May","Sunday",1899-12-30 05:19:00.000,"Minor",3,"Truck",7,4,"Stormy","National Highway","Under Construction","Daylight","Signs",118,22,"Female","Valid","Yes","Straight Road",189,"Bihar"
"Unknown",2023,"March","Tuesday",1899-12-30 05:14:00.000,"Minor",3,"Two-Wheeler",3,3,"Stormy","Village Road","Damaged","Dark","Signs",93,22,"Male","Valid","No","Intersection",217,"Himachal Pradesh"
"Unknown",2023,"April","Tuesday",1899-12-30 08:55:00.000,"Minor",5,"Truck",0,4,"Stormy","Urban Road","Wet","Dark","Signs",45,32,"Male","Valid","Yes","Straight Road",245,"Bihar"
"Unknown",2020,"July","Sunday",1899-12-30 14:58:00.000,"Minor",5,"Cycle",8,5,"Stormy","National Highway","Dry","Dark","Signals",80,19,"Male","Valid","Yes","Intersection",294,"Nagaland"
"Unknown",2019,"September","Thursday",1899-12-30 09:24:00.000,"Minor",2,"Car",8,5,"Stormy","State Highway","Wet","Dark","Police Checkpost",90,49,"Female","Valid","No","Intersection",306,"Nagaland"
"Unknown",2023,"January","Friday",1899-12-30 00:26:00.000,"Minor",1,"Bus",3,1,"Stormy","State Highway","Under Construction","Dusk","Signs",98,56,"Female","Valid","Yes","Intersection",309,"Haryana"
"Unknown",2022,"October","Wednesday",1899-12-30 14:14:00.000,"Minor",1,"Truck",1,5,"Stormy","Village Road","Under Construction","Dusk","None",61,59,"Male","Valid","Yes","Curve",467,"Jammu and Kashmir"
"Unknown",2018,"October","Monday",1899-12-30 00:02:00.000,"Minor",2,"Auto-Rickshaw",3,0,"Stormy","National Highway","Under Construction","Dusk","Signs",112,70,"Male","Valid","No","Intersection",489,"Chhattisgarh"
"Unknown",2023,"December","Monday",1899-12-30 22:10:00.000,"Minor",1,"Cycle",2,4,"Stormy","National Highway","Damaged","Dusk","Signs",76,54,"Male","Valid","No","Curve",494,"Kerala"
"Unknown",2023,"July","Saturday",1899-12-30 01:28:00.000,"Minor",5,"Bus",6,4,"Stormy","Village Road","Wet","Dawn","None",84,57,"Male","Valid","Yes","Straight Road",506,"Assam"
"Unknown",2023,"January","Sunday",1899-12-30 01:18:00.000,"Minor",1,"Two-Wheeler",8,2,"Stormy","State Highway","Damaged","Dark","None",32,30,"Male","Valid","Yes","Straight Road",600,"Jammu and Kashmir"
"Unknown",2019,"May","Thursday",1899-12-30 13:55:00.000,"Minor",1,"Auto-Rickshaw",1,2,"Stormy","Urban Road","Dry","Daylight","Signs",31,48,"Female","Valid","Yes","Intersection",629,"Telangana"
"Unknown",2021,"September","Tuesday",1899-12-30 20:38:00.000,"Minor",3,"Car",10,1,"Stormy","Urban Road","Damaged","Dark","None",111,28,"Female","Valid","Yes","Curve",687,"Uttarakhand"
"Unknown",2022,"May","Tuesday",1899-12-30 01:45:00.000,"Minor",4,"Car",1,5,"Stormy","Village Road","Dry","Dark","Signals",72,40,"Female","Valid","Yes","Straight Road",708,"Bihar"
"Unknown",2019,"September","Thursday",1899-12-30 11:47:00.000,"Minor",3,"Two-Wheeler",4,2,"Stormy","National Highway","Wet","Dark","Police Checkpost",82,54,"Male","Valid","No","Straight Road",770,"Mizoram"
"Unknown",2023,"February","Saturday",1899-12-30 23:48:00.000,"Minor",3,"Two-Wheeler",6,5,"Stormy","Village Road","Under Construction","Dusk","Police Checkpost",55,68,"Female","Valid","No","Bridge",817,"Puducherry"
"Unknown",2022,"October","Monday",1899-12-30 11:32:00.000,"Minor",5,"Two-Wheeler",2,0,"Stormy","Urban Road","Under Construction","Daylight","Police Checkpost",76,31,"Female","Valid","Yes","Curve",882,"Meghalaya"
"Unknown",2022,"February","Monday",1899-12-30 04:41:00.000,"Minor",1,"Cycle",8,0,"Stormy","Urban Road","Damaged","Daylight","Signals",57,54,"Male","Valid","Yes","Intersection",906,"Nagaland"
"Unknown",2021,"July","Sunday",1899-12-30 03:29:00.000,"Minor",1,"Car",6,1,"Stormy","Urban Road","Damaged","Daylight","None",63,27,"Male","Valid","Yes","Intersection",1087,"Chandigarh"
"Unknown",2020,"August","Thursday",1899-12-30 21:45:00.000,"Minor",3,"Bus",5,4,"Stormy","State Highway","Dry","Dark","Police Checkpost",77,35,"Female","Valid","No","Intersection",1096,"Haryana"
"Unknown",2019,"November","Thursday",1899-12-30 20:46:00.000,"Minor",1,"Truck",2,5,"Stormy","Village Road","Dry","Dusk","Signs",93,60,"Female","Valid","No","Curve",1166,"Sikkim"
"Unknown",2019,"April","Tuesday",1899-12-30 15:18:00.000,"Minor",4,"Car",8,2,"Stormy","Village Road","Damaged","Dark","None",104,27,"Male","Valid","Yes","Intersection",1170,"Goa"
"Unknown",2018,"August","Wednesday",1899-12-30 05:02:00.000,"Minor",5,"Truck",4,3,"Stormy","Village Road","Damaged","Dusk","None",69,54,"Female","Valid","Yes","Intersection",1212,"Mizoram"
"Unknown",2019,"March","Sunday",1899-12-30 09:39:00.000,"Minor",3,"Pedestrian",3,0,"Stormy","Village Road","Dry","Dawn","Signs",90,48,"Female","Valid","No","Curve",1337,"Haryana"
"Unknown",2018,"August","Friday",1899-12-30 19:58:00.000,"Minor",1,"Bus",10,2,"Stormy","State Highway","Dry","Dusk","Police Checkpost",120,29,"Female","Valid","Yes","Bridge",1358,"Uttarakhand"
"Unknown",2022,"May","Sunday",1899-12-30 07:15:00.000,"Minor",2,"Pedestrian",1,3,"Stormy","State Highway","Dry","Dark","Signs",73,28,"Female","Valid","Yes","Bridge",1366,"Chandigarh"
"Unknown",2021,"August","Thursday",1899-12-30 13:19:00.000,"Minor",4,"Cycle",7,0,"Stormy","Village Road","Dry","Daylight","Signals",103,40,"Female","Valid","No","Straight Road",1374,"Nagaland"
"Unknown",2020,"December","Wednesday",1899-12-30 22:13:00.000,"Minor",2,"Car",0,2,"Stormy","State Highway","Wet","Dawn","Signs",105,40,"Male","Valid","No","Curve",1387,"Himachal Pradesh"
"Unknown",2020,"March","Tuesday",1899-12-30 08:57:00.000,"Minor",2,"Two-Wheeler",0,0,"Stormy","State Highway","Dry","Daylight","None",39,28,"Male","Valid","No","Intersection",1461,"Meghalaya"
"Unknown",2022,"January","Sunday",1899-12-30 22:08:00.000,"Minor",3,"Auto-Rickshaw",4,0,"Stormy","Urban Road","Dry","Dawn","Signals",64,27,"Female","Valid","Yes","Bridge",1481,"Telangana"
"Unknown",2021,"January","Sunday",1899-12-30 07:47:00.000,"Minor",5,"Two-Wheeler",8,4,"Stormy","State Highway","Wet","Daylight","Signs",71,39,"Male","Valid","No","Straight Road",1484,"Jharkhand"
"Unknown",2021,"October","Thursday",1899-12-30 06:56:00.000,"Minor",1,"Pedestrian",5,5,"Stormy","National Highway","Dry","Daylight","Signs",93,47,"Female","Valid","No","Intersection",1532,"Jammu and Kashmir"
"Unknown",2022,"May","Thursday",1899-12-30 11:16:00.000,"Minor",1,"Two-Wheeler",7,1,"Stormy","National Highway","Damaged","Dark","Signs",66,33,"Female","Valid","Yes","Curve",1556,"Sikkim"
"Unknown",2023,"October","Thursday",1899-12-30 05:08:00.000,"Minor",3,"Bus",2,1,"Stormy","National Highway","Damaged","Daylight","Police Checkpost",119,35,"Female","Valid","No","Bridge",1569,"Puducherry"
"Unknown",2019,"April","Saturday",1899-12-30 00:14:00.000,"Minor",4,"Cycle",8,1,"Stormy","Urban Road","Damaged","Dusk","Police Checkpost",95,26,"Female","Valid","No","Intersection",1596,"Telangana"
"Unknown",2020,"November","Wednesday",1899-12-30 17:25:00.000,"Minor",1,"Two-Wheeler",7,3,"Stormy","State Highway","Under Construction","Dusk","Police Checkpost",55,36,"Female","Valid","No","Intersection",1710,"Goa"
"Unknown",2023,"October","Wednesday",1899-12-30 19:24:00.000,"Minor",1,"Auto-Rickshaw",0,1,"Stormy","State Highway","Under Construction","Dark","Police Checkpost",75,50,"Female","Valid","Yes","Bridge",1763,"Goa"
"Unknown",2021,"July","Tuesday",1899-12-30 16:37:00.000,"Minor",1,"Cycle",10,2,"Stormy","National Highway","Wet","Daylight","Signs",101,45,"Male","Valid","Yes","Straight Road",1879,"Manipur"
"Unknown",2018,"December","Thursday",1899-12-30 22:33:00.000,"Minor",1,"Bus",10,0,"Stormy","State Highway","Wet","Daylight","Signs",51,59,"Male","Valid","No","Curve",1888,"Odisha"
"Unknown",2022,"May","Tuesday",1899-12-30 01:19:00.000,"Minor",1,"Truck",2,3,"Stormy","Village Road","Under Construction","Dawn","None",54,55,"Female","Valid","No","Intersection",1906,"Assam"
"Unknown",2020,"January","Monday",1899-12-30 12:52:00.000,"Minor",5,"Auto-Rickshaw",10,1,"Stormy","State Highway","Damaged","Dusk","Signals",100,66,"Female","Valid","No","Intersection",1908,"Chandigarh"
"Unknown",2023,"April","Thursday",1899-12-30 04:03:00.000,"Minor",3,"Car",2,1,"Stormy","Urban Road","Dry","Daylight","None",63,60,"Male","Valid","No","Straight Road",1911,"Manipur"
"Unknown",2020,"October","Wednesday",1899-12-30 04:01:00.000,"Minor",3,"Car",0,1,"Stormy","Urban Road","Under Construction","Dawn","Signals",98,66,"Female","Valid","Yes","Bridge",1964,"Manipur"
"Unknown",2019,"June","Wednesday",1899-12-30 21:12:00.000,"Minor",5,"Auto-Rickshaw",1,4,"Stormy","National Highway","Under Construction","Dark","Police Checkpost",115,48,"Female","Valid","Yes","Curve",1977,"Uttarakhand"
"Unknown",2021,"March","Tuesday",1899-12-30 14:20:00.000,"Minor",3,"Truck",7,0,"Stormy","State Highway","Dry","Dusk","Signs",84,40,"Male","Valid","No","Curve",2027,"Haryana"
"Unknown",2018,"March","Monday",1899-12-30 21:10:00.000,"Minor",2,"Two-Wheeler",3,0,"Stormy","State Highway","Damaged","Dawn","None",72,59,"Female","Valid","Yes","Curve",2065,"Chhattisgarh"
"Unknown",2021,"April","Saturday",1899-12-30 15:14:00.000,"Minor",2,"Truck",7,0,"Stormy","Village Road","Wet","Dark","Signs",39,21,"Female","Valid","Yes","Curve",2087,"Uttarakhand"
"Unknown",2020,"July","Friday",1899-12-30 02:46:00.000,"Minor",3,"Two-Wheeler",10,0,"Stormy","Urban Road","Wet","Dusk","None",114,60,"Female","Valid","Yes","Intersection",2189,"Jammu and Kashmir"
"Unknown",2018,"January","Tuesday",1899-12-30 05:18:00.000,"Minor",3,"Two-Wheeler",2,3,"Stormy","State Highway","Damaged","Dark","Signs",68,26,"Female","Valid","No","Straight Road",2241,"Kerala"
"Unknown",2022,"November","Friday",1899-12-30 20:50:00.000,"Minor",1,"Truck",3,0,"Stormy","State Highway","Dry","Dark","Signs",111,18,"Female","Valid","Yes","Bridge",2285,"Assam"
"Unknown",2022,"August","Sunday",1899-12-30 18:05:00.000,"Minor",3,"Auto-Rickshaw",6,4,"Stormy","State Highway","Under Construction","Dusk","Police Checkpost",105,22,"Male","Valid","Yes","Straight Road",2302,"Jharkhand"
"Unknown",2021,"June","Friday",1899-12-30 04:08:00.000,"Minor",3,"Auto-Rickshaw",0,4,"Stormy","National Highway","Damaged","Dusk","Police Checkpost",97,21,"Male","Valid","Yes","Bridge",2308,"Telangana"
"Unknown",2019,"May","Sunday",1899-12-30 23:37:00.000,"Minor",5,"Car",9,3,"Stormy","National Highway","Dry","Daylight","None",56,18,"Male","Valid","No","Curve",2313,"Telangana"
"Unknown",2020,"June","Saturday",1899-12-30 03:47:00.000,"Minor",1,"Truck",7,3,"Stormy","Urban Road","Dry","Dawn","Signals",37,24,"Female","Valid","No","Bridge",2528,"Nagaland"
"Unknown",2022,"December","Friday",1899-12-30 16:11:00.000,"Minor",5,"Truck",3,4,"Stormy","Urban Road","Damaged","Dusk","None",67,34,"Female","Valid","Yes","Straight Road",2552,"Uttarakhand"
"Unknown",2021,"June","Tuesday",1899-12-30 08:07:00.000,"Minor",4,"Two-Wheeler",4,3,"Stormy","National Highway","Wet","Dusk","Signals",87,50,"Female","Valid","No","Curve",2578,"Assam"
"Unknown",2021,"February","Monday",1899-12-30 20:05:00.000,"Minor",5,"Truck",5,4,"Stormy","Village Road","Dry","Dark","Signs",113,57,"Male","Valid","Yes","Straight Road",2637,"Odisha"
"Unknown",2019,"November","Wednesday",1899-12-30 21:54:00.000,"Minor",4,"Bus",0,1,"Stormy","State Highway","Dry","Dark","None",92,64,"Male","Valid","Yes","Bridge",2646,"Tripura"
"Unknown",2022,"July","Friday",1899-12-30 08:10:00.000,"Minor",3,"Car",7,1,"Stormy","Urban Road","Dry","Daylight","Police Checkpost",42,24,"Female","Valid","No","Bridge",2673,"Goa"
"Unknown",2022,"July","Friday",1899-12-30 07:03:00.000,"Minor",5,"Truck",9,3,"Stormy","National Highway","Damaged","Dusk","None",59,23,"Female","Valid","Yes","Straight Road",2687,"Goa"
"Unknown",2021,"January","Tuesday",1899-12-30 15:03:00.000,"Minor",4,"Bus",2,3,"Stormy","State Highway","Under Construction","Dusk","Signs",98,58,"Male","Valid","No","Bridge",2719,"Madhya Pradesh"
"Unknown",2019,"November","Friday",1899-12-30 04:19:00.000,"Minor",5,"Bus",8,2,"Stormy","National Highway","Under Construction","Dusk","Signs",64,41,"Male","Valid","Yes","Straight Road",2720,"Chhattisgarh"
"Unknown",2020,"October","Saturday",1899-12-30 23:27:00.000,"Minor",4,"Pedestrian",7,0,"Stormy","Urban Road","Under Construction","Dawn","Police Checkpost",45,38,"Male","Valid","No","Bridge",2723,"Manipur"
"Unknown",2022,"August","Saturday",1899-12-30 14:36:00.000,"Minor",3,"Auto-Rickshaw",8,5,"Stormy","Village Road","Damaged","Dark","Signals",82,58,"Female","Valid","No","Curve",2748,"Puducherry"
"Unknown",2018,"November","Friday",1899-12-30 14:04:00.000,"Minor",5,"Bus",6,0,"Stormy","National Highway","Wet","Dark","Signals",44,70,"Male","Valid","No","Curve",2788,"Puducherry"
"Unknown",2021,"May","Thursday",1899-12-30 00:14:00.000,"Minor",1,"Two-Wheeler",8,2,"Stormy","National Highway","Damaged","Dawn","Signals",51,69,"Male","Valid","Yes","Straight Road",2844,"Goa"
"Unknown",2022,"December","Wednesday",1899-12-30 11:40:00.000,"Minor",3,"Truck",1,5,"Clear","State Highway","Damaged","Dark","Police Checkpost",62,42,"Female","Valid","No","Curve",8,"Himachal Pradesh"
"Unknown",2018,"June","Saturday",1899-12-30 17:43:00.000,"Minor",5,"Truck",5,3,"Foggy","Urban Road","Under Construction","Dusk","Police Checkpost",32,65,"Male","Valid","No","Intersection",39,"Nagaland"
"Unknown",2018,"October","Saturday",1899-12-30 10:06:00.000,"Minor",1,"Cycle",6,3,"Foggy","Village Road","Damaged","Dawn","None",85,55,"Male","Valid","No","Intersection",64,"Himachal Pradesh"
"Unknown",2020,"May","Sunday",1899-12-30 08:53:00.000,"Minor",5,"Two-Wheeler",10,1,"Hazy","Urban Road","Wet","Daylight","Signals",33,24,"Female","Valid","Yes","Bridge",85,"Manipur"
"Unknown",2020,"May","Sunday",1899-12-30 17:09:00.000,"Minor",2,"Bus",10,0,"Rainy","National Highway","Under Construction","Dark","None",61,47,"Female","Valid","No","Bridge",122,"Chandigarh"
"Unknown",2019,"May","Friday",1899-12-30 00:21:00.000,"Minor",4,"Auto-Rickshaw",0,2,"Foggy","Village Road","Dry","Dusk","Police Checkpost",56,61,"Female","Valid","No","Intersection",142,"Chhattisgarh"
"Unknown",2019,"December","Wednesday",1899-12-30 15:21:00.000,"Minor",1,"Bus",3,1,"Hazy","National Highway","Dry","Dark","Signals",73,53,"Male","Valid","No","Curve",164,"Puducherry"
"Unknown",2019,"August","Saturday",1899-12-30 12:46:00.000,"Minor",5,"Two-Wheeler",1,3,"Hazy","Village Road","Dry","Dusk","Signals",31,43,"Male","Valid","No","Bridge",166,"Madhya Pradesh"
"Unknown",2023,"December","Friday",1899-12-30 05:36:00.000,"Minor",3,"Auto-Rickshaw",3,1,"Clear","Village Road","Under Construction","Dark","Signals",78,63,"Male","Valid","Yes","Curve",170,"Himachal Pradesh"
"Unknown",2018,"June","Monday",1899-12-30 00:54:00.000,"Minor",4,"Car",1,3,"Hazy","Village Road","Wet","Dark","Signals",106,45,"Female","Valid","Yes","Intersection",198,"Punjab"
"Unknown",2020,"November","Monday",1899-12-30 03:03:00.000,"Minor",4,"Bus",5,0,"Rainy","National Highway","Damaged","Daylight","Police Checkpost",32,60,"Female","Valid","Yes","Intersection",202,"Himachal Pradesh"
"Unknown",2021,"January","Wednesday",1899-12-30 14:19:00.000,"Minor",1,"Two-Wheeler",2,1,"Foggy","State Highway","Dry","Daylight","Signals",38,69,"Female","Valid","No","Intersection",219,"Nagaland"
"Unknown",2019,"June","Wednesday",1899-12-30 09:33:00.000,"Minor",2,"Truck",8,0,"Hazy","Urban Road","Damaged","Dawn","Signs",30,20,"Male","Valid","Yes","Straight Road",223,"Telangana"
"Unknown",2021,"May","Friday",1899-12-30 11:16:00.000,"Minor",1,"Pedestrian",10,3,"Rainy","National Highway","Wet","Daylight","Signals",97,45,"Male","Valid","No","Bridge",228,"Goa"
"Unknown",2022,"August","Monday",1899-12-30 20:07:00.000,"Minor",2,"Bus",3,1,"Foggy","Urban Road","Under Construction","Dusk","None",101,49,"Female","Valid","Yes","Curve",343,"Chandigarh"
"Unknown",2021,"May","Sunday",1899-12-30 00:22:00.000,"Minor",1,"Cycle",0,2,"Foggy","State Highway","Damaged","Dark","None",112,37,"Female","Valid","No","Intersection",351,"Meghalaya"
"Unknown",2018,"August","Sunday",1899-12-30 10:45:00.000,"Minor",4,"Auto-Rickshaw",3,0,"Foggy","National Highway","Damaged","Dark","Police Checkpost",88,69,"Female","Valid","Yes","Intersection",377,"Puducherry"
"Unknown",2023,"July","Wednesday",1899-12-30 10:24:00.000,"Minor",1,"Two-Wheeler",7,1,"Foggy","Urban Road","Damaged","Dusk","Signals",32,19,"Female","Valid","No","Curve",379,"Uttarakhand"
"Unknown",2023,"December","Wednesday",1899-12-30 10:34:00.000,"Minor",2,"Two-Wheeler",9,5,"Rainy","Village Road","Damaged","Dark","Signs",102,45,"Female","Valid","Yes","Curve",382,"Arunachal Pradesh"
"Unknown",2023,"March","Saturday",1899-12-30 01:12:00.000,"Minor",4,"Truck",6,2,"Clear","National Highway","Wet","Dusk","Signs",65,40,"Female","Valid","Yes","Curve",389,"Goa"
"Unknown",2018,"July","Friday",1899-12-30 06:57:00.000,"Minor",1,"Bus",2,5,"Clear","Village Road","Under Construction","Dusk","Police Checkpost",69,31,"Female","Valid","No","Bridge",398,"Meghalaya"
"Unknown",2019,"September","Monday",1899-12-30 18:32:00.000,"Minor",5,"Bus",8,2,"Foggy","National Highway","Under Construction","Dusk","None",58,19,"Female","Valid","No","Straight Road",424,"Meghalaya"
"Unknown",2020,"December","Thursday",1899-12-30 13:03:00.000,"Minor",2,"Car",10,4,"Foggy","National Highway","Damaged","Dark","Signs",112,37,"Female","Valid","No","Curve",431,"Jharkhand"
"Unknown",2020,"April","Tuesday",1899-12-30 09:16:00.000,"Minor",4,"Auto-Rickshaw",2,1,"Rainy","State Highway","Damaged","Dark","Signals",59,52,"Male","Valid","Yes","Intersection",435,"Madhya Pradesh"
"Unknown",2021,"October","Friday",1899-12-30 22:19:00.000,"Minor",2,"Truck",9,2,"Clear","National Highway","Wet","Dusk","None",92,67,"Female","Valid","No","Straight Road",448,"Manipur"
"Unknown",2021,"May","Sunday",1899-12-30 03:16:00.000,"Minor",3,"Car",5,0,"Clear","State Highway","Dry","Dawn","Signs",72,43,"Male","Valid","No","Curve",450,"Haryana"
"Unknown",2020,"September","Thursday",1899-12-30 10:46:00.000,"Minor",5,"Pedestrian",10,2,"Clear","State Highway","Wet","Dusk","Signals",111,36,"Male","Valid","No","Bridge",469,"Jammu and Kashmir"
"Unknown",2019,"June","Friday",1899-12-30 09:07:00.000,"Minor",3,"Truck",8,2,"Clear","Urban Road","Damaged","Dark","Signs",74,64,"Female","Valid","Yes","Intersection",478,"Assam"
"Unknown",2020,"August","Sunday",1899-12-30 04:35:00.000,"Minor",2,"Bus",10,1,"Clear","State Highway","Dry","Dawn","Signs",53,57,"Male","Valid","No","Bridge",490,"Uttarakhand"
"Unknown",2019,"January","Saturday",1899-12-30 00:13:00.000,"Minor",4,"Truck",5,1,"Hazy","State Highway","Damaged","Dusk","None",90,34,"Female","Valid","Yes","Bridge",511,"Chandigarh"
"Unknown",2022,"June","Sunday",1899-12-30 21:55:00.000,"Minor",5,"Two-Wheeler",9,2,"Hazy","State Highway","Damaged","Dawn","None",75,21,"Male","Valid","Yes","Curve",518,"Meghalaya"
"Unknown",2023,"June","Monday",1899-12-30 07:57:00.000,"Minor",4,"Car",2,2,"Clear","Village Road","Under Construction","Dusk","Signals",93,57,"Male","Valid","No","Curve",528,"Sikkim"
"Unknown",2023,"November","Wednesday",1899-12-30 02:57:00.000,"Minor",2,"Cycle",0,1,"Clear","State Highway","Under Construction","Daylight","Signs",110,66,"Female","Valid","Yes","Curve",545,"Odisha"
"Unknown",2018,"December","Friday",1899-12-30 03:06:00.000,"Minor",1,"Two-Wheeler",1,0,"Rainy","Village Road","Damaged","Dark","Signals",84,26,"Male","Valid","Yes","Bridge",565,"Uttarakhand"
"Unknown",2020,"May","Wednesday",1899-12-30 09:22:00.000,"Minor",4,"Two-Wheeler",1,3,"Rainy","State Highway","Wet","Dark","None",77,22,"Male","Valid","Yes","Bridge",587,"Sikkim"
"Unknown",2020,"November","Saturday",1899-12-30 00:37:00.000,"Minor",1,"Pedestrian",5,4,"Foggy","Urban Road","Under Construction","Dawn","Signals",106,61,"Female","Valid","Yes","Bridge",590,"Nagaland"
"Unknown",2018,"February","Thursday",1899-12-30 11:02:00.000,"Minor",1,"Car",0,2,"Rainy","State Highway","Dry","Daylight","None",105,33,"Male","Valid","Yes","Bridge",602,"Odisha"
"Unknown",2020,"October","Sunday",1899-12-30 00:43:00.000,"Minor",5,"Pedestrian",7,5,"Rainy","State Highway","Dry","Daylight","Signals",87,27,"Male","Valid","Yes","Bridge",608,"Haryana"
"Unknown",2022,"July","Thursday",1899-12-30 04:53:00.000,"Minor",4,"Car",8,1,"Rainy","State Highway","Wet","Daylight","None",48,40,"Female","Valid","Yes","Intersection",616,"Sikkim"
"Unknown",2021,"December","Friday",1899-12-30 21:47:00.000,"Minor",2,"Truck",4,4,"Clear","Village Road","Under Construction","Dusk","Police Checkpost",75,56,"Male","Valid","Yes","Curve",621,"Mizoram"
"Unknown",2022,"October","Friday",1899-12-30 15:25:00.000,"Minor",3,"Two-Wheeler",10,0,"Clear","National Highway","Under Construction","Daylight","Police Checkpost",45,48,"Female","Valid","Yes","Curve",639,"Telangana"
"Unknown",2023,"June","Wednesday",1899-12-30 14:23:00.000,"Minor",1,"Truck",1,1,"Rainy","Village Road","Wet","Dusk","None",75,62,"Male","Valid","No","Bridge",653,"Puducherry"
"Unknown",2023,"March","Sunday",1899-12-30 14:30:00.000,"Minor",2,"Bus",0,0,"Clear","Urban Road","Damaged","Dusk","Signs",108,45,"Male","Valid","No","Bridge",657,"Telangana"
"Unknown",2022,"July","Tuesday",1899-12-30 13:50:00.000,"Minor",3,"Auto-Rickshaw",5,5,"Rainy","Village Road","Dry","Dusk","Signs",73,51,"Female","Valid","No","Curve",667,"Punjab"
"Unknown",2020,"June","Thursday",1899-12-30 09:33:00.000,"Minor",2,"Two-Wheeler",1,3,"Hazy","State Highway","Wet","Daylight","Signals",33,44,"Female","Valid","Yes","Straight Road",672,"Chandigarh"
"Unknown",2022,"April","Wednesday",1899-12-30 03:05:00.000,"Minor",5,"Car",5,3,"Foggy","Village Road","Wet","Dark","Police Checkpost",116,44,"Male","Valid","Yes","Curve",679,"Puducherry"
"Unknown",2021,"August","Friday",1899-12-30 08:52:00.000,"Minor",2,"Bus",0,3,"Rainy","Urban Road","Wet","Dark","Signs",32,43,"Female","Valid","Yes","Bridge",686,"Nagaland"
"Unknown",2018,"December","Monday",1899-12-30 04:38:00.000,"Minor",2,"Truck",1,0,"Hazy","Urban Road","Under Construction","Daylight","Signals",67,70,"Female","Valid","No","Intersection",700,"Goa"
"Unknown",2020,"September","Tuesday",1899-12-30 03:54:00.000,"Minor",3,"Pedestrian",0,4,"Hazy","Urban Road","Wet","Dusk","Signs",69,29,"Female","Valid","Yes","Curve",703,"Odisha"
"Unknown",2023,"June","Monday",1899-12-30 18:51:00.000,"Minor",5,"Auto-Rickshaw",5,1,"Clear","Village Road","Under Construction","Dawn","Signals",113,53,"Female","Valid","Yes","Bridge",714,"Kerala"
"Unknown",2022,"May","Thursday",1899-12-30 05:22:00.000,"Minor",1,"Auto-Rickshaw",3,3,"Rainy","Urban Road","Under Construction","Daylight","Signs",83,70,"Male","Valid","No","Straight Road",727,"Chandigarh"
"Unknown",2021,"June","Thursday",1899-12-30 09:35:00.000,"Minor",4,"Two-Wheeler",3,0,"Clear","Village Road","Damaged","Dusk","Police Checkpost",119,66,"Male","Valid","Yes","Straight Road",729,"Uttarakhand"
"Unknown",2022,"October","Sunday",1899-12-30 10:04:00.000,"Minor",3,"Bus",1,0,"Hazy","National Highway","Dry","Dusk","Signs",55,51,"Male","Valid","No","Bridge",730,"Punjab"
"Unknown",2021,"March","Tuesday",1899-12-30 20:13:00.000,"Minor",1,"Truck",9,3,"Rainy","Village Road","Damaged","Dark","Police Checkpost",96,28,"Male","Valid","Yes","Straight Road",750,"Himachal Pradesh"
"Unknown",2018,"February","Saturday",1899-12-30 06:48:00.000,"Minor",1,"Truck",5,0,"Hazy","National Highway","Wet","Dusk","Signals",67,25,"Male","Valid","Yes","Straight Road",760,"Jharkhand"
"Unknown",2018,"June","Wednesday",1899-12-30 14:45:00.000,"Minor",4,"Auto-Rickshaw",8,1,"Clear","State Highway","Damaged","Daylight","None",35,42,"Female","Valid","No","Bridge",784,"Jharkhand"
"Unknown",2022,"March","Sunday",1899-12-30 13:41:00.000,"Minor",4,"Car",9,1,"Rainy","State Highway","Wet","Dawn","Police Checkpost",53,61,"Female","Valid","No","Intersection",786,"Sikkim"
"Unknown",2023,"August","Saturday",1899-12-30 06:12:00.000,"Minor",2,"Two-Wheeler",2,3,"Foggy","National Highway","Dry","Daylight","Signs",49,64,"Female","Valid","No","Bridge",792,"Himachal Pradesh"
"Unknown",2018,"August","Thursday",1899-12-30 11:19:00.000,"Minor",4,"Cycle",0,4,"Hazy","Urban Road","Dry","Daylight","Signals",46,63,"Female","Valid","Yes","Bridge",815,"Madhya Pradesh"
"Unknown",2020,"July","Friday",1899-12-30 13:31:00.000,"Minor",4,"Car",8,2,"Clear","Urban Road","Damaged","Dawn","Signals",110,70,"Male","Valid","No","Intersection",827,"Arunachal Pradesh"
"Unknown",2021,"March","Thursday",1899-12-30 11:52:00.000,"Minor",5,"Two-Wheeler",2,5,"Hazy","State Highway","Damaged","Dusk","Signs",30,27,"Female","Valid","Yes","Curve",839,"Puducherry"
"Unknown",2018,"March","Monday",1899-12-30 05:31:00.000,"Minor",3,"Car",1,1,"Clear","Urban Road","Under Construction","Daylight","Signals",33,62,"Male","Valid","No","Bridge",846,"Odisha"
"Unknown",2020,"February","Thursday",1899-12-30 20:53:00.000,"Minor",4,"Cycle",3,2,"Rainy","State Highway","Under Construction","Daylight","Signs",83,48,"Female","Valid","No","Intersection",857,"Mizoram"
"Unknown",2018,"December","Tuesday",1899-12-30 11:57:00.000,"Minor",2,"Cycle",7,1,"Rainy","Urban Road","Under Construction","Dusk","Signs",35,35,"Female","Valid","Yes","Straight Road",901,"Arunachal Pradesh"
"Unknown",2020,"March","Thursday",1899-12-30 05:53:00.000,"Minor",3,"Truck",10,2,"Rainy","State Highway","Damaged","Dark","Police Checkpost",112,54,"Female","Valid","No","Bridge",950,"Jammu and Kashmir"
"Unknown",2019,"February","Wednesday",1899-12-30 22:46:00.000,"Minor",2,"Two-Wheeler",9,3,"Clear","Urban Road","Dry","Dawn","Police Checkpost",106,70,"Female","Valid","Yes","Straight Road",1008,"Nagaland"
"Unknown",2018,"July","Thursday",1899-12-30 05:44:00.000,"Minor",1,"Auto-Rickshaw",2,1,"Hazy","Urban Road","Wet","Daylight","Signs",114,59,"Female","Valid","Yes","Curve",1029,"Meghalaya"
"Unknown",2020,"January","Friday",1899-12-30 07:33:00.000,"Minor",3,"Auto-Rickshaw",10,5,"Rainy","Urban Road","Wet","Dawn","None",99,53,"Female","Valid","Yes","Curve",1043,"Chhattisgarh"
"Unknown",2021,"April","Tuesday",1899-12-30 19:33:00.000,"Minor",3,"Cycle",9,5,"Rainy","Village Road","Dry","Dusk","None",91,37,"Male","Valid","Yes","Curve",1055,"Uttarakhand"
"Unknown",2021,"January","Monday",1899-12-30 01:11:00.000,"Minor",3,"Car",6,4,"Rainy","National Highway","Damaged","Dusk","Signals",38,20,"Male","Valid","No","Intersection",1072,"Sikkim"
"Unknown",2022,"June","Sunday",1899-12-30 12:00:00.000,"Minor",2,"Auto-Rickshaw",0,0,"Foggy","Village Road","Wet","Dawn","Police Checkpost",107,38,"Female","Valid","No","Curve",1078,"Arunachal Pradesh"
"Unknown",2022,"May","Sunday",1899-12-30 04:34:00.000,"Minor",3,"Truck",3,4,"Rainy","Urban Road","Damaged","Dawn","Signs",89,62,"Female","Valid","No","Curve",1084,"Jharkhand"
"Unknown",2022,"July","Sunday",1899-12-30 01:49:00.000,"Minor",3,"Bus",4,5,"Rainy","State Highway","Under Construction","Daylight","Signals",113,18,"Male","Valid","Yes","Intersection",1085,"Assam"
"Unknown",2022,"January","Saturday",1899-12-30 16:13:00.000,"Minor",1,"Cycle",3,3,"Clear","State Highway","Damaged","Daylight","Signs",75,38,"Male","Valid","No","Curve",1097,"Puducherry"
"Unknown",2018,"June","Monday",1899-12-30 05:18:00.000,"Minor",1,"Bus",5,1,"Hazy","State Highway","Wet","Dark","Signals",96,58,"Male","Valid","Yes","Straight Road",1109,"Haryana"
"Unknown",2018,"August","Friday",1899-12-30 01:09:00.000,"Minor",4,"Pedestrian",9,4,"Hazy","National Highway","Damaged","Dawn","Police Checkpost",94,21,"Female","Valid","Yes","Bridge",1111,"Telangana"
"Unknown",2019,"December","Monday",1899-12-30 17:25:00.000,"Minor",5,"Cycle",2,5,"Clear","National Highway","Under Construction","Dusk","Signals",68,69,"Male","Valid","Yes","Straight Road",1117,"Nagaland"
"Unknown",2019,"November","Saturday",1899-12-30 03:13:00.000,"Minor",5,"Pedestrian",1,2,"Clear","National Highway","Under Construction","Dawn","None",46,37,"Male","Valid","Yes","Bridge",1144,"Nagaland"
"Unknown",2023,"October","Wednesday",1899-12-30 20:07:00.000,"Minor",4,"Cycle",2,0,"Hazy","Village Road","Damaged","Daylight","Signs",119,42,"Male","Valid","Yes","Curve",1196,"Manipur"
"Unknown",2018,"December","Friday",1899-12-30 04:28:00.000,"Minor",2,"Bus",6,2,"Foggy","Village Road","Under Construction","Dusk","Signs",76,28,"Female","Valid","Yes","Bridge",1199,"Tripura"
"Unknown",2019,"August","Tuesday",1899-12-30 07:15:00.000,"Minor",4,"Car",0,4,"Clear","Urban Road","Wet","Daylight","None",115,27,"Female","Valid","No","Bridge",1222,"Goa"
"Unknown",2023,"March","Tuesday",1899-12-30 02:32:00.000,"Minor",4,"Bus",6,4,"Foggy","Urban Road","Wet","Dark","Signs",47,20,"Male","Valid","No","Curve",1293,"Jharkhand"
"Unknown",2020,"August","Saturday",1899-12-30 11:48:00.000,"Minor",1,"Cycle",7,1,"Hazy","National Highway","Under Construction","Dawn","Signals",82,41,"Male","Valid","No","Intersection",1298,"Kerala"
"Unknown",2020,"December","Monday",1899-12-30 13:00:00.000,"Minor",3,"Pedestrian",1,4,"Rainy","Urban Road","Wet","Dusk","Police Checkpost",35,55,"Female","Valid","No","Intersection",1304,"Chhattisgarh"
"Unknown",2022,"February","Friday",1899-12-30 17:21:00.000,"Minor",1,"Car",2,1,"Hazy","State Highway","Under Construction","Dawn","Police Checkpost",53,22,"Female","Valid","No","Intersection",1312,"Jammu and Kashmir"
"Unknown",2022,"August","Wednesday",1899-12-30 22:12:00.000,"Minor",4,"Truck",4,0,"Hazy","Village Road","Under Construction","Dusk","Police Checkpost",62,21,"Male","Valid","Yes","Intersection",1356,"Kerala"
"Unknown",2018,"July","Sunday",1899-12-30 13:16:00.000,"Minor",3,"Cycle",2,1,"Clear","State Highway","Wet","Daylight","Signs",117,25,"Female","Valid","Yes","Straight Road",1425,"Tripura"
"Unknown",2020,"July","Friday",1899-12-30 01:31:00.000,"Minor",3,"Cycle",9,2,"Rainy","Urban Road","Wet","Dark","Signals",41,70,"Male","Valid","Yes","Straight Road",1488,"Haryana"
"Unknown",2022,"February","Thursday",1899-12-30 06:50:00.000,"Minor",1,"Two-Wheeler",5,0,"Rainy","State Highway","Damaged","Dawn","Signs",103,44,"Female","Valid","No","Bridge",1489,"Kerala"
"Unknown",2019,"December","Wednesday",1899-12-30 12:36:00.000,"Minor",3,"Truck",1,2,"Clear","State Highway","Dry","Daylight","None",95,70,"Male","Valid","No","Intersection",1491,"Jharkhand"
"Unknown",2021,"April","Tuesday",1899-12-30 06:00:00.000,"Minor",4,"Auto-Rickshaw",9,2,"Hazy","Urban Road","Wet","Daylight","None",78,21,"Male","Valid","No","Bridge",1535,"Himachal Pradesh"
"Unknown",2022,"February","Tuesday",1899-12-30 06:00:00.000,"Minor",5,"Truck",10,4,"Clear","National Highway","Damaged","Dawn","Police Checkpost",87,43,"Female","Valid","No","Intersection",1557,"Nagaland"
"Unknown",2022,"September","Tuesday",1899-12-30 11:09:00.000,"Minor",3,"Cycle",3,5,"Rainy","Village Road","Damaged","Dark","Signals",59,68,"Male","Valid","No","Bridge",1561,"Telangana"
"Unknown",2019,"July","Friday",1899-12-30 21:14:00.000,"Minor",1,"Truck",10,1,"Rainy","Urban Road","Wet","Dark","Police Checkpost",72,49,"Female","Valid","Yes","Intersection",1577,"Telangana"
"Unknown",2019,"April","Wednesday",1899-12-30 19:54:00.000,"Minor",4,"Bus",1,5,"Rainy","State Highway","Damaged","Dusk","Signs",92,63,"Female","Valid","No","Curve",1630,"Meghalaya"
"Unknown",2022,"October","Sunday",1899-12-30 10:57:00.000,"Minor",3,"Cycle",2,2,"Foggy","Urban Road","Under Construction","Dark","Signals",69,34,"Female","Valid","Yes","Straight Road",1643,"Kerala"
"Unknown",2023,"December","Monday",1899-12-30 08:06:00.000,"Minor",4,"Cycle",9,5,"Foggy","State Highway","Wet","Dark","Signals",86,66,"Female","Valid","Yes","Straight Road",1647,"Manipur"
"Unknown",2023,"July","Saturday",1899-12-30 02:34:00.000,"Minor",4,"Car",8,0,"Rainy","Urban Road","Dry","Dawn","Police Checkpost",78,42,"Male","Valid","Yes","Intersection",1657,"Nagaland"
"Unknown",2019,"May","Friday",1899-12-30 07:19:00.000,"Minor",5,"Truck",4,4,"Rainy","Urban Road","Under Construction","Dusk","None",35,58,"Female","Valid","Yes","Intersection",1669,"Chhattisgarh"
"Unknown",2020,"March","Sunday",1899-12-30 06:42:00.000,"Minor",5,"Two-Wheeler",4,2,"Clear","Village Road","Dry","Dusk","Police Checkpost",50,45,"Female","Valid","Yes","Bridge",1677,"Sikkim"
"Unknown",2019,"October","Tuesday",1899-12-30 19:51:00.000,"Minor",4,"Car",3,3,"Clear","State Highway","Damaged","Daylight","None",90,62,"Male","Valid","Yes","Straight Road",1680,"Arunachal Pradesh"
"Unknown",2022,"May","Thursday",1899-12-30 04:55:00.000,"Minor",5,"Two-Wheeler",7,0,"Clear","Village Road","Damaged","Dark","Signs",64,22,"Male","Valid","Yes","Bridge",1683,"Telangana"
"Unknown",2021,"November","Thursday",1899-12-30 00:26:00.000,"Minor",5,"Auto-Rickshaw",3,2,"Clear","Urban Road","Damaged","Daylight","Police Checkpost",96,57,"Female","Valid","Yes","Straight Road",1684,"Sikkim"
"Unknown",2018,"April","Thursday",1899-12-30 20:43:00.000,"Minor",5,"Auto-Rickshaw",6,5,"Clear","State Highway","Wet","Dark","Police Checkpost",55,47,"Female","Valid","Yes","Intersection",1705,"Bihar"
"Unknown",2020,"May","Friday",1899-12-30 18:56:00.000,"Minor",5,"Car",3,1,"Hazy","State Highway","Wet","Dawn","Signals",33,68,"Female","Valid","No","Intersection",1722,"Himachal Pradesh"
"Unknown",2019,"December","Sunday",1899-12-30 23:51:00.000,"Minor",2,"Auto-Rickshaw",0,2,"Rainy","Village Road","Dry","Dawn","Police Checkpost",53,25,"Female","Valid","No","Curve",1735,"Haryana"
"Unknown",2019,"January","Friday",1899-12-30 15:02:00.000,"Minor",3,"Two-Wheeler",2,1,"Foggy","Village Road","Under Construction","Daylight","Signals",40,54,"Male","Valid","Yes","Straight Road",1736,"Haryana"
"Unknown",2023,"February","Saturday",1899-12-30 19:28:00.000,"Minor",4,"Car",5,4,"Rainy","National Highway","Damaged","Dusk","None",115,32,"Female","Valid","No","Intersection",1737,"Assam"
"Unknown",2020,"October","Monday",1899-12-30 04:48:00.000,"Minor",4,"Cycle",9,1,"Hazy","Village Road","Under Construction","Daylight","Police Checkpost",113,47,"Female","Valid","Yes","Bridge",1743,"Assam"
"Unknown",2023,"October","Sunday",1899-12-30 07:45:00.000,"Minor",2,"Auto-Rickshaw",6,3,"Clear","State Highway","Wet","Dawn","Signals",39,23,"Male","Valid","No","Intersection",1750,"Himachal Pradesh"
"Unknown",2021,"June","Wednesday",1899-12-30 17:17:00.000,"Minor",4,"Truck",1,5,"Rainy","National Highway","Damaged","Dark","Signs",93,67,"Male","Valid","No","Curve",1765,"Chandigarh"
"Unknown",2019,"May","Sunday",1899-12-30 21:07:00.000,"Minor",3,"Pedestrian",9,2,"Hazy","Urban Road","Dry","Dusk","Police Checkpost",30,33,"Female","Valid","No","Curve",1781,"Sikkim"
"Unknown",2020,"May","Monday",1899-12-30 08:26:00.000,"Minor",1,"Bus",4,2,"Hazy","State Highway","Damaged","Dusk","Signals",88,45,"Male","Valid","No","Straight Road",1785,"Himachal Pradesh"
"Unknown",2019,"February","Tuesday",1899-12-30 04:01:00.000,"Minor",3,"Truck",2,0,"Rainy","National Highway","Wet","Dawn","Police Checkpost",79,34,"Male","Valid","No","Bridge",1790,"Himachal Pradesh"
"Unknown",2020,"September","Friday",1899-12-30 11:11:00.000,"Minor",4,"Two-Wheeler",7,5,"Foggy","National Highway","Under Construction","Dark","None",52,70,"Female","Valid","No","Bridge",1794,"Punjab"
"Unknown",2023,"August","Tuesday",1899-12-30 18:40:00.000,"Minor",2,"Pedestrian",6,1,"Hazy","State Highway","Wet","Dawn","None",31,20,"Male","Valid","No","Bridge",1875,"Uttarakhand"
"Unknown",2022,"June","Saturday",1899-12-30 23:43:00.000,"Minor",5,"Auto-Rickshaw",2,0,"Clear","State Highway","Dry","Dark","Signals",78,58,"Female","Valid","No","Straight Road",1892,"Puducherry"
"Unknown",2019,"December","Wednesday",1899-12-30 18:24:00.000,"Minor",4,"Car",9,2,"Foggy","Urban Road","Wet","Dark","Police Checkpost",59,41,"Female","Valid","No","Straight Road",1917,"Manipur"
"Unknown",2022,"April","Sunday",1899-12-30 12:56:00.000,"Minor",1,"Truck",8,0,"Hazy","Village Road","Dry","Dark","Signals",61,29,"Male","Valid","Yes","Curve",1939,"Manipur"
"Unknown",2023,"March","Tuesday",1899-12-30 14:28:00.000,"Minor",4,"Truck",6,0,"Hazy","Village Road","Dry","Daylight","Police Checkpost",34,53,"Female","Valid","Yes","Bridge",1944,"Odisha"
"Unknown",2018,"December","Sunday",1899-12-30 17:19:00.000,"Minor",5,"Bus",1,3,"Hazy","Village Road","Wet","Dawn","Police Checkpost",34,42,"Male","Valid","No","Intersection",1958,"Manipur"
"Unknown",2020,"August","Sunday",1899-12-30 15:30:00.000,"Minor",1,"Auto-Rickshaw",3,3,"Clear","Village Road","Damaged","Dawn","Police Checkpost",70,27,"Male","Valid","Yes","Intersection",1967,"Haryana"
"Unknown",2018,"February","Tuesday",1899-12-30 07:25:00.000,"Minor",3,"Truck",5,2,"Clear","National Highway","Under Construction","Dusk","Police Checkpost",65,59,"Female","Valid","No","Curve",1979,"Goa"
"Unknown",2022,"June","Sunday",1899-12-30 15:11:00.000,"Minor",1,"Truck",1,0,"Rainy","National Highway","Damaged","Dawn","Signs",42,67,"Male","Valid","No","Intersection",1983,"Uttarakhand"
"Unknown",2018,"June","Thursday",1899-12-30 14:58:00.000,"Minor",5,"Auto-Rickshaw",9,2,"Foggy","State Highway","Under Construction","Dawn","Signals",97,55,"Female","Valid","No","Straight Road",1998,"Madhya Pradesh"
"Unknown",2020,"July","Wednesday",1899-12-30 22:14:00.000,"Minor",5,"Two-Wheeler",2,5,"Hazy","National Highway","Dry","Dawn","Police Checkpost",35,29,"Male","Valid","No","Curve",2005,"Arunachal Pradesh"
"Unknown",2023,"December","Saturday",1899-12-30 14:42:00.000,"Minor",3,"Pedestrian",5,1,"Foggy","National Highway","Under Construction","Dawn","None",74,19,"Female","Valid","Yes","Intersection",2009,"Nagaland"
"Unknown",2020,"July","Thursday",1899-12-30 12:43:00.000,"Minor",3,"Auto-Rickshaw",0,2,"Foggy","Urban Road","Damaged","Daylight","Signals",41,62,"Male","Valid","Yes","Straight Road",2045,"Mizoram"
"Unknown",2020,"January","Wednesday",1899-12-30 07:24:00.000,"Minor",5,"Two-Wheeler",0,3,"Clear","Village Road","Under Construction","Dark","None",98,25,"Female","Valid","No","Intersection",2047,"Chhattisgarh"
"Unknown",2023,"April","Thursday",1899-12-30 04:30:00.000,"Minor",4,"Auto-Rickshaw",2,5,"Rainy","State Highway","Wet","Dark","None",117,52,"Male","Valid","Yes","Curve",2050,"Uttarakhand"
"Unknown",2018,"February","Thursday",1899-12-30 23:59:00.000,"Minor",5,"Truck",7,0,"Rainy","State Highway","Damaged","Daylight","Police Checkpost",116,37,"Female","Valid","No","Intersection",2052,"Goa"
"Unknown",2020,"January","Sunday",1899-12-30 08:05:00.000,"Minor",4,"Two-Wheeler",6,5,"Clear","National Highway","Damaged","Dawn","None",100,19,"Male","Valid","No","Curve",2070,"Madhya Pradesh"
"Unknown",2023,"November","Monday",1899-12-30 06:32:00.000,"Minor",3,"Pedestrian",0,5,"Foggy","Urban Road","Wet","Dark","Signs",106,58,"Female","Valid","No","Bridge",2072,"Haryana"
"Unknown",2020,"August","Saturday",1899-12-30 07:53:00.000,"Minor",5,"Bus",6,4,"Rainy","State Highway","Under Construction","Dusk","None",35,31,"Female","Valid","Yes","Intersection",2074,"Nagaland"
"Unknown",2018,"November","Friday",1899-12-30 04:30:00.000,"Minor",4,"Bus",9,3,"Clear","State Highway","Wet","Dawn","Signs",108,46,"Female","Valid","No","Bridge",2085,"Mizoram"
"Unknown",2021,"July","Thursday",1899-12-30 19:12:00.000,"Minor",1,"Auto-Rickshaw",4,5,"Rainy","Village Road","Damaged","Dawn","Signs",45,32,"Male","Valid","Yes","Intersection",2103,"Assam"
"Unknown",2023,"November","Wednesday",1899-12-30 03:54:00.000,"Minor",4,"Pedestrian",2,4,"Hazy","National Highway","Damaged","Dawn","Signs",107,51,"Male","Valid","Yes","Curve",2104,"Madhya Pradesh"
"Unknown",2023,"May","Tuesday",1899-12-30 16:59:00.000,"Minor",4,"Two-Wheeler",3,4,"Clear","National Highway","Dry","Daylight","Signs",44,25,"Female","Valid","Yes","Bridge",2107,"Chandigarh"
"Unknown",2022,"August","Tuesday",1899-12-30 02:47:00.000,"Minor",4,"Truck",0,3,"Foggy","Village Road","Wet","Dawn","Signals",103,27,"Female","Valid","Yes","Curve",2108,"Arunachal Pradesh"
"Unknown",2021,"January","Saturday",1899-12-30 17:04:00.000,"Minor",1,"Truck",1,0,"Rainy","National Highway","Under Construction","Daylight","Police Checkpost",101,41,"Male","Valid","No","Intersection",2124,"Meghalaya"
"Unknown",2023,"August","Wednesday",1899-12-30 13:16:00.000,"Minor",1,"Cycle",10,4,"Hazy","National Highway","Dry","Dark","Signals",99,54,"Female","Valid","Yes","Intersection",2125,"Punjab"
"Unknown",2019,"August","Saturday",1899-12-30 13:29:00.000,"Minor",1,"Truck",5,1,"Foggy","State Highway","Wet","Dark","Signs",87,21,"Female","Valid","Yes","Bridge",2130,"Jammu and Kashmir"
"Unknown",2020,"March","Monday",1899-12-30 06:27:00.000,"Minor",2,"Cycle",2,3,"Clear","Urban Road","Wet","Daylight","Police Checkpost",98,54,"Male","Valid","No","Bridge",2153,"Himachal Pradesh"
"Unknown",2023,"October","Thursday",1899-12-30 10:36:00.000,"Minor",2,"Pedestrian",8,1,"Clear","Urban Road","Dry","Dusk","Police Checkpost",44,51,"Male","Valid","Yes","Intersection",2187,"Puducherry"
"Unknown",2018,"May","Saturday",1899-12-30 17:09:00.000,"Minor",1,"Pedestrian",0,1,"Rainy","Village Road","Damaged","Dawn","Signals",88,21,"Male","Valid","No","Intersection",2188,"Puducherry"
"Unknown",2022,"October","Monday",1899-12-30 22:28:00.000,"Minor",3,"Auto-Rickshaw",2,5,"Foggy","National Highway","Under Construction","Dawn","Signals",82,63,"Female","Valid","No","Curve",2208,"Jharkhand"
"Unknown",2021,"August","Thursday",1899-12-30 12:39:00.000,"Minor",4,"Car",9,4,"Rainy","State Highway","Under Construction","Dusk","Police Checkpost",36,57,"Male","Valid","Yes","Intersection",2213,"Goa"
"Unknown",2023,"August","Sunday",1899-12-30 22:58:00.000,"Minor",1,"Cycle",0,3,"Hazy","Village Road","Under Construction","Dawn","Signals",89,34,"Female","Valid","Yes","Bridge",2236,"Assam"
"Unknown",2021,"December","Friday",1899-12-30 18:49:00.000,"Minor",5,"Bus",10,5,"Clear","National Highway","Dry","Dawn","Signals",36,24,"Male","Valid","Yes","Bridge",2291,"Sikkim"
"Unknown",2018,"August","Thursday",1899-12-30 08:26:00.000,"Minor",4,"Auto-Rickshaw",3,1,"Clear","Village Road","Wet","Dark","None",48,29,"Female","Valid","Yes","Bridge",2324,"Sikkim"
"Unknown",2022,"May","Friday",1899-12-30 23:48:00.000,"Minor",5,"Pedestrian",8,3,"Foggy","State Highway","Wet","Dawn","Signs",96,39,"Female","Valid","Yes","Intersection",2328,"Haryana"
"Unknown",2022,"August","Wednesday",1899-12-30 00:38:00.000,"Minor",3,"Two-Wheeler",9,3,"Rainy","Village Road","Under Construction","Dusk","None",103,60,"Female","Valid","No","Intersection",2351,"Assam"
"Unknown",2023,"March","Tuesday",1899-12-30 01:36:00.000,"Minor",1,"Auto-Rickshaw",6,1,"Hazy","Village Road","Wet","Dawn","Police Checkpost",47,65,"Male","Valid","No","Straight Road",2367,"Chhattisgarh"
"Unknown",2019,"August","Thursday",1899-12-30 03:52:00.000,"Minor",3,"Truck",6,1,"Hazy","State Highway","Wet","Dawn","Police Checkpost",107,20,"Female","Valid","No","Intersection",2389,"Uttarakhand"
"Unknown",2020,"October","Saturday",1899-12-30 10:45:00.000,"Minor",4,"Auto-Rickshaw",0,1,"Hazy","National Highway","Wet","Dusk","Signals",35,43,"Female","Valid","No","Curve",2405,"Chhattisgarh"
"Unknown",2021,"March","Thursday",1899-12-30 03:08:00.000,"Minor",4,"Car",4,5,"Clear","Village Road","Dry","Dusk","Police Checkpost",97,48,"Male","Valid","Yes","Bridge",2409,"Uttarakhand"
"Unknown",2018,"June","Tuesday",1899-12-30 08:30:00.000,"Minor",2,"Pedestrian",10,2,"Foggy","National Highway","Damaged","Dark","None",49,67,"Female","Valid","No","Straight Road",2410,"Puducherry"
"Unknown",2023,"June","Thursday",1899-12-30 08:19:00.000,"Minor",4,"Two-Wheeler",5,1,"Rainy","Urban Road","Under Construction","Dark","Police Checkpost",72,65,"Female","Valid","Yes","Curve",2420,"Mizoram"
"Unknown",2022,"September","Friday",1899-12-30 17:58:00.000,"Minor",3,"Pedestrian",8,4,"Rainy","Village Road","Under Construction","Dark","Signals",67,35,"Male","Valid","No","Intersection",2428,"Chhattisgarh"
"Unknown",2019,"August","Thursday",1899-12-30 23:56:00.000,"Minor",5,"Truck",9,4,"Foggy","National Highway","Dry","Dusk","Police Checkpost",73,19,"Male","Valid","No","Curve",2434,"Tripura"
"Unknown",2023,"May","Monday",1899-12-30 11:33:00.000,"Minor",5,"Two-Wheeler",4,5,"Rainy","Urban Road","Under Construction","Dusk","Signals",30,34,"Male","Valid","No","Intersection",2451,"Meghalaya"
"Unknown",2021,"September","Monday",1899-12-30 15:01:00.000,"Minor",2,"Auto-Rickshaw",10,2,"Foggy","Urban Road","Under Construction","Daylight","Signals",60,23,"Male","Valid","Yes","Bridge",2490,"Manipur"
"Unknown",2022,"July","Sunday",1899-12-30 09:27:00.000,"Minor",3,"Cycle",8,1,"Clear","Urban Road","Wet","Dusk","Signs",96,25,"Female","Valid","Yes","Bridge",2497,"Kerala"
"Unknown",2021,"November","Tuesday",1899-12-30 21:38:00.000,"Minor",2,"Auto-Rickshaw",7,3,"Clear","National Highway","Dry","Dark","None",50,43,"Female","Valid","Yes","Straight Road",2520,"Sikkim"
"Unknown",2023,"January","Sunday",1899-12-30 06:01:00.000,"Minor",4,"Bus",6,3,"Rainy","Village Road","Dry","Dusk","Signals",107,53,"Male","Valid","No","Bridge",2525,"Bihar"
"Unknown",2023,"November","Saturday",1899-12-30 21:48:00.000,"Minor",4,"Pedestrian",6,3,"Clear","Urban Road","Damaged","Daylight","None",82,19,"Female","Valid","Yes","Intersection",2555,"Madhya Pradesh"
"Unknown",2018,"March","Sunday",1899-12-30 11:58:00.000,"Minor",2,"Bus",7,0,"Clear","National Highway","Wet","Dark","None",63,57,"Female","Valid","No","Intersection",2569,"Goa"
"Unknown",2022,"December","Thursday",1899-12-30 01:48:00.000,"Minor",5,"Truck",10,3,"Foggy","Village Road","Under Construction","Dawn","Signals",58,51,"Male","Valid","Yes","Curve",2579,"Nagaland"
"Unknown",2021,"April","Wednesday",1899-12-30 02:34:00.000,"Minor",2,"Pedestrian",6,2,"Hazy","State Highway","Under Construction","Dawn","Signs",88,23,"Female","Valid","Yes","Curve",2603,"Jammu and Kashmir"
"Unknown",2019,"October","Wednesday",1899-12-30 06:29:00.000,"Minor",1,"Pedestrian",9,3,"Hazy","Village Road","Wet","Dusk","Signals",65,47,"Female","Valid","Yes","Straight Road",2604,"Jammu and Kashmir"
"Unknown",2019,"December","Wednesday",1899-12-30 10:34:00.000,"Minor",5,"Truck",3,1,"Hazy","Urban Road","Wet","Dark","Signs",42,42,"Female","Valid","Yes","Straight Road",2626,"Jharkhand"
"Unknown",2018,"October","Sunday",1899-12-30 19:28:00.000,"Minor",5,"Two-Wheeler",1,5,"Rainy","National Highway","Dry","Dawn","Signs",76,47,"Female","Valid","Yes","Straight Road",2632,"Tripura"
"Unknown",2020,"December","Thursday",1899-12-30 03:43:00.000,"Minor",5,"Bus",1,2,"Clear","Urban Road","Wet","Dusk","None",97,55,"Female","Valid","No","Bridge",2647,"Kerala"
"Unknown",2019,"September","Saturday",1899-12-30 05:24:00.000,"Minor",3,"Pedestrian",7,3,"Clear","Village Road","Dry","Dawn","Signals",48,45,"Male","Valid","No","Intersection",2657,"Uttarakhand"
"Unknown",2019,"September","Wednesday",1899-12-30 18:52:00.000,"Minor",4,"Pedestrian",1,3,"Rainy","Urban Road","Wet","Daylight","None",109,66,"Male","Valid","Yes","Curve",2667,"Himachal Pradesh"
"Unknown",2023,"February","Friday",1899-12-30 12:16:00.000,"Minor",4,"Car",5,0,"Hazy","State Highway","Wet","Daylight","Signals",68,52,"Male","Valid","Yes","Curve",2683,"Himachal Pradesh"
"Unknown",2020,"February","Wednesday",1899-12-30 09:05:00.000,"Minor",1,"Cycle",0,5,"Foggy","Urban Road","Under Construction","Dusk","None",46,21,"Female","Valid","No","Straight Road",2696,"Arunachal Pradesh"
"Unknown",2020,"December","Saturday",1899-12-30 15:42:00.000,"Minor",1,"Pedestrian",9,1,"Clear","State Highway","Under Construction","Dawn","Signs",38,67,"Female","Valid","Yes","Straight Road",2697,"Madhya Pradesh"
"Unknown",2019,"November","Saturday",1899-12-30 20:50:00.000,"Minor",2,"Two-Wheeler",9,3,"Rainy","National Highway","Damaged","Dusk","Police Checkpost",69,29,"Male","Valid","No","Straight Road",2717,"Tripura"
"Unknown",2022,"October","Saturday",1899-12-30 03:11:00.000,"Minor",1,"Pedestrian",3,0,"Hazy","State Highway","Dry","Dawn","Signals",77,70,"Female","Valid","Yes","Bridge",2722,"Meghalaya"
"Unknown",2021,"September","Tuesday",1899-12-30 23:04:00.000,"Minor",3,"Two-Wheeler",6,5,"Hazy","National Highway","Damaged","Dusk","Police Checkpost",30,23,"Male","Valid","No","Bridge",2725,"Chandigarh"
"Unknown",2023,"August","Sunday",1899-12-30 01:47:00.000,"Minor",1,"Two-Wheeler",2,3,"Clear","Village Road","Damaged","Dark","Police Checkpost",44,59,"Female","Valid","No","Bridge",2731,"Mizoram"
"Unknown",2019,"May","Saturday",1899-12-30 01:23:00.000,"Minor",3,"Bus",2,1,"Foggy","Village Road","Damaged","Dusk","Signs",36,49,"Female","Valid","No","Curve",2739,"Meghalaya"
"Unknown",2020,"December","Friday",1899-12-30 06:44:00.000,"Minor",4,"Truck",3,0,"Hazy","National Highway","Damaged","Dark","None",100,44,"Female","Valid","Yes","Curve",2742,"Jharkhand"
"Unknown",2022,"March","Friday",1899-12-30 08:03:00.000,"Minor",3,"Truck",9,2,"Clear","State Highway","Wet","Daylight","Police Checkpost",89,25,"Female","Valid","No","Bridge",2743,"Jharkhand"
"Unknown",2021,"November","Sunday",1899-12-30 20:21:00.000,"Minor",4,"Car",2,1,"Rainy","National Highway","Under Construction","Dawn","None",30,56,"Male","Valid","Yes","Curve",2766,"Odisha"
"Unknown",2022,"March","Tuesday",1899-12-30 04:27:00.000,"Minor",4,"Two-Wheeler",9,3,"Foggy","National Highway","Wet","Daylight","Signals",61,24,"Female","Valid","No","Intersection",2771,"Puducherry"
"Unknown",2023,"October","Monday",1899-12-30 00:52:00.000,"Minor",1,"Two-Wheeler",1,1,"Rainy","Village Road","Damaged","Daylight","None",51,32,"Male","Valid","No","Curve",2786,"Kerala"
"Unknown",2022,"January","Saturday",1899-12-30 11:23:00.000,"Minor",4,"Two-Wheeler",10,0,"Clear","National Highway","Dry","Daylight","Signs",60,25,"Male","Valid","No","Intersection",2795,"Manipur"
"Unknown",2022,"November","Tuesday",1899-12-30 04:26:00.000,"Minor",3,"Car",2,3,"Clear","Urban Road","Under Construction","Dawn","Signs",105,55,"Male","Valid","Yes","Bridge",2809,"Uttarakhand"
"Unknown",2019,"March","Wednesday",1899-12-30 06:55:00.000,"Minor",5,"Bus",6,3,"Rainy","State Highway","Damaged","Daylight","None",72,70,"Female","Valid","Yes","Straight Road",2812,"Jharkhand"
"Unknown",2020,"July","Monday",1899-12-30 17:16:00.000,"Minor",4,"Cycle",1,5,"Hazy","Village Road","Under Construction","Dark","None",98,62,"Male","Valid","Yes","Straight Road",2814,"Odisha"
"Unknown",2020,"November","Monday",1899-12-30 02:38:00.000,"Minor",1,"Cycle",6,3,"Foggy","Urban Road","Damaged","Dusk","Signals",70,65,"Female","Valid","Yes","Intersection",2857,"Puducherry"
"Unknown",2022,"January","Tuesday",1899-12-30 21:49:00.000,"Minor",1,"Car",1,2,"Clear","State Highway","Dry","Daylight","Signs",94,40,"Female","Valid","Yes","Intersection",2894,"Bihar"
"Unknown",2023,"August","Monday",1899-12-30 09:59:00.000,"Minor",1,"Truck",7,3,"Rainy","Village Road","Under Construction","Dark","Signs",65,64,"Female","Valid","Yes","Bridge",2984,"Chandigarh"
"Unknown",2018,"June","Friday",1899-12-30 22:52:00.000,"Minor",4,"Bus",0,3,"Hazy","National Highway","Under Construction","Dawn","Signals",119,30,"Female","Valid","No","Curve",2989,"Meghalaya"
"Unknown",2021,"January","Thursday",1899-12-30 19:34:00.000,"Minor",2,"Two-Wheeler",8,5,"Rainy","National Highway","Dry","Dark","Signs",47,57,"Female","Valid","Yes","Intersection",2998,"Meghalaya"
"Unknown",2020,"June","Wednesday",1899-12-30 06:47:00.000,"Serious",5,"Car",0,0,"Foggy","State Highway","Wet","Dusk","Signals",98,44,"Female","Valid","No","Bridge",14,"Bihar"
"Unknown",2021,"August","Friday",1899-12-30 18:57:00.000,"Serious",3,"Bus",6,3,"Foggy","National Highway","Wet","Dawn","Police Checkpost",47,54,"Male","Valid","No","Intersection",15,"Telangana"
"Unknown",2023,"November","Wednesday",1899-12-30 10:51:00.000,"Serious",3,"Auto-Rickshaw",7,1,"Rainy","National Highway","Under Construction","Dawn","Signs",80,55,"Male","Valid","Yes","Bridge",19,"Sikkim"
"Unknown",2022,"February","Wednesday",1899-12-30 01:35:00.000,"Serious",2,"Car",10,3,"Hazy","Urban Road","Dry","Dusk","Signs",55,41,"Female","Valid","No","Straight Road",22,"Puducherry"
"Unknown",2022,"February","Monday",1899-12-30 06:20:00.000,"Serious",1,"Truck",4,1,"Hazy","Urban Road","Under Construction","Dusk","Signs",59,60,"Male","Valid","No","Straight Road",40,"Meghalaya"
"Unknown",2022,"February","Sunday",1899-12-30 10:52:00.000,"Serious",1,"Truck",8,1,"Foggy","National Highway","Damaged","Dawn","Signs",104,42,"Male","Valid","No","Curve",45,"Tripura"
"Unknown",2021,"April","Saturday",1899-12-30 05:38:00.000,"Serious",4,"Pedestrian",6,4,"Foggy","State Highway","Dry","Dusk","Signals",37,22,"Male","Valid","Yes","Intersection",55,"Chhattisgarh"
"Unknown",2018,"April","Monday",1899-12-30 07:09:00.000,"Serious",3,"Two-Wheeler",8,3,"Foggy","State Highway","Dry","Dawn","None",70,62,"Female","Valid","Yes","Bridge",60,"Chhattisgarh"
"Unknown",2019,"August","Saturday",1899-12-30 10:54:00.000,"Serious",3,"Bus",3,2,"Foggy","National Highway","Wet","Dawn","Signs",90,66,"Male","Valid","No","Intersection",66,"Telangana"
"Unknown",2022,"February","Wednesday",1899-12-30 04:31:00.000,"Serious",5,"Cycle",10,5,"Hazy","Urban Road","Under Construction","Dark","Police Checkpost",30,39,"Male","Valid","No","Bridge",126,"Puducherry"
"Unknown",2022,"September","Thursday",1899-12-30 22:07:00.000,"Serious",2,"Car",0,5,"Foggy","State Highway","Wet","Dark","None",107,45,"Female","Valid","No","Bridge",137,"Sikkim"
"Unknown",2019,"July","Friday",1899-12-30 20:20:00.000,"Serious",1,"Car",1,5,"Hazy","Urban Road","Wet","Dawn","Signs",53,18,"Female","Valid","No","Intersection",140,"Telangana"
"Unknown",2019,"November","Thursday",1899-12-30 10:31:00.000,"Serious",1,"Car",1,0,"Stormy","State Highway","Dry","Daylight","Police Checkpost",117,21,"Male","Valid","No","Curve",143,"Madhya Pradesh"
"Unknown",2019,"August","Thursday",1899-12-30 17:40:00.000,"Serious",3,"Truck",2,0,"Clear","Urban Road","Dry","Dusk","Police Checkpost",64,36,"Male","Valid","Yes","Curve",169,"Chandigarh"
"Unknown",2020,"January","Sunday",1899-12-30 23:22:00.000,"Serious",5,"Cycle",4,4,"Foggy","Urban Road","Damaged","Dark","Signs",99,58,"Female","Valid","No","Curve",183,"Assam"
"Unknown",2018,"June","Saturday",1899-12-30 05:53:00.000,"Serious",2,"Two-Wheeler",3,2,"Rainy","State Highway","Wet","Dusk","Police Checkpost",40,48,"Female","Valid","Yes","Curve",186,"Sikkim"
"Unknown",2020,"August","Sunday",1899-12-30 14:42:00.000,"Serious",5,"Two-Wheeler",6,1,"Hazy","Urban Road","Under Construction","Dawn","None",34,38,"Female","Valid","No","Straight Road",205,"Madhya Pradesh"
"Unknown",2019,"February","Thursday",1899-12-30 08:19:00.000,"Serious",2,"Cycle",8,2,"Clear","Village Road","Under Construction","Dusk","Signs",84,66,"Male","Valid","No","Curve",208,"Madhya Pradesh"
"Unknown",2022,"May","Wednesday",1899-12-30 17:08:00.000,"Serious",5,"Pedestrian",9,1,"Hazy","Village Road","Damaged","Daylight","Signals",120,28,"Female","Valid","Yes","Intersection",221,"Manipur"
"Unknown",2023,"April","Monday",1899-12-30 09:22:00.000,"Serious",2,"Two-Wheeler",6,5,"Rainy","State Highway","Damaged","Dark","Signals",118,25,"Male","Valid","No","Bridge",240,"Jharkhand"
"Unknown",2020,"August","Monday",1899-12-30 08:31:00.000,"Serious",1,"Pedestrian",6,2,"Hazy","State Highway","Wet","Daylight","Signals",46,37,"Male","Valid","Yes","Bridge",244,"Jharkhand"
"Unknown",2022,"October","Tuesday",1899-12-30 00:07:00.000,"Serious",4,"Pedestrian",10,0,"Stormy","State Highway","Under Construction","Dawn","Signs",66,23,"Female","Valid","No","Curve",248,"Kerala"
"Unknown",2022,"August","Monday",1899-12-30 23:32:00.000,"Serious",3,"Auto-Rickshaw",1,3,"Clear","Urban Road","Under Construction","Dark","Signs",66,54,"Male","Valid","Yes","Bridge",261,"Uttarakhand"
"Unknown",2020,"June","Tuesday",1899-12-30 01:08:00.000,"Serious",5,"Car",4,1,"Stormy","Village Road","Damaged","Dusk","None",37,68,"Male","Valid","No","Straight Road",265,"Himachal Pradesh"
"Unknown",2019,"May","Friday",1899-12-30 12:00:00.000,"Serious",3,"Two-Wheeler",0,2,"Rainy","Village Road","Under Construction","Dawn","None",60,34,"Female","Valid","Yes","Intersection",267,"Goa"
"Unknown",2021,"March","Sunday",1899-12-30 04:08:00.000,"Serious",3,"Bus",8,1,"Foggy","National Highway","Damaged","Dawn","Signals",116,24,"Male","Valid","No","Curve",272,"Meghalaya"
"Unknown",2020,"July","Wednesday",1899-12-30 12:46:00.000,"Serious",2,"Two-Wheeler",1,2,"Rainy","Urban Road","Under Construction","Dusk","Police Checkpost",70,46,"Male","Valid","No","Intersection",279,"Jharkhand"
"Unknown",2022,"February","Thursday",1899-12-30 14:54:00.000,"Serious",5,"Cycle",8,1,"Clear","Village Road","Damaged","Dark","Signals",37,25,"Male","Valid","Yes","Bridge",291,"Haryana"
"Unknown",2018,"December","Saturday",1899-12-30 03:45:00.000,"Serious",5,"Auto-Rickshaw",3,3,"Clear","National Highway","Damaged","Dusk","None",72,37,"Male","Valid","Yes","Straight Road",293,"Arunachal Pradesh"
"Unknown",2019,"March","Thursday",1899-12-30 15:05:00.000,"Serious",1,"Car",6,0,"Hazy","State Highway","Dry","Dawn","Signs",90,69,"Female","Valid","No","Bridge",296,"Odisha"
"Unknown",2020,"January","Tuesday",1899-12-30 17:24:00.000,"Serious",4,"Auto-Rickshaw",5,4,"Hazy","Urban Road","Dry","Dark","None",111,37,"Female","Valid","Yes","Intersection",308,"Himachal Pradesh"
"Unknown",2019,"September","Saturday",1899-12-30 21:35:00.000,"Serious",5,"Auto-Rickshaw",10,4,"Rainy","Urban Road","Dry","Dusk","Signals",97,28,"Male","Valid","No","Straight Road",320,"Nagaland"
"Unknown",2020,"January","Friday",1899-12-30 04:11:00.000,"Serious",5,"Two-Wheeler",9,2,"Clear","Urban Road","Wet","Daylight","Signs",49,34,"Female","Valid","Yes","Straight Road",332,"Goa"
"Unknown",2019,"April","Sunday",1899-12-30 21:28:00.000,"Serious",2,"Two-Wheeler",0,2,"Rainy","State Highway","Under Construction","Daylight","Police Checkpost",109,21,"Male","Valid","Yes","Straight Road",334,"Sikkim"
"Unknown",2022,"April","Saturday",1899-12-30 08:40:00.000,"Serious",5,"Two-Wheeler",7,2,"Stormy","State Highway","Under Construction","Dawn","Police Checkpost",106,54,"Male","Valid","Yes","Bridge",342,"Kerala"
"Unknown",2019,"November","Thursday",1899-12-30 21:57:00.000,"Serious",2,"Car",10,2,"Rainy","National Highway","Damaged","Dark","Police Checkpost",118,42,"Male","Valid","Yes","Bridge",346,"Puducherry"
"Unknown",2018,"September","Friday",1899-12-30 05:04:00.000,"Serious",3,"Truck",9,5,"Foggy","State Highway","Wet","Dark","Signs",51,45,"Female","Valid","No","Curve",364,"Assam"
"Unknown",2019,"July","Wednesday",1899-12-30 06:56:00.000,"Serious",5,"Auto-Rickshaw",2,1,"Rainy","National Highway","Dry","Daylight","Signs",60,42,"Female","Valid","No","Bridge",369,"Himachal Pradesh"
"Unknown",2023,"December","Monday",1899-12-30 15:54:00.000,"Serious",5,"Pedestrian",2,0,"Hazy","State Highway","Under Construction","Dark","Police Checkpost",38,66,"Male","Valid","No","Straight Road",393,"Mizoram"
"Unknown",2019,"May","Saturday",1899-12-30 19:44:00.000,"Serious",1,"Bus",10,3,"Rainy","Urban Road","Damaged","Dusk","None",104,53,"Female","Valid","No","Bridge",396,"Odisha"
"Unknown",2021,"September","Sunday",1899-12-30 18:22:00.000,"Serious",1,"Bus",10,5,"Hazy","National Highway","Dry","Daylight","None",115,26,"Male","Valid","Yes","Intersection",407,"Arunachal Pradesh"
"Unknown",2020,"May","Friday",1899-12-30 03:47:00.000,"Serious",4,"Bus",5,4,"Clear","Urban Road","Damaged","Dawn","Signs",110,26,"Female","Valid","No","Bridge",408,"Kerala"
"Unknown",2020,"July","Sunday",1899-12-30 22:36:00.000,"Serious",2,"Two-Wheeler",10,3,"Clear","Urban Road","Damaged","Dark","None",61,46,"Female","Valid","No","Bridge",417,"Haryana"
"Unknown",2022,"November","Sunday",1899-12-30 17:12:00.000,"Serious",5,"Car",3,1,"Clear","National Highway","Wet","Dusk","Signals",77,45,"Female","Valid","Yes","Bridge",449,"Tripura"
"Unknown",2023,"February","Wednesday",1899-12-30 09:48:00.000,"Serious",3,"Truck",0,3,"Stormy","Village Road","Wet","Dusk","Signs",61,61,"Male","Valid","No","Straight Road",463,"Jammu and Kashmir"
"Unknown",2020,"October","Thursday",1899-12-30 03:27:00.000,"Serious",2,"Auto-Rickshaw",1,2,"Rainy","Urban Road","Under Construction","Dusk","Signals",40,56,"Female","Valid","Yes","Intersection",483,"Chhattisgarh"
"Unknown",2023,"August","Wednesday",1899-12-30 19:58:00.000,"Serious",3,"Truck",5,3,"Clear","National Highway","Dry","Dark","None",30,50,"Male","Valid","Yes","Curve",488,"Bihar"
"Unknown",2021,"May","Thursday",1899-12-30 08:14:00.000,"Serious",4,"Two-Wheeler",8,0,"Clear","State Highway","Under Construction","Dusk","Police Checkpost",76,26,"Female","Valid","Yes","Curve",493,"Kerala"
"Unknown",2019,"December","Monday",1899-12-30 14:00:00.000,"Serious",5,"Auto-Rickshaw",4,3,"Foggy","Village Road","Damaged","Dawn","Signs",81,50,"Female","Valid","Yes","Straight Road",495,"Assam"
"Unknown",2021,"June","Sunday",1899-12-30 08:25:00.000,"Serious",2,"Truck",0,4,"Hazy","National Highway","Dry","Daylight","None",30,34,"Male","Valid","Yes","Bridge",504,"Uttarakhand"
"Unknown",2019,"October","Monday",1899-12-30 16:38:00.000,"Serious",5,"Car",0,5,"Rainy","Urban Road","Under Construction","Daylight","Signals",47,26,"Male","Valid","Yes","Bridge",510,"Assam"
"Unknown",2022,"October","Friday",1899-12-30 09:29:00.000,"Serious",1,"Two-Wheeler",8,1,"Clear","Urban Road","Under Construction","Daylight","Signs",67,21,"Female","Valid","No","Straight Road",540,"Assam"
"Unknown",2018,"December","Monday",1899-12-30 01:56:00.000,"Serious",4,"Cycle",2,1,"Clear","Village Road","Dry","Dark","None",87,68,"Male","Valid","No","Straight Road",541,"Kerala"
"Unknown",2023,"March","Saturday",1899-12-30 19:11:00.000,"Serious",1,"Truck",8,2,"Clear","Urban Road","Damaged","Daylight","None",45,48,"Female","Valid","No","Curve",554,"Nagaland"
"Unknown",2019,"December","Thursday",1899-12-30 01:26:00.000,"Serious",5,"Car",5,2,"Clear","National Highway","Under Construction","Dusk","Signs",72,30,"Male","Valid","No","Bridge",556,"Chandigarh"
"Unknown",2023,"April","Saturday",1899-12-30 21:45:00.000,"Serious",1,"Two-Wheeler",9,1,"Clear","Urban Road","Wet","Dawn","None",110,53,"Female","Valid","No","Straight Road",559,"Haryana"
"Unknown",2022,"June","Friday",1899-12-30 02:12:00.000,"Serious",2,"Cycle",9,4,"Foggy","National Highway","Dry","Dawn","Signals",103,48,"Male","Valid","Yes","Intersection",586,"Telangana"
"Unknown",2020,"December","Monday",1899-12-30 15:14:00.000,"Serious",3,"Car",0,4,"Hazy","Urban Road","Dry","Dark","None",98,42,"Male","Valid","Yes","Intersection",598,"Arunachal Pradesh"
"Unknown",2023,"June","Friday",1899-12-30 07:24:00.000,"Serious",2,"Truck",2,5,"Stormy","National Highway","Wet","Dark","Signs",111,43,"Female","Valid","Yes","Straight Road",604,"Goa"
"Unknown",2021,"May","Monday",1899-12-30 08:36:00.000,"Serious",2,"Car",9,3,"Stormy","State Highway","Under Construction","Daylight","Signs",41,46,"Female","Valid","Yes","Intersection",620,"Uttarakhand"
"Unknown",2019,"January","Tuesday",1899-12-30 08:49:00.000,"Serious",4,"Two-Wheeler",5,4,"Stormy","Village Road","Wet","Dusk","Signals",63,65,"Male","Valid","No","Bridge",631,"Jharkhand"
"Unknown",2023,"May","Monday",1899-12-30 04:24:00.000,"Serious",5,"Car",0,3,"Stormy","National Highway","Damaged","Dawn","Signs",67,18,"Female","Valid","Yes","Straight Road",640,"Chandigarh"
"Unknown",2021,"October","Thursday",1899-12-30 18:15:00.000,"Serious",2,"Cycle",5,4,"Stormy","National Highway","Wet","Dawn","Police Checkpost",36,67,"Male","Valid","Yes","Straight Road",644,"Sikkim"
"Unknown",2022,"October","Saturday",1899-12-30 20:53:00.000,"Serious",1,"Cycle",1,4,"Foggy","State Highway","Dry","Dark","Police Checkpost",75,46,"Female","Valid","Yes","Curve",648,"Arunachal Pradesh"
"Unknown",2023,"April","Wednesday",1899-12-30 20:45:00.000,"Serious",1,"Truck",9,1,"Rainy","Village Road","Wet","Dusk","Police Checkpost",90,19,"Male","Valid","No","Intersection",666,"Madhya Pradesh"
"Unknown",2018,"November","Friday",1899-12-30 09:58:00.000,"Serious",1,"Car",8,0,"Foggy","State Highway","Under Construction","Dusk","None",102,61,"Female","Valid","Yes","Intersection",677,"Assam"
"Unknown",2021,"January","Tuesday",1899-12-30 23:08:00.000,"Serious",5,"Auto-Rickshaw",5,3,"Stormy","National Highway","Damaged","Dusk","Police Checkpost",62,36,"Male","Valid","No","Intersection",685,"Chandigarh"
"Unknown",2022,"April","Monday",1899-12-30 14:43:00.000,"Serious",2,"Car",1,1,"Clear","Village Road","Damaged","Dawn","Police Checkpost",49,49,"Male","Valid","Yes","Bridge",691,"Madhya Pradesh"
"Unknown",2022,"January","Thursday",1899-12-30 10:48:00.000,"Serious",2,"Bus",1,2,"Rainy","Urban Road","Under Construction","Dusk","Police Checkpost",90,19,"Male","Valid","No","Bridge",699,"Goa"
"Unknown",2019,"November","Wednesday",1899-12-30 13:02:00.000,"Serious",4,"Cycle",5,3,"Hazy","National Highway","Dry","Dusk","Police Checkpost",65,18,"Male","Valid","No","Bridge",701,"Assam"
"Unknown",2022,"November","Thursday",1899-12-30 14:12:00.000,"Serious",2,"Bus",1,0,"Rainy","State Highway","Under Construction","Dawn","None",41,28,"Female","Valid","Yes","Curve",705,"Madhya Pradesh"
"Unknown",2019,"July","Saturday",1899-12-30 15:48:00.000,"Serious",3,"Two-Wheeler",7,3,"Stormy","National Highway","Damaged","Daylight","None",109,68,"Male","Valid","No","Bridge",707,"Telangana"
"Unknown",2022,"July","Monday",1899-12-30 16:40:00.000,"Serious",2,"Truck",4,2,"Hazy","National Highway","Wet","Daylight","None",94,68,"Female","Valid","No","Curve",709,"Chhattisgarh"
"Unknown",2018,"October","Tuesday",1899-12-30 16:43:00.000,"Serious",1,"Two-Wheeler",8,4,"Clear","Urban Road","Damaged","Dawn","None",39,58,"Male","Valid","Yes","Intersection",712,"Jharkhand"
"Unknown",2020,"March","Friday",1899-12-30 11:04:00.000,"Serious",2,"Auto-Rickshaw",3,2,"Hazy","National Highway","Damaged","Daylight","None",64,43,"Male","Valid","Yes","Intersection",715,"Bihar"
"Unknown",2019,"October","Tuesday",1899-12-30 09:19:00.000,"Serious",4,"Auto-Rickshaw",7,4,"Foggy","National Highway","Damaged","Daylight","None",108,31,"Female","Valid","No","Intersection",716,"Odisha"
"Unknown",2020,"July","Sunday",1899-12-30 14:45:00.000,"Serious",2,"Two-Wheeler",3,5,"Hazy","Village Road","Damaged","Dusk","Police Checkpost",67,59,"Female","Valid","Yes","Intersection",731,"Odisha"
"Unknown",2018,"September","Monday",1899-12-30 13:50:00.000,"Serious",3,"Pedestrian",1,0,"Foggy","National Highway","Damaged","Dark","Signals",66,33,"Male","Valid","No","Curve",739,"Chhattisgarh"
"Unknown",2022,"September","Tuesday",1899-12-30 01:27:00.000,"Serious",5,"Two-Wheeler",1,0,"Stormy","Village Road","Under Construction","Daylight","Signs",80,57,"Male","Valid","Yes","Curve",757,"Mizoram"
"Unknown",2019,"May","Tuesday",1899-12-30 21:59:00.000,"Serious",1,"Truck",5,5,"Clear","Village Road","Under Construction","Daylight","Signals",97,55,"Female","Valid","Yes","Curve",761,"Chandigarh"
"Unknown",2022,"April","Thursday",1899-12-30 03:40:00.000,"Serious",3,"Bus",1,3,"Foggy","National Highway","Dry","Dusk","Signs",43,65,"Male","Valid","No","Intersection",765,"Odisha"
"Unknown",2022,"July","Wednesday",1899-12-30 18:02:00.000,"Serious",2,"Truck",8,1,"Clear","Urban Road","Dry","Dark","None",78,22,"Male","Valid","No","Curve",797,"Sikkim"
"Unknown",2020,"July","Wednesday",1899-12-30 23:44:00.000,"Serious",1,"Cycle",7,4,"Rainy","State Highway","Wet","Dark","Signals",109,60,"Male","Valid","No","Curve",805,"Mizoram"
"Unknown",2019,"November","Wednesday",1899-12-30 21:30:00.000,"Serious",3,"Car",8,2,"Stormy","State Highway","Wet","Daylight","None",114,33,"Female","Valid","No","Bridge",838,"Goa"
"Unknown",2020,"June","Thursday",1899-12-30 22:16:00.000,"Serious",1,"Bus",8,2,"Foggy","Village Road","Dry","Dark","None",120,56,"Male","Valid","No","Straight Road",841,"Jharkhand"
"Unknown",2020,"June","Tuesday",1899-12-30 12:06:00.000,"Serious",4,"Cycle",10,2,"Foggy","State Highway","Wet","Dark","Police Checkpost",97,42,"Male","Valid","Yes","Curve",881,"Madhya Pradesh"
"Unknown",2023,"September","Wednesday",1899-12-30 15:22:00.000,"Serious",4,"Car",6,3,"Rainy","National Highway","Damaged","Dusk","None",113,64,"Male","Valid","Yes","Intersection",899,"Goa"
"Unknown",2018,"April","Friday",1899-12-30 15:50:00.000,"Serious",3,"Pedestrian",4,0,"Clear","Village Road","Under Construction","Dusk","None",119,70,"Male","Valid","Yes","Bridge",909,"Assam"
"Unknown",2022,"January","Sunday",1899-12-30 06:48:00.000,"Serious",3,"Cycle",3,1,"Hazy","Village Road","Damaged","Dusk","Signals",110,24,"Male","Valid","No","Straight Road",910,"Madhya Pradesh"
"Unknown",2021,"May","Saturday",1899-12-30 00:14:00.000,"Serious",5,"Auto-Rickshaw",5,3,"Clear","National Highway","Damaged","Dawn","Signals",99,27,"Male","Valid","Yes","Bridge",911,"Himachal Pradesh"
"Unknown",2022,"October","Tuesday",1899-12-30 00:22:00.000,"Serious",3,"Bus",0,1,"Rainy","Urban Road","Dry","Dusk","Signs",95,29,"Male","Valid","No","Intersection",924,"Jammu and Kashmir"
"Unknown",2020,"March","Sunday",1899-12-30 08:10:00.000,"Serious",4,"Bus",5,2,"Stormy","State Highway","Dry","Daylight","None",106,44,"Female","Valid","Yes","Curve",1013,"Haryana"
"Unknown",2019,"January","Tuesday",1899-12-30 01:32:00.000,"Serious",4,"Pedestrian",7,0,"Foggy","National Highway","Under Construction","Dusk","Signs",112,19,"Male","Valid","Yes","Intersection",1042,"Jammu and Kashmir"
"Unknown",2022,"November","Thursday",1899-12-30 05:31:00.000,"Serious",2,"Car",8,4,"Foggy","State Highway","Dry","Dawn","Signs",63,46,"Male","Valid","Yes","Curve",1050,"Odisha"
"Unknown",2018,"May","Saturday",1899-12-30 13:38:00.000,"Serious",3,"Auto-Rickshaw",5,1,"Foggy","State Highway","Damaged","Dark","Police Checkpost",109,23,"Male","Valid","No","Intersection",1054,"Manipur"
"Unknown",2018,"October","Sunday",1899-12-30 22:40:00.000,"Serious",4,"Car",7,1,"Hazy","Village Road","Damaged","Dawn","Police Checkpost",73,64,"Female","Valid","Yes","Bridge",1059,"Odisha"
"Unknown",2019,"August","Saturday",1899-12-30 21:50:00.000,"Serious",5,"Truck",3,4,"Stormy","State Highway","Damaged","Dusk","None",67,48,"Female","Valid","No","Curve",1065,"Tripura"
"Unknown",2021,"October","Thursday",1899-12-30 06:36:00.000,"Serious",3,"Two-Wheeler",7,4,"Hazy","National Highway","Under Construction","Dusk","None",40,53,"Female","Valid","No","Straight Road",1074,"Nagaland"
"Unknown",2019,"May","Sunday",1899-12-30 17:10:00.000,"Serious",2,"Two-Wheeler",7,4,"Foggy","Village Road","Under Construction","Dawn","Police Checkpost",108,45,"Female","Valid","No","Bridge",1091,"Jammu and Kashmir"
"Unknown",2023,"November","Wednesday",1899-12-30 21:38:00.000,"Serious",5,"Truck",7,3,"Rainy","Urban Road","Under Construction","Dawn","Police Checkpost",93,25,"Male","Valid","Yes","Straight Road",1095,"Kerala"
"Unknown",2022,"October","Friday",1899-12-30 08:07:00.000,"Serious",5,"Auto-Rickshaw",5,2,"Stormy","National Highway","Dry","Dusk","None",49,54,"Male","Valid","No","Curve",1126,"Jharkhand"
"Unknown",2021,"July","Friday",1899-12-30 23:32:00.000,"Serious",3,"Two-Wheeler",9,5,"Clear","Village Road","Wet","Daylight","None",116,62,"Female","Valid","No","Intersection",1132,"Kerala"
"Unknown",2019,"January","Sunday",1899-12-30 18:57:00.000,"Serious",4,"Two-Wheeler",5,2,"Rainy","Village Road","Dry","Dusk","Signs",74,38,"Female","Valid","Yes","Bridge",1178,"Uttarakhand"
"Unknown",2021,"August","Monday",1899-12-30 03:29:00.000,"Serious",5,"Two-Wheeler",4,2,"Rainy","Urban Road","Damaged","Dusk","Signals",35,26,"Male","Valid","No","Curve",1187,"Jharkhand"
"Unknown",2018,"June","Tuesday",1899-12-30 17:31:00.000,"Serious",5,"Truck",8,4,"Foggy","State Highway","Damaged","Dawn","Police Checkpost",52,29,"Male","Valid","Yes","Straight Road",1189,"Haryana"
"Unknown",2021,"April","Saturday",1899-12-30 21:34:00.000,"Serious",4,"Cycle",6,5,"Rainy","National Highway","Wet","Dark","Signs",65,61,"Male","Valid","No","Bridge",1201,"Manipur"
"Unknown",2020,"December","Tuesday",1899-12-30 12:16:00.000,"Serious",3,"Bus",6,4,"Stormy","Urban Road","Wet","Daylight","Signals",98,18,"Female","Valid","No","Straight Road",1206,"Uttarakhand"
"Unknown",2020,"September","Thursday",1899-12-30 10:50:00.000,"Serious",1,"Cycle",6,3,"Foggy","Urban Road","Damaged","Dark","None",89,18,"Female","Valid","No","Straight Road",1208,"Uttarakhand"
"Unknown",2019,"August","Friday",1899-12-30 13:31:00.000,"Serious",1,"Pedestrian",2,3,"Foggy","National Highway","Dry","Daylight","Police Checkpost",86,66,"Female","Valid","Yes","Straight Road",1215,"Jammu and Kashmir"
"Unknown",2018,"September","Thursday",1899-12-30 06:23:00.000,"Serious",1,"Bus",5,1,"Stormy","National Highway","Under Construction","Daylight","Signals",85,65,"Female","Valid","Yes","Intersection",1217,"Bihar"
"Unknown",2020,"January","Thursday",1899-12-30 08:01:00.000,"Serious",3,"Pedestrian",5,5,"Clear","Urban Road","Under Construction","Dusk","Police Checkpost",73,20,"Male","Valid","No","Straight Road",1220,"Kerala"
"Unknown",2020,"December","Thursday",1899-12-30 10:47:00.000,"Serious",5,"Bus",9,5,"Stormy","Village Road","Damaged","Daylight","Signals",35,59,"Female","Valid","Yes","Curve",1221,"Puducherry"
"Unknown",2019,"December","Saturday",1899-12-30 00:50:00.000,"Serious",1,"Truck",2,2,"Clear","Urban Road","Wet","Dark","Signs",71,62,"Female","Valid","Yes","Bridge",1230,"Mizoram"
"Unknown",2022,"June","Sunday",1899-12-30 00:24:00.000,"Serious",2,"Bus",4,3,"Hazy","State Highway","Damaged","Dawn","None",88,34,"Male","Valid","Yes","Curve",1236,"Punjab"
"Unknown",2020,"October","Friday",1899-12-30 18:07:00.000,"Serious",3,"Bus",8,3,"Clear","Urban Road","Under Construction","Dawn","Signs",89,34,"Female","Valid","Yes","Intersection",1239,"Puducherry"
"Unknown",2023,"March","Tuesday",1899-12-30 00:00:00.000,"Serious",2,"Car",9,1,"Clear","Village Road","Dry","Dawn","Police Checkpost",37,40,"Female","Valid","Yes","Straight Road",1254,"Puducherry"
"Unknown",2023,"October","Thursday",1899-12-30 14:58:00.000,"Serious",1,"Car",7,1,"Hazy","National Highway","Under Construction","Daylight","Police Checkpost",56,63,"Male","Valid","Yes","Curve",1257,"Manipur"
"Unknown",2018,"September","Sunday",1899-12-30 21:46:00.000,"Serious",1,"Cycle",2,3,"Foggy","National Highway","Dry","Dawn","Signals",67,38,"Male","Valid","Yes","Bridge",1262,"Haryana"
"Unknown",2019,"April","Tuesday",1899-12-30 17:42:00.000,"Serious",5,"Auto-Rickshaw",8,0,"Stormy","Urban Road","Damaged","Dawn","Signs",99,42,"Male","Valid","Yes","Straight Road",1266,"Jharkhand"
"Unknown",2023,"September","Tuesday",1899-12-30 08:59:00.000,"Serious",5,"Two-Wheeler",1,4,"Rainy","Village Road","Damaged","Dark","None",115,44,"Male","Valid","Yes","Intersection",1284,"Chandigarh"
"Unknown",2023,"November","Saturday",1899-12-30 02:58:00.000,"Serious",3,"Auto-Rickshaw",6,3,"Rainy","Urban Road","Damaged","Dark","Signals",47,68,"Male","Valid","Yes","Curve",1302,"Sikkim"
"Unknown",2020,"November","Sunday",1899-12-30 03:28:00.000,"Serious",3,"Truck",0,5,"Hazy","Urban Road","Damaged","Dusk","Signs",35,58,"Female","Valid","Yes","Bridge",1316,"Arunachal Pradesh"
"Unknown",2018,"March","Friday",1899-12-30 18:47:00.000,"Serious",1,"Car",5,1,"Rainy","Village Road","Under Construction","Dusk","Police Checkpost",82,49,"Male","Valid","No","Intersection",1326,"Chandigarh"
"Unknown",2023,"December","Tuesday",1899-12-30 23:34:00.000,"Serious",2,"Pedestrian",8,5,"Stormy","Village Road","Wet","Dark","Signs",109,21,"Female","Valid","Yes","Bridge",1329,"Meghalaya"
"Unknown",2019,"February","Tuesday",1899-12-30 12:41:00.000,"Serious",2,"Truck",6,5,"Clear","Village Road","Under Construction","Dawn","Signs",49,51,"Female","Valid","Yes","Bridge",1330,"Haryana"
"Unknown",2022,"September","Thursday",1899-12-30 08:56:00.000,"Serious",4,"Auto-Rickshaw",4,3,"Stormy","Village Road","Under Construction","Dusk","Signals",31,50,"Male","Valid","Yes","Bridge",1335,"Telangana"
"Unknown",2021,"September","Wednesday",1899-12-30 20:39:00.000,"Serious",1,"Car",3,0,"Stormy","Village Road","Under Construction","Dawn","Police Checkpost",95,19,"Female","Valid","No","Intersection",1343,"Jharkhand"
"Unknown",2019,"April","Friday",1899-12-30 14:14:00.000,"Serious",1,"Car",6,5,"Clear","National Highway","Damaged","Dark","Police Checkpost",78,36,"Male","Valid","No","Straight Road",1344,"Goa"
"Unknown",2023,"February","Friday",1899-12-30 14:10:00.000,"Serious",2,"Car",4,1,"Rainy","National Highway","Dry","Dark","Signs",61,29,"Male","Valid","Yes","Bridge",1347,"Jammu and Kashmir"
"Unknown",2022,"February","Wednesday",1899-12-30 14:00:00.000,"Serious",5,"Truck",8,2,"Clear","Village Road","Dry","Daylight","Police Checkpost",35,35,"Male","Valid","Yes","Curve",1354,"Mizoram"
"Unknown",2020,"July","Monday",1899-12-30 19:19:00.000,"Serious",5,"Cycle",5,5,"Stormy","Village Road","Dry","Dark","Police Checkpost",61,69,"Male","Valid","Yes","Curve",1357,"Himachal Pradesh"
"Unknown",2018,"December","Sunday",1899-12-30 23:01:00.000,"Serious",1,"Cycle",4,2,"Stormy","National Highway","Under Construction","Daylight","None",78,52,"Male","Valid","Yes","Intersection",1391,"Chandigarh"
"Unknown",2018,"March","Sunday",1899-12-30 04:27:00.000,"Serious",5,"Truck",1,4,"Rainy","National Highway","Damaged","Dawn","Signals",32,28,"Female","Valid","No","Intersection",1429,"Punjab"
"Unknown",2019,"November","Tuesday",1899-12-30 07:28:00.000,"Serious",1,"Pedestrian",2,3,"Foggy","National Highway","Damaged","Daylight","Signs",85,44,"Male","Valid","Yes","Bridge",1439,"Uttarakhand"
"Unknown",2018,"September","Thursday",1899-12-30 06:57:00.000,"Serious",3,"Truck",7,1,"Stormy","Village Road","Wet","Dawn","Signals",98,47,"Female","Valid","No","Curve",1445,"Nagaland"
"Unknown",2018,"June","Wednesday",1899-12-30 05:40:00.000,"Serious",5,"Auto-Rickshaw",2,1,"Clear","Village Road","Dry","Dawn","Signs",74,45,"Male","Valid","No","Intersection",1464,"Punjab"
"Unknown",2019,"September","Friday",1899-12-30 04:03:00.000,"Serious",1,"Pedestrian",4,1,"Stormy","Urban Road","Dry","Dusk","Signs",37,60,"Female","Valid","No","Intersection",1466,"Mizoram"
"Unknown",2019,"December","Tuesday",1899-12-30 16:07:00.000,"Serious",5,"Auto-Rickshaw",5,0,"Stormy","National Highway","Under Construction","Dawn","Police Checkpost",81,43,"Male","Valid","Yes","Curve",1467,"Himachal Pradesh"
"Unknown",2021,"September","Sunday",1899-12-30 23:19:00.000,"Serious",4,"Car",5,5,"Stormy","State Highway","Damaged","Daylight","Signals",73,58,"Female","Valid","No","Straight Road",1471,"Kerala"
"Unknown",2020,"April","Sunday",1899-12-30 06:03:00.000,"Serious",4,"Two-Wheeler",1,2,"Rainy","State Highway","Wet","Dusk","Signs",57,50,"Female","Valid","No","Intersection",1477,"Nagaland"
"Unknown",2020,"September","Thursday",1899-12-30 10:05:00.000,"Serious",5,"Bus",0,4,"Hazy","Urban Road","Wet","Dawn","Police Checkpost",118,52,"Female","Valid","Yes","Intersection",1483,"Sikkim"
"Unknown",2021,"March","Monday",1899-12-30 23:06:00.000,"Serious",5,"Auto-Rickshaw",5,5,"Rainy","State Highway","Dry","Dawn","Signals",48,43,"Female","Valid","Yes","Intersection",1516,"Odisha"
"Unknown",2019,"January","Friday",1899-12-30 08:39:00.000,"Serious",3,"Two-Wheeler",4,4,"Stormy","Urban Road","Damaged","Daylight","Signs",54,19,"Male","Valid","Yes","Straight Road",1520,"Telangana"
"Unknown",2022,"June","Thursday",1899-12-30 02:00:00.000,"Serious",3,"Bus",6,2,"Clear","National Highway","Wet","Dawn","Signs",60,59,"Female","Valid","No","Bridge",1536,"Jharkhand"
"Unknown",2020,"December","Wednesday",1899-12-30 20:34:00.000,"Serious",2,"Auto-Rickshaw",8,4,"Foggy","Village Road","Wet","Dawn","Signals",75,27,"Female","Valid","Yes","Curve",1538,"Meghalaya"
"Unknown",2020,"February","Monday",1899-12-30 01:57:00.000,"Serious",1,"Cycle",10,2,"Clear","State Highway","Dry","Dark","Signs",102,68,"Male","Valid","No","Bridge",1555,"Goa"
"Unknown",2022,"March","Friday",1899-12-30 22:32:00.000,"Serious",5,"Auto-Rickshaw",9,4,"Stormy","Urban Road","Damaged","Dawn","None",120,21,"Female","Valid","Yes","Intersection",1559,"Haryana"
"Unknown",2023,"August","Sunday",1899-12-30 08:51:00.000,"Serious",4,"Truck",1,0,"Stormy","Village Road","Damaged","Dark","Signals",102,27,"Female","Valid","Yes","Curve",1570,"Manipur"
"Unknown",2020,"December","Tuesday",1899-12-30 14:03:00.000,"Serious",3,"Car",3,3,"Rainy","State Highway","Under Construction","Daylight","Signs",63,27,"Male","Valid","Yes","Intersection",1587,"Jharkhand"
"Unknown",2019,"November","Thursday",1899-12-30 08:01:00.000,"Serious",3,"Auto-Rickshaw",4,5,"Foggy","Village Road","Damaged","Daylight","Signals",68,64,"Male","Valid","Yes","Intersection",1604,"Sikkim"
"Unknown",2019,"November","Saturday",1899-12-30 23:41:00.000,"Serious",2,"Auto-Rickshaw",7,5,"Clear","State Highway","Wet","Dawn","Signs",47,51,"Male","Valid","Yes","Intersection",1652,"Haryana"
"Unknown",2023,"April","Sunday",1899-12-30 23:32:00.000,"Serious",3,"Car",9,4,"Hazy","State Highway","Under Construction","Dawn","Signals",118,27,"Female","Valid","Yes","Bridge",1661,"Sikkim"
"Unknown",2019,"November","Wednesday",1899-12-30 09:56:00.000,"Serious",5,"Cycle",6,0,"Foggy","State Highway","Under Construction","Dusk","Signs",97,45,"Male","Valid","Yes","Intersection",1670,"Punjab"
"Unknown",2021,"November","Monday",1899-12-30 05:22:00.000,"Serious",2,"Pedestrian",9,2,"Hazy","National Highway","Wet","Dark","Signs",63,57,"Female","Valid","Yes","Bridge",1692,"Sikkim"
"Unknown",2019,"September","Sunday",1899-12-30 10:32:00.000,"Serious",2,"Pedestrian",3,4,"Hazy","Village Road","Under Construction","Dawn","Police Checkpost",86,48,"Male","Valid","No","Straight Road",1697,"Nagaland"
"Unknown",2019,"September","Wednesday",1899-12-30 01:43:00.000,"Serious",2,"Two-Wheeler",1,0,"Clear","Urban Road","Wet","Daylight","None",87,49,"Male","Valid","Yes","Straight Road",1715,"Punjab"
"Unknown",2019,"August","Friday",1899-12-30 21:34:00.000,"Serious",2,"Car",9,1,"Rainy","National Highway","Under Construction","Dawn","Police Checkpost",35,35,"Female","Valid","No","Curve",1768,"Puducherry"
"Unknown",2019,"January","Sunday",1899-12-30 16:11:00.000,"Serious",5,"Auto-Rickshaw",5,0,"Stormy","State Highway","Damaged","Dark","None",88,26,"Male","Valid","Yes","Bridge",1779,"Mizoram"
"Unknown",2020,"February","Monday",1899-12-30 09:39:00.000,"Serious",2,"Auto-Rickshaw",9,4,"Foggy","Urban Road","Under Construction","Dark","Signals",117,39,"Male","Valid","Yes","Curve",1782,"Goa"
"Unknown",2021,"October","Sunday",1899-12-30 18:38:00.000,"Serious",1,"Car",6,0,"Foggy","Village Road","Under Construction","Dawn","Signs",105,18,"Female","Valid","No","Curve",1807,"Chhattisgarh"
"Unknown",2018,"February","Saturday",1899-12-30 00:28:00.000,"Serious",4,"Car",10,1,"Stormy","State Highway","Dry","Daylight","Police Checkpost",103,26,"Male","Valid","Yes","Bridge",1833,"Haryana"
"Unknown",2023,"December","Tuesday",1899-12-30 06:12:00.000,"Serious",3,"Cycle",1,2,"Foggy","Urban Road","Damaged","Dusk","Signs",107,64,"Male","Valid","No","Curve",1839,"Jammu and Kashmir"
"Unknown",2019,"December","Tuesday",1899-12-30 10:39:00.000,"Serious",2,"Cycle",6,3,"Rainy","National Highway","Dry","Dawn","Signs",89,43,"Male","Valid","Yes","Bridge",1840,"Punjab"
"Unknown",2023,"February","Friday",1899-12-30 08:10:00.000,"Serious",2,"Auto-Rickshaw",1,3,"Rainy","National Highway","Under Construction","Dark","Police Checkpost",115,69,"Female","Valid","Yes","Bridge",1847,"Himachal Pradesh"
"Unknown",2021,"August","Sunday",1899-12-30 14:50:00.000,"Serious",3,"Truck",5,0,"Clear","Village Road","Damaged","Dark","Signs",81,48,"Male","Valid","No","Bridge",1849,"Tripura"
"Unknown",2023,"August","Thursday",1899-12-30 15:14:00.000,"Serious",2,"Cycle",10,3,"Rainy","Urban Road","Dry","Dark","Signals",96,47,"Female","Valid","No","Curve",1853,"Himachal Pradesh"
"Unknown",2023,"January","Thursday",1899-12-30 23:47:00.000,"Serious",2,"Pedestrian",10,5,"Foggy","State Highway","Under Construction","Daylight","Signals",35,21,"Male","Valid","Yes","Intersection",1890,"Madhya Pradesh"
"Unknown",2019,"March","Friday",1899-12-30 14:15:00.000,"Serious",4,"Cycle",9,5,"Clear","Village Road","Wet","Dawn","Police Checkpost",107,26,"Male","Valid","No","Intersection",1905,"Assam"
"Unknown",2020,"December","Sunday",1899-12-30 19:38:00.000,"Serious",4,"Car",4,0,"Stormy","National Highway","Wet","Daylight","Signs",85,26,"Female","Valid","No","Intersection",1942,"Puducherry"
"Unknown",2019,"October","Thursday",1899-12-30 14:47:00.000,"Serious",3,"Pedestrian",0,3,"Clear","State Highway","Wet","Dark","Signs",96,32,"Female","Valid","No","Straight Road",1947,"Jammu and Kashmir"
"Unknown",2019,"January","Tuesday",1899-12-30 18:58:00.000,"Serious",5,"Pedestrian",2,4,"Rainy","Urban Road","Wet","Dark","Signals",70,53,"Male","Valid","No","Curve",1978,"Jammu and Kashmir"
"Unknown",2018,"March","Sunday",1899-12-30 19:29:00.000,"Serious",2,"Car",5,2,"Foggy","State Highway","Damaged","Dawn","Police Checkpost",86,56,"Female","Valid","Yes","Bridge",1984,"Uttarakhand"
"Unknown",2020,"August","Sunday",1899-12-30 04:02:00.000,"Serious",4,"Bus",8,2,"Foggy","State Highway","Dry","Dusk","Signs",74,47,"Male","Valid","Yes","Intersection",1996,"Chhattisgarh"
"Unknown",2019,"January","Saturday",1899-12-30 05:06:00.000,"Serious",3,"Cycle",10,3,"Rainy","Village Road","Dry","Dusk","None",109,19,"Male","Valid","Yes","Bridge",1997,"Mizoram"
"Unknown",2019,"February","Friday",1899-12-30 18:24:00.000,"Serious",2,"Car",9,5,"Hazy","National Highway","Under Construction","Dawn","None",49,51,"Female","Valid","Yes","Intersection",1999,"Himachal Pradesh"
"Unknown",2018,"July","Wednesday",1899-12-30 12:55:00.000,"Serious",5,"Car",5,1,"Foggy","State Highway","Wet","Dark","Signs",55,67,"Male","Valid","Yes","Straight Road",2000,"Bihar"
"Unknown",2020,"April","Sunday",1899-12-30 02:22:00.000,"Serious",5,"Cycle",10,4,"Hazy","State Highway","Under Construction","Daylight","Police Checkpost",58,54,"Female","Valid","No","Bridge",2006,"Madhya Pradesh"
"Unknown",2023,"December","Saturday",1899-12-30 01:53:00.000,"Serious",3,"Two-Wheeler",1,4,"Rainy","National Highway","Under Construction","Dawn","None",53,50,"Female","Valid","Yes","Intersection",2015,"Mizoram"
"Unknown",2020,"August","Sunday",1899-12-30 02:36:00.000,"Serious",3,"Cycle",1,5,"Foggy","Village Road","Dry","Dusk","Police Checkpost",64,59,"Female","Valid","No","Curve",2029,"Manipur"
"Unknown",2023,"June","Monday",1899-12-30 10:40:00.000,"Serious",4,"Truck",5,4,"Rainy","National Highway","Dry","Dawn","Police Checkpost",60,67,"Male","Valid","No","Curve",2044,"Punjab"
"Unknown",2023,"October","Sunday",1899-12-30 14:03:00.000,"Serious",1,"Bus",1,2,"Clear","State Highway","Dry","Daylight","None",41,25,"Male","Valid","No","Intersection",2053,"Assam"
"Unknown",2021,"December","Thursday",1899-12-30 08:42:00.000,"Serious",1,"Cycle",2,0,"Clear","Village Road","Wet","Dusk","Signals",100,56,"Female","Valid","Yes","Bridge",2088,"Jammu and Kashmir"
"Unknown",2021,"July","Monday",1899-12-30 15:16:00.000,"Serious",4,"Two-Wheeler",9,4,"Rainy","National Highway","Dry","Dawn","Signals",43,30,"Female","Valid","Yes","Bridge",2110,"Odisha"
"Unknown",2018,"May","Saturday",1899-12-30 21:26:00.000,"Serious",2,"Cycle",8,5,"Foggy","State Highway","Wet","Dark","None",86,48,"Male","Valid","Yes","Intersection",2122,"Bihar"
"Unknown",2018,"October","Wednesday",1899-12-30 19:31:00.000,"Serious",2,"Bus",8,4,"Rainy","State Highway","Dry","Dawn","Signs",31,52,"Female","Valid","No","Intersection",2128,"Chhattisgarh"
"Unknown",2022,"June","Monday",1899-12-30 21:24:00.000,"Serious",1,"Bus",2,1,"Stormy","Village Road","Damaged","Dawn","Signals",70,25,"Female","Valid","Yes","Bridge",2136,"Jammu and Kashmir"
"Unknown",2021,"February","Saturday",1899-12-30 13:31:00.000,"Serious",1,"Truck",3,0,"Rainy","State Highway","Under Construction","Daylight","Police Checkpost",102,58,"Female","Valid","No","Straight Road",2140,"Odisha"
"Unknown",2019,"July","Friday",1899-12-30 17:47:00.000,"Serious",5,"Truck",5,4,"Foggy","National Highway","Wet","Daylight","Signals",75,32,"Female","Valid","Yes","Intersection",2146,"Goa"
"Unknown",2019,"October","Tuesday",1899-12-30 14:20:00.000,"Serious",4,"Two-Wheeler",8,4,"Hazy","National Highway","Under Construction","Daylight","Signs",71,33,"Male","Valid","No","Curve",2166,"Chandigarh"
"Unknown",2022,"November","Sunday",1899-12-30 17:53:00.000,"Serious",4,"Pedestrian",1,5,"Hazy","Village Road","Under Construction","Dawn","Signs",38,54,"Female","Valid","Yes","Bridge",2197,"Nagaland"
"Unknown",2023,"May","Sunday",1899-12-30 12:15:00.000,"Serious",1,"Car",3,2,"Hazy","Urban Road","Damaged","Daylight","Signs",70,25,"Female","Valid","Yes","Bridge",2211,"Uttarakhand"
"Unknown",2023,"December","Saturday",1899-12-30 17:51:00.000,"Serious",1,"Cycle",4,3,"Rainy","National Highway","Dry","Dusk","Signs",48,46,"Female","Valid","No","Straight Road",2217,"Odisha"
"Unknown",2023,"April","Saturday",1899-12-30 10:38:00.000,"Serious",4,"Bus",7,3,"Foggy","National Highway","Under Construction","Dawn","None",105,67,"Female","Valid","No","Intersection",2221,"Kerala"
"Unknown",2020,"January","Monday",1899-12-30 20:26:00.000,"Serious",2,"Two-Wheeler",3,2,"Rainy","Village Road","Under Construction","Dark","None",100,29,"Female","Valid","No","Curve",2225,"Meghalaya"
"Unknown",2020,"April","Sunday",1899-12-30 00:55:00.000,"Serious",4,"Two-Wheeler",3,1,"Stormy","State Highway","Under Construction","Daylight","Signs",55,62,"Male","Valid","No","Straight Road",2244,"Chandigarh"
"Unknown",2020,"August","Wednesday",1899-12-30 04:49:00.000,"Serious",5,"Auto-Rickshaw",5,2,"Stormy","Urban Road","Damaged","Dark","Signs",99,50,"Female","Valid","Yes","Curve",2254,"Punjab"
"Unknown",2023,"November","Tuesday",1899-12-30 05:07:00.000,"Serious",3,"Car",1,1,"Rainy","Village Road","Damaged","Dawn","Signals",76,50,"Female","Valid","Yes","Straight Road",2256,"Tripura"
"Unknown",2018,"July","Wednesday",1899-12-30 08:05:00.000,"Serious",4,"Car",3,3,"Hazy","State Highway","Dry","Dusk","Signs",83,26,"Female","Valid","Yes","Straight Road",2265,"Chhattisgarh"
"Unknown",2020,"September","Sunday",1899-12-30 07:27:00.000,"Serious",3,"Cycle",8,3,"Clear","National Highway","Wet","Daylight","Signs",40,55,"Female","Valid","No","Curve",2271,"Jharkhand"
"Unknown",2019,"February","Friday",1899-12-30 02:18:00.000,"Serious",2,"Pedestrian",0,4,"Stormy","Urban Road","Wet","Dusk","None",85,22,"Female","Valid","Yes","Bridge",2278,"Jammu and Kashmir"
"Unknown",2022,"June","Wednesday",1899-12-30 04:57:00.000,"Serious",5,"Car",6,3,"Clear","National Highway","Under Construction","Dusk","Signs",60,55,"Male","Valid","Yes","Bridge",2290,"Tripura"
"Unknown",2018,"September","Friday",1899-12-30 09:07:00.000,"Serious",1,"Car",8,3,"Rainy","State Highway","Damaged","Dark","Signals",99,27,"Female","Valid","Yes","Curve",2315,"Kerala"
"Unknown",2023,"February","Monday",1899-12-30 08:12:00.000,"Serious",1,"Auto-Rickshaw",3,5,"Clear","Urban Road","Wet","Dark","Police Checkpost",80,63,"Female","Valid","Yes","Bridge",2318,"Haryana"
"Unknown",2018,"August","Wednesday",1899-12-30 05:45:00.000,"Serious",4,"Bus",0,3,"Foggy","Urban Road","Under Construction","Dawn","Signals",82,35,"Male","Valid","Yes","Bridge",2334,"Kerala"
"Unknown",2020,"December","Wednesday",1899-12-30 12:22:00.000,"Serious",5,"Pedestrian",6,1,"Hazy","State Highway","Under Construction","Dusk","Police Checkpost",103,29,"Male","Valid","Yes","Bridge",2337,"Telangana"
"Unknown",2022,"February","Wednesday",1899-12-30 10:33:00.000,"Serious",4,"Bus",2,1,"Hazy","State Highway","Dry","Dusk","Signs",89,41,"Female","Valid","No","Bridge",2340,"Odisha"
"Unknown",2021,"June","Saturday",1899-12-30 18:10:00.000,"Serious",4,"Auto-Rickshaw",0,4,"Foggy","Urban Road","Dry","Dusk","Police Checkpost",68,38,"Male","Valid","Yes","Bridge",2361,"Kerala"
"Unknown",2022,"August","Wednesday",1899-12-30 01:55:00.000,"Serious",3,"Truck",4,0,"Foggy","Village Road","Dry","Dusk","Signals",51,30,"Female","Valid","No","Straight Road",2364,"Odisha"
"Unknown",2021,"September","Thursday",1899-12-30 11:23:00.000,"Serious",2,"Cycle",9,3,"Hazy","State Highway","Wet","Dawn","Signals",77,54,"Female","Valid","Yes","Bridge",2368,"Kerala"
"Unknown",2021,"May","Saturday",1899-12-30 14:39:00.000,"Serious",2,"Auto-Rickshaw",1,5,"Stormy","National Highway","Damaged","Daylight","None",82,22,"Female","Valid","Yes","Bridge",2373,"Telangana"
"Unknown",2021,"July","Thursday",1899-12-30 11:07:00.000,"Serious",3,"Truck",0,0,"Hazy","National Highway","Dry","Dark","None",119,29,"Female","Valid","No","Bridge",2393,"Sikkim"
"Unknown",2020,"December","Sunday",1899-12-30 12:27:00.000,"Serious",1,"Pedestrian",7,1,"Hazy","State Highway","Damaged","Dawn","Signs",106,42,"Female","Valid","Yes","Bridge",2400,"Jammu and Kashmir"
"Unknown",2018,"September","Monday",1899-12-30 02:12:00.000,"Serious",5,"Two-Wheeler",0,5,"Rainy","National Highway","Under Construction","Dark","None",64,53,"Male","Valid","Yes","Curve",2463,"Punjab"
"Unknown",2020,"February","Monday",1899-12-30 20:27:00.000,"Serious",2,"Truck",7,0,"Foggy","State Highway","Dry","Dawn","Signals",54,57,"Male","Valid","No","Straight Road",2492,"Sikkim"
"Unknown",2019,"September","Monday",1899-12-30 03:23:00.000,"Serious",5,"Bus",10,1,"Foggy","Urban Road","Damaged","Dawn","Signals",48,25,"Female","Valid","Yes","Intersection",2493,"Bihar"
"Unknown",2020,"January","Monday",1899-12-30 02:56:00.000,"Serious",2,"Pedestrian",4,4,"Hazy","National Highway","Dry","Dusk","Police Checkpost",63,63,"Male","Valid","No","Intersection",2496,"Sikkim"
"Unknown",2020,"June","Wednesday",1899-12-30 04:56:00.000,"Serious",3,"Car",3,4,"Stormy","Village Road","Damaged","Daylight","Signs",49,32,"Male","Valid","No","Curve",2540,"Uttarakhand"
"Unknown",2020,"January","Saturday",1899-12-30 18:33:00.000,"Serious",4,"Cycle",5,1,"Stormy","State Highway","Wet","Dark","Police Checkpost",106,58,"Male","Valid","No","Curve",2542,"Assam"
"Unknown",2022,"July","Sunday",1899-12-30 14:16:00.000,"Serious",3,"Bus",9,1,"Clear","Village Road","Wet","Dawn","Signals",77,41,"Female","Valid","Yes","Intersection",2549,"Madhya Pradesh"
"Unknown",2021,"June","Wednesday",1899-12-30 00:34:00.000,"Serious",4,"Cycle",5,4,"Foggy","Urban Road","Wet","Daylight","Signs",116,66,"Male","Valid","No","Curve",2553,"Punjab"
"Unknown",2018,"March","Monday",1899-12-30 02:51:00.000,"Serious",1,"Auto-Rickshaw",0,5,"Foggy","State Highway","Dry","Dawn","Police Checkpost",100,60,"Male","Valid","Yes","Intersection",2554,"Sikkim"
"Unknown",2019,"February","Tuesday",1899-12-30 19:59:00.000,"Serious",3,"Bus",1,2,"Hazy","National Highway","Dry","Dark","Signs",96,59,"Female","Valid","No","Bridge",2572,"Haryana"
"Unknown",2020,"May","Monday",1899-12-30 07:02:00.000,"Serious",3,"Bus",0,5,"Hazy","State Highway","Dry","Dusk","Police Checkpost",50,38,"Female","Valid","Yes","Curve",2609,"Telangana"
"Unknown",2020,"October","Wednesday",1899-12-30 06:29:00.000,"Serious",5,"Truck",10,0,"Stormy","Village Road","Wet","Dusk","Signals",35,21,"Male","Valid","No","Straight Road",2616,"Jharkhand"
"Unknown",2023,"October","Wednesday",1899-12-30 01:34:00.000,"Serious",2,"Bus",4,3,"Rainy","National Highway","Damaged","Daylight","None",47,66,"Female","Valid","No","Straight Road",2636,"Meghalaya"
"Unknown",2018,"May","Saturday",1899-12-30 10:14:00.000,"Serious",5,"Truck",2,2,"Foggy","State Highway","Dry","Daylight","None",85,52,"Female","Valid","No","Bridge",2654,"Manipur"
"Unknown",2023,"November","Wednesday",1899-12-30 03:29:00.000,"Serious",3,"Bus",5,1,"Clear","National Highway","Damaged","Dark","Signals",111,37,"Female","Valid","No","Intersection",2665,"Assam"
"Unknown",2023,"December","Tuesday",1899-12-30 10:25:00.000,"Serious",5,"Auto-Rickshaw",7,3,"Clear","Village Road","Dry","Dark","Signs",58,62,"Male","Valid","No","Straight Road",2666,"Telangana"
"Unknown",2022,"March","Monday",1899-12-30 10:47:00.000,"Serious",2,"Car",5,4,"Stormy","State Highway","Under Construction","Dawn","Signs",46,44,"Male","Valid","Yes","Straight Road",2678,"Manipur"
"Unknown",2020,"April","Friday",1899-12-30 00:32:00.000,"Serious",4,"Auto-Rickshaw",2,5,"Hazy","State Highway","Wet","Daylight","Signs",109,66,"Male","Valid","Yes","Intersection",2681,"Mizoram"
"Unknown",2020,"November","Saturday",1899-12-30 23:41:00.000,"Serious",2,"Cycle",1,5,"Clear","Urban Road","Dry","Daylight","None",100,22,"Male","Valid","Yes","Curve",2700,"Nagaland"
"Unknown",2019,"August","Monday",1899-12-30 04:54:00.000,"Serious",3,"Auto-Rickshaw",8,0,"Stormy","Urban Road","Wet","Dark","Signs",112,21,"Female","Valid","Yes","Intersection",2702,"Jammu and Kashmir"
"Unknown",2019,"December","Sunday",1899-12-30 09:54:00.000,"Serious",1,"Bus",6,0,"Clear","State Highway","Under Construction","Dark","Signs",75,57,"Female","Valid","Yes","Bridge",2726,"Assam"
"Unknown",2019,"December","Thursday",1899-12-30 12:53:00.000,"Serious",1,"Pedestrian",0,3,"Clear","State Highway","Under Construction","Daylight","Signs",92,53,"Female","Valid","Yes","Bridge",2735,"Jharkhand"
"Unknown",2020,"July","Saturday",1899-12-30 11:42:00.000,"Serious",2,"Cycle",6,4,"Hazy","Village Road","Wet","Dawn","Signals",77,41,"Male","Valid","No","Bridge",2741,"Tripura"
"Unknown",2022,"June","Sunday",1899-12-30 17:00:00.000,"Serious",2,"Auto-Rickshaw",8,0,"Stormy","Village Road","Under Construction","Dark","Signals",79,54,"Male","Valid","Yes","Curve",2781,"Madhya Pradesh"
"Unknown",2018,"June","Saturday",1899-12-30 10:23:00.000,"Serious",5,"Truck",3,1,"Rainy","State Highway","Dry","Dusk","Signs",69,65,"Male","Valid","Yes","Bridge",2791,"Chhattisgarh"
"Unknown",2023,"April","Friday",1899-12-30 09:59:00.000,"Serious",2,"Truck",0,0,"Rainy","National Highway","Dry","Dark","None",96,63,"Female","Valid","No","Bridge",2802,"Chhattisgarh"
"Unknown",2021,"March","Thursday",1899-12-30 09:07:00.000,"Serious",4,"Bus",5,4,"Clear","Village Road","Damaged","Daylight","Signals",89,33,"Female","Valid","No","Intersection",2811,"Mizoram"
"Unknown",2021,"April","Saturday",1899-12-30 23:06:00.000,"Serious",3,"Cycle",8,0,"Rainy","National Highway","Dry","Dusk","Signals",79,52,"Female","Valid","No","Curve",2843,"Haryana"
"Unknown",2019,"September","Sunday",1899-12-30 15:22:00.000,"Serious",1,"Bus",4,3,"Foggy","National Highway","Wet","Dusk","Police Checkpost",112,37,"Male","Valid","No","Straight Road",2854,"Assam"
"Unknown",2023,"January","Monday",1899-12-30 13:47:00.000,"Serious",5,"Car",6,1,"Rainy","Urban Road","Damaged","Dusk","Police Checkpost",63,64,"Male","Valid","No","Intersection",2871,"Madhya Pradesh"
"Unknown",2019,"August","Friday",1899-12-30 02:18:00.000,"Serious",5,"Car",5,5,"Foggy","Village Road","Under Construction","Dusk","Police Checkpost",56,61,"Female","Valid","Yes","Bridge",2882,"Chhattisgarh"
"Unknown",2022,"October","Friday",1899-12-30 07:30:00.000,"Serious",5,"Bus",7,3,"Clear","Village Road","Under Construction","Dark","Signals",87,29,"Male","Valid","No","Intersection",2888,"Arunachal Pradesh"
"Unknown",2022,"September","Saturday",1899-12-30 03:35:00.000,"Serious",3,"Bus",3,0,"Foggy","National Highway","Wet","Dark","Signs",109,18,"Male","Valid","Yes","Intersection",2896,"Odisha"
"Unknown",2018,"September","Friday",1899-12-30 21:23:00.000,"Serious",2,"Truck",1,2,"Foggy","National Highway","Wet","Daylight","None",79,27,"Male","Valid","No","Straight Road",2903,"Mizoram"
"Unknown",2021,"May","Tuesday",1899-12-30 04:54:00.000,"Serious",5,"Truck",10,0,"Hazy","National Highway","Wet","Dusk","Police Checkpost",58,18,"Male","Valid","No","Intersection",2906,"Manipur"
"Unknown",2019,"October","Tuesday",1899-12-30 15:40:00.000,"Serious",4,"Cycle",7,2,"Hazy","Village Road","Dry","Dark","Police Checkpost",100,34,"Male","Valid","No","Straight Road",2916,"Goa"
"Unknown",2018,"October","Wednesday",1899-12-30 21:24:00.000,"Serious",1,"Pedestrian",9,1,"Stormy","National Highway","Damaged","Dawn","Signs",50,64,"Male","Valid","Yes","Curve",2924,"Haryana"
"Unknown",2020,"July","Wednesday",1899-12-30 21:14:00.000,"Serious",2,"Auto-Rickshaw",4,0,"Stormy","State Highway","Damaged","Daylight","Signals",100,28,"Male","Valid","Yes","Bridge",2948,"Telangana"
"Unknown",2022,"February","Sunday",1899-12-30 22:42:00.000,"Serious",1,"Bus",0,2,"Foggy","Urban Road","Damaged","Dawn","Police Checkpost",114,38,"Male","Valid","No","Curve",2955,"Jammu and Kashmir"
"Unknown",2019,"June","Thursday",1899-12-30 21:56:00.000,"Fatal",5,"Two-Wheeler",2,3,"Hazy","Village Road","Dry","Daylight","Police Checkpost",110,48,"Male","Valid","Yes","Curve",65,"Odisha"
"Unknown",2023,"August","Wednesday",1899-12-30 17:55:00.000,"Fatal",4,"Auto-Rickshaw",2,5,"Rainy","Village Road","Damaged","Dusk","Police Checkpost",85,65,"Male","Valid","No","Straight Road",69,"Chandigarh"
"Unknown",2023,"April","Sunday",1899-12-30 05:27:00.000,"Fatal",2,"Pedestrian",0,0,"Stormy","State Highway","Wet","Daylight","Signals",99,59,"Female","Valid","No","Intersection",70,"Assam"
"Unknown",2020,"June","Sunday",1899-12-30 15:50:00.000,"Fatal",1,"Auto-Rickshaw",8,5,"Stormy","Village Road","Wet","Dark","Signals",49,51,"Female","Valid","Yes","Curve",106,"Goa"
"Unknown",2021,"May","Thursday",1899-12-30 05:29:00.000,"Fatal",2,"Bus",2,2,"Stormy","Village Road","Damaged","Daylight","Signals",86,27,"Male","Valid","Yes","Straight Road",108,"Uttarakhand"
"Unknown",2021,"June","Wednesday",1899-12-30 03:40:00.000,"Fatal",5,"Pedestrian",4,5,"Foggy","Urban Road","Under Construction","Dark","Signals",32,26,"Male","Valid","Yes","Intersection",113,"Manipur"
"Unknown",2021,"June","Tuesday",1899-12-30 06:44:00.000,"Fatal",5,"Car",10,4,"Stormy","State Highway","Under Construction","Dark","None",44,34,"Male","Valid","No","Curve",138,"Bihar"
"Unknown",2018,"June","Sunday",1899-12-30 04:11:00.000,"Fatal",4,"Cycle",4,1,"Hazy","National Highway","Under Construction","Daylight","Police Checkpost",101,35,"Male","Valid","Yes","Curve",148,"Arunachal Pradesh"
"Unknown",2023,"May","Wednesday",1899-12-30 06:14:00.000,"Fatal",5,"Cycle",4,4,"Foggy","National Highway","Damaged","Dusk","Police Checkpost",58,47,"Male","Valid","No","Straight Road",184,"Odisha"
"Unknown",2021,"April","Wednesday",1899-12-30 22:45:00.000,"Fatal",5,"Auto-Rickshaw",5,0,"Rainy","State Highway","Wet","Dark","Police Checkpost",35,62,"Male","Valid","No","Bridge",231,"Nagaland"
"Unknown",2021,"February","Monday",1899-12-30 08:27:00.000,"Fatal",4,"Two-Wheeler",7,4,"Foggy","Village Road","Dry","Dark","None",114,50,"Female","Valid","Yes","Intersection",292,"Goa"
"Unknown",2018,"April","Sunday",1899-12-30 06:33:00.000,"Fatal",1,"Bus",0,2,"Foggy","State Highway","Dry","Dusk","Signals",68,32,"Male","Valid","Yes","Bridge",299,"Chhattisgarh"
"Unknown",2023,"September","Saturday",1899-12-30 23:25:00.000,"Fatal",1,"Bus",1,3,"Clear","National Highway","Under Construction","Daylight","Police Checkpost",60,48,"Male","Valid","Yes","Intersection",321,"Assam"
"Unknown",2018,"January","Thursday",1899-12-30 14:33:00.000,"Fatal",4,"Auto-Rickshaw",0,2,"Foggy","State Highway","Under Construction","Dusk","Signals",56,56,"Male","Valid","No","Intersection",323,"Bihar"
"Unknown",2023,"March","Monday",1899-12-30 12:48:00.000,"Fatal",3,"Bus",9,3,"Rainy","National Highway","Under Construction","Dawn","None",71,42,"Female","Valid","Yes","Bridge",384,"Chhattisgarh"
"Unknown",2023,"May","Thursday",1899-12-30 07:08:00.000,"Fatal",3,"Auto-Rickshaw",8,3,"Stormy","National Highway","Wet","Dawn","Police Checkpost",36,56,"Male","Valid","No","Bridge",395,"Tripura"
"Unknown",2023,"March","Friday",1899-12-30 16:13:00.000,"Fatal",4,"Bus",9,4,"Hazy","State Highway","Dry","Dark","None",102,59,"Female","Valid","Yes","Curve",421,"Jammu and Kashmir"
"Unknown",2021,"April","Saturday",1899-12-30 01:24:00.000,"Fatal",1,"Pedestrian",5,2,"Rainy","Village Road","Wet","Dusk","Police Checkpost",101,68,"Female","Valid","No","Straight Road",438,"Sikkim"
"Unknown",2021,"May","Wednesday",1899-12-30 15:49:00.000,"Fatal",5,"Cycle",4,5,"Rainy","National Highway","Wet","Dusk","None",59,53,"Male","Valid","No","Bridge",444,"Nagaland"
"Unknown",2023,"September","Thursday",1899-12-30 17:41:00.000,"Fatal",3,"Car",2,4,"Clear","Urban Road","Wet","Dawn","Signals",102,64,"Male","Valid","Yes","Curve",487,"Jharkhand"
"Unknown",2018,"August","Thursday",1899-12-30 19:30:00.000,"Fatal",2,"Two-Wheeler",3,5,"Rainy","National Highway","Wet","Daylight","Police Checkpost",59,27,"Male","Valid","Yes","Straight Road",508,"Odisha"
"Unknown",2021,"October","Monday",1899-12-30 22:17:00.000,"Fatal",1,"Cycle",6,3,"Stormy","Village Road","Dry","Dark","Police Checkpost",42,24,"Male","Valid","No","Intersection",519,"Himachal Pradesh"
"Unknown",2019,"April","Wednesday",1899-12-30 13:37:00.000,"Fatal",3,"Auto-Rickshaw",3,3,"Clear","State Highway","Wet","Dusk","Signals",104,19,"Female","Valid","Yes","Bridge",543,"Assam"
"Unknown",2021,"September","Wednesday",1899-12-30 12:58:00.000,"Fatal",1,"Auto-Rickshaw",9,3,"Stormy","Urban Road","Wet","Dawn","Police Checkpost",89,47,"Female","Valid","Yes","Curve",623,"Sikkim"
"Unknown",2022,"November","Sunday",1899-12-30 21:01:00.000,"Fatal",2,"Bus",6,1,"Stormy","State Highway","Under Construction","Dusk","None",104,44,"Female","Valid","Yes","Bridge",625,"Mizoram"
"Unknown",2022,"September","Monday",1899-12-30 14:06:00.000,"Fatal",1,"Pedestrian",8,0,"Clear","Village Road","Dry","Dusk","Signals",84,32,"Female","Valid","No","Curve",656,"Goa"
"Unknown",2022,"February","Thursday",1899-12-30 08:02:00.000,"Fatal",4,"Car",10,3,"Rainy","National Highway","Dry","Dawn","None",104,67,"Male","Valid","Yes","Intersection",661,"Manipur"
"Unknown",2021,"November","Monday",1899-12-30 11:33:00.000,"Fatal",5,"Pedestrian",5,1,"Rainy","Urban Road","Dry","Daylight","None",103,51,"Female","Valid","No","Intersection",736,"Sikkim"
"Unknown",2020,"April","Friday",1899-12-30 17:47:00.000,"Fatal",5,"Bus",8,3,"Foggy","National Highway","Damaged","Dusk","None",68,57,"Female","Valid","No","Straight Road",738,"Mizoram"
"Unknown",2022,"January","Tuesday",1899-12-30 07:41:00.000,"Fatal",5,"Two-Wheeler",9,2,"Foggy","Urban Road","Dry","Dark","Signals",84,39,"Male","Valid","Yes","Bridge",764,"Punjab"
"Unknown",2020,"January","Wednesday",1899-12-30 08:47:00.000,"Fatal",3,"Cycle",4,4,"Clear","Village Road","Dry","Dark","Signals",35,62,"Male","Valid","No","Bridge",767,"Himachal Pradesh"
"Unknown",2023,"April","Sunday",1899-12-30 23:14:00.000,"Fatal",1,"Two-Wheeler",4,5,"Stormy","National Highway","Dry","Dawn","Police Checkpost",46,66,"Female","Valid","Yes","Bridge",824,"Mizoram"
"Unknown",2019,"April","Thursday",1899-12-30 05:36:00.000,"Fatal",1,"Pedestrian",0,1,"Hazy","National Highway","Wet","Dusk","Signals",106,36,"Female","Valid","Yes","Bridge",844,"Goa"
"Unknown",2020,"February","Monday",1899-12-30 08:52:00.000,"Fatal",2,"Bus",2,2,"Stormy","National Highway","Under Construction","Dawn","None",105,32,"Female","Valid","No","Intersection",870,"Kerala"
"Unknown",2019,"August","Wednesday",1899-12-30 11:43:00.000,"Fatal",2,"Pedestrian",0,3,"Rainy","Village Road","Wet","Dark","Police Checkpost",108,33,"Female","Valid","Yes","Curve",919,"Punjab"
"Unknown",2022,"April","Sunday",1899-12-30 19:07:00.000,"Fatal",2,"Cycle",0,3,"Clear","Village Road","Damaged","Dusk","None",118,25,"Female","Valid","Yes","Straight Road",921,"Telangana"
"Unknown",2021,"November","Thursday",1899-12-30 19:25:00.000,"Fatal",5,"Bus",6,1,"Foggy","Village Road","Wet","Dark","Signals",104,38,"Male","Valid","Yes","Intersection",930,"Manipur"
"Unknown",2019,"October","Tuesday",1899-12-30 16:00:00.000,"Fatal",5,"Cycle",0,1,"Clear","National Highway","Damaged","Daylight","Signals",33,37,"Male","Valid","No","Intersection",938,"Chhattisgarh"
"Unknown",2020,"March","Thursday",1899-12-30 07:38:00.000,"Fatal",4,"Two-Wheeler",9,3,"Stormy","Village Road","Under Construction","Dusk","None",38,58,"Male","Valid","Yes","Intersection",951,"Assam"
"Unknown",2019,"February","Wednesday",1899-12-30 21:37:00.000,"Fatal",1,"Auto-Rickshaw",2,3,"Hazy","National Highway","Damaged","Daylight","None",37,64,"Female","Valid","Yes","Bridge",965,"Odisha"
"Unknown",2023,"December","Friday",1899-12-30 02:51:00.000,"Fatal",5,"Cycle",0,4,"Clear","Urban Road","Damaged","Daylight","Police Checkpost",38,30,"Female","Valid","No","Straight Road",991,"Meghalaya"
"Unknown",2020,"March","Wednesday",1899-12-30 00:43:00.000,"Fatal",3,"Cycle",6,3,"Foggy","National Highway","Damaged","Dark","None",109,58,"Male","Valid","Yes","Intersection",1012,"Himachal Pradesh"
"Unknown",2022,"December","Monday",1899-12-30 23:07:00.000,"Fatal",5,"Bus",5,1,"Stormy","National Highway","Wet","Daylight","None",82,44,"Female","Valid","No","Curve",1015,"Jammu and Kashmir"
"Unknown",2020,"September","Tuesday",1899-12-30 11:24:00.000,"Fatal",3,"Pedestrian",0,2,"Foggy","Urban Road","Under Construction","Dusk","Signals",103,41,"Female","Valid","Yes","Bridge",1041,"Assam"
"Unknown",2023,"November","Tuesday",1899-12-30 01:27:00.000,"Fatal",5,"Bus",1,4,"Foggy","Village Road","Under Construction","Dark","Signals",113,66,"Female","Valid","No","Bridge",1073,"Chhattisgarh"
"Unknown",2021,"July","Sunday",1899-12-30 11:50:00.000,"Fatal",5,"Two-Wheeler",2,2,"Foggy","Village Road","Under Construction","Daylight","Signals",86,21,"Female","Valid","No","Intersection",1092,"Chhattisgarh"
"Unknown",2020,"October","Wednesday",1899-12-30 05:12:00.000,"Fatal",1,"Cycle",9,5,"Hazy","Urban Road","Dry","Dark","None",50,47,"Female","Valid","No","Intersection",1121,"Bihar"
"Unknown",2018,"August","Monday",1899-12-30 20:29:00.000,"Fatal",5,"Pedestrian",8,4,"Rainy","State Highway","Dry","Daylight","Police Checkpost",53,18,"Female","Valid","Yes","Bridge",1207,"Tripura"
"Unknown",2021,"August","Monday",1899-12-30 05:05:00.000,"Fatal",3,"Auto-Rickshaw",4,3,"Hazy","State Highway","Dry","Dusk","Signals",42,33,"Female","Valid","Yes","Straight Road",1226,"Assam"
"Unknown",2023,"June","Monday",1899-12-30 06:05:00.000,"Fatal",4,"Pedestrian",8,3,"Stormy","National Highway","Wet","Dawn","None",93,38,"Female","Valid","Yes","Curve",1231,"Sikkim"
"Unknown",2018,"July","Saturday",1899-12-30 13:23:00.000,"Fatal",1,"Pedestrian",6,0,"Hazy","State Highway","Dry","Dawn","None",65,44,"Male","Valid","Yes","Curve",1233,"Chhattisgarh"
"Unknown",2022,"July","Wednesday",1899-12-30 08:38:00.000,"Fatal",1,"Truck",1,5,"Rainy","Village Road","Under Construction","Dark","None",70,63,"Male","Valid","No","Intersection",1235,"Arunachal Pradesh"
"Unknown",2021,"August","Thursday",1899-12-30 10:54:00.000,"Fatal",3,"Car",4,1,"Clear","State Highway","Dry","Dawn","Police Checkpost",36,55,"Female","Valid","No","Straight Road",1265,"Haryana"
"Unknown",2020,"June","Tuesday",1899-12-30 15:19:00.000,"Fatal",1,"Truck",8,4,"Rainy","National Highway","Wet","Daylight","Signals",94,61,"Female","Valid","Yes","Straight Road",1279,"Himachal Pradesh"
"Unknown",2023,"June","Saturday",1899-12-30 03:44:00.000,"Fatal",3,"Bus",7,1,"Hazy","Urban Road","Dry","Dusk","Police Checkpost",95,18,"Male","Valid","Yes","Curve",1300,"Sikkim"
"Unknown",2020,"March","Sunday",1899-12-30 14:33:00.000,"Fatal",2,"Pedestrian",0,5,"Stormy","Village Road","Wet","Daylight","Police Checkpost",64,62,"Female","Valid","No","Curve",1306,"Telangana"
"Unknown",2020,"February","Tuesday",1899-12-30 07:59:00.000,"Fatal",2,"Two-Wheeler",8,1,"Stormy","Village Road","Under Construction","Daylight","None",45,62,"Male","Valid","Yes","Bridge",1325,"Uttarakhand"
"Unknown",2023,"October","Friday",1899-12-30 07:18:00.000,"Fatal",2,"Truck",3,0,"Clear","National Highway","Wet","Dark","Signals",85,23,"Female","Valid","No","Straight Road",1348,"Madhya Pradesh"
"Unknown",2020,"July","Tuesday",1899-12-30 23:36:00.000,"Fatal",4,"Bus",6,1,"Clear","State Highway","Under Construction","Dawn","Signals",106,64,"Female","Valid","Yes","Curve",1362,"Nagaland"
"Unknown",2022,"March","Thursday",1899-12-30 04:25:00.000,"Fatal",2,"Auto-Rickshaw",9,2,"Stormy","State Highway","Dry","Dusk","Signals",96,29,"Male","Valid","Yes","Curve",1407,"Kerala"
"Unknown",2022,"March","Thursday",1899-12-30 16:11:00.000,"Fatal",4,"Bus",1,3,"Hazy","Village Road","Damaged","Daylight","Police Checkpost",45,40,"Male","Valid","Yes","Straight Road",1411,"Himachal Pradesh"
"Unknown",2019,"September","Monday",1899-12-30 04:58:00.000,"Fatal",2,"Truck",5,4,"Stormy","National Highway","Dry","Dawn","Police Checkpost",43,39,"Female","Valid","No","Bridge",1420,"Punjab"
"Unknown",2018,"September","Monday",1899-12-30 11:03:00.000,"Fatal",4,"Auto-Rickshaw",6,4,"Foggy","National Highway","Dry","Dusk","Signals",71,57,"Female","Valid","No","Bridge",1431,"Goa"
"Unknown",2019,"June","Thursday",1899-12-30 01:51:00.000,"Fatal",5,"Pedestrian",2,0,"Stormy","State Highway","Under Construction","Daylight","Police Checkpost",86,65,"Male","Valid","No","Straight Road",1442,"Puducherry"
"Unknown",2021,"February","Tuesday",1899-12-30 16:31:00.000,"Fatal",5,"Pedestrian",2,5,"Rainy","Urban Road","Damaged","Daylight","Police Checkpost",93,47,"Female","Valid","Yes","Intersection",1446,"Bihar"
"Unknown",2020,"January","Sunday",1899-12-30 11:32:00.000,"Fatal",1,"Car",2,5,"Hazy","National Highway","Wet","Dark","None",75,60,"Female","Valid","No","Bridge",1453,"Puducherry"
"Unknown",2018,"January","Tuesday",1899-12-30 07:01:00.000,"Fatal",2,"Truck",8,0,"Stormy","National Highway","Under Construction","Dawn","Signals",34,61,"Female","Valid","Yes","Intersection",1469,"Jammu and Kashmir"
"Unknown",2022,"June","Tuesday",1899-12-30 17:39:00.000,"Fatal",4,"Auto-Rickshaw",6,3,"Rainy","Urban Road","Damaged","Dusk","Signals",114,48,"Female","Valid","Yes","Bridge",1475,"Arunachal Pradesh"
"Unknown",2018,"June","Monday",1899-12-30 07:50:00.000,"Fatal",3,"Cycle",1,3,"Hazy","State Highway","Under Construction","Daylight","Signals",98,40,"Female","Valid","Yes","Intersection",1478,"Manipur"
"Unknown",2018,"November","Friday",1899-12-30 07:52:00.000,"Fatal",4,"Pedestrian",9,4,"Hazy","Urban Road","Damaged","Dusk","Signals",38,43,"Male","Valid","No","Curve",1485,"Punjab"
"Unknown",2018,"December","Tuesday",1899-12-30 05:56:00.000,"Fatal",4,"Bus",10,1,"Rainy","State Highway","Damaged","Dawn","Signals",100,47,"Male","Valid","No","Intersection",1505,"Bihar"
"Unknown",2019,"June","Tuesday",1899-12-30 22:00:00.000,"Fatal",2,"Pedestrian",2,0,"Foggy","Village Road","Wet","Dark","Police Checkpost",68,37,"Male","Valid","No","Straight Road",1515,"Assam"
"Unknown",2021,"December","Friday",1899-12-30 17:16:00.000,"Fatal",3,"Car",3,0,"Foggy","Urban Road","Dry","Dark","Signals",106,61,"Female","Valid","Yes","Curve",1523,"Bihar"
"Unknown",2021,"May","Wednesday",1899-12-30 22:43:00.000,"Fatal",4,"Bus",5,1,"Clear","National Highway","Wet","Dusk","Signals",30,62,"Male","Valid","No","Straight Road",1543,"Jammu and Kashmir"
"Unknown",2018,"April","Saturday",1899-12-30 14:41:00.000,"Fatal",1,"Truck",8,1,"Stormy","Village Road","Wet","Dusk","Signals",80,47,"Male","Valid","Yes","Intersection",1572,"Madhya Pradesh"
"Unknown",2020,"February","Saturday",1899-12-30 13:28:00.000,"Fatal",2,"Two-Wheeler",7,4,"Rainy","Village Road","Dry","Daylight","Signals",62,54,"Male","Valid","No","Straight Road",1617,"Punjab"
"Unknown",2023,"September","Friday",1899-12-30 20:48:00.000,"Fatal",5,"Truck",1,0,"Hazy","State Highway","Wet","Daylight","Police Checkpost",34,38,"Female","Valid","Yes","Straight Road",1622,"Kerala"
"Unknown",2022,"June","Sunday",1899-12-30 08:53:00.000,"Fatal",2,"Two-Wheeler",3,5,"Hazy","State Highway","Wet","Dawn","Signals",111,65,"Male","Valid","Yes","Bridge",1624,"Tripura"
"Unknown",2023,"December","Monday",1899-12-30 10:23:00.000,"Fatal",3,"Pedestrian",7,5,"Foggy","Urban Road","Under Construction","Dawn","Police Checkpost",89,64,"Male","Valid","No","Intersection",1626,"Nagaland"
"Unknown",2018,"May","Monday",1899-12-30 09:09:00.000,"Fatal",1,"Two-Wheeler",5,2,"Clear","National Highway","Under Construction","Dusk","Police Checkpost",37,31,"Male","Valid","Yes","Straight Road",1627,"Arunachal Pradesh"
"Unknown",2021,"September","Friday",1899-12-30 16:00:00.000,"Fatal",5,"Two-Wheeler",9,5,"Stormy","National Highway","Wet","Daylight","Police Checkpost",41,68,"Male","Valid","Yes","Intersection",1635,"Nagaland"
"Unknown",2020,"October","Wednesday",1899-12-30 11:59:00.000,"Fatal",2,"Truck",8,5,"Foggy","State Highway","Dry","Daylight","Signals",32,26,"Male","Valid","No","Bridge",1642,"Sikkim"
"Unknown",2018,"October","Monday",1899-12-30 10:13:00.000,"Fatal",1,"Two-Wheeler",1,3,"Rainy","State Highway","Damaged","Dusk","Police Checkpost",84,70,"Male","Valid","Yes","Bridge",1645,"Telangana"
"Unknown",2020,"January","Monday",1899-12-30 10:22:00.000,"Fatal",4,"Cycle",5,4,"Foggy","State Highway","Damaged","Daylight","None",70,66,"Male","Valid","Yes","Intersection",1650,"Puducherry"
"Unknown",2020,"March","Wednesday",1899-12-30 17:30:00.000,"Fatal",1,"Auto-Rickshaw",8,4,"Hazy","Village Road","Damaged","Dark","Police Checkpost",55,58,"Male","Valid","No","Bridge",1651,"Arunachal Pradesh"
"Unknown",2022,"September","Tuesday",1899-12-30 22:21:00.000,"Fatal",2,"Truck",1,0,"Clear","National Highway","Under Construction","Dusk","Police Checkpost",109,65,"Male","Valid","Yes","Curve",1664,"Nagaland"
"Unknown",2018,"June","Tuesday",1899-12-30 11:30:00.000,"Fatal",5,"Cycle",3,2,"Rainy","Urban Road","Damaged","Dawn","Police Checkpost",32,46,"Female","Valid","Yes","Curve",1665,"Chandigarh"
"Unknown",2018,"October","Saturday",1899-12-30 14:07:00.000,"Fatal",5,"Truck",10,5,"Rainy","Urban Road","Wet","Dark","Police Checkpost",62,25,"Male","Valid","Yes","Intersection",1688,"Nagaland"
"Unknown",2023,"September","Thursday",1899-12-30 16:51:00.000,"Fatal",1,"Truck",8,0,"Stormy","National Highway","Under Construction","Dawn","Police Checkpost",96,40,"Female","Valid","No","Straight Road",1690,"Haryana"
"Unknown",2019,"May","Friday",1899-12-30 19:05:00.000,"Fatal",5,"Two-Wheeler",6,5,"Stormy","State Highway","Wet","Dawn","Signals",80,66,"Female","Valid","Yes","Intersection",1721,"Punjab"
"Unknown",2021,"February","Wednesday",1899-12-30 11:35:00.000,"Fatal",4,"Auto-Rickshaw",6,0,"Rainy","State Highway","Damaged","Dark","None",79,52,"Female","Valid","No","Curve",1742,"Punjab"
"Unknown",2022,"June","Friday",1899-12-30 17:52:00.000,"Fatal",4,"Pedestrian",1,5,"Hazy","National Highway","Damaged","Daylight","None",101,30,"Male","Valid","Yes","Bridge",1744,"Telangana"
"Unknown",2022,"June","Tuesday",1899-12-30 22:37:00.000,"Fatal",1,"Truck",9,4,"Rainy","Urban Road","Wet","Daylight","Police Checkpost",111,30,"Female","Valid","No","Intersection",1755,"Odisha"
"Unknown",2021,"September","Sunday",1899-12-30 02:15:00.000,"Fatal",2,"Truck",8,0,"Rainy","Urban Road","Dry","Dark","Signals",78,60,"Male","Valid","Yes","Straight Road",1758,"Nagaland"
"Unknown",2023,"November","Monday",1899-12-30 19:39:00.000,"Fatal",5,"Car",2,5,"Foggy","Urban Road","Under Construction","Dark","Police Checkpost",90,35,"Male","Valid","Yes","Intersection",1769,"Jharkhand"
"Unknown",2021,"September","Sunday",1899-12-30 11:21:00.000,"Fatal",3,"Pedestrian",0,1,"Clear","State Highway","Wet","Dark","Police Checkpost",112,32,"Male","Valid","No","Bridge",1791,"Arunachal Pradesh"
"Unknown",2023,"March","Monday",1899-12-30 02:43:00.000,"Fatal",1,"Bus",8,1,"Clear","National Highway","Damaged","Daylight","Signals",105,38,"Male","Valid","Yes","Bridge",1793,"Kerala"
"Unknown",2021,"November","Tuesday",1899-12-30 07:00:00.000,"Fatal",3,"Pedestrian",9,2,"Hazy","State Highway","Dry","Dusk","Signals",53,35,"Male","Valid","No","Intersection",1828,"Goa"
"Unknown",2021,"April","Tuesday",1899-12-30 21:37:00.000,"Fatal",1,"Bus",10,4,"Clear","National Highway","Damaged","Daylight","None",39,66,"Male","Valid","Yes","Intersection",1936,"Nagaland"
"Unknown",2020,"December","Friday",1899-12-30 08:50:00.000,"Fatal",3,"Pedestrian",10,2,"Foggy","National Highway","Wet","Dawn","None",61,34,"Male","Valid","No","Intersection",1952,"Uttarakhand"
"Unknown",2023,"January","Saturday",1899-12-30 19:52:00.000,"Fatal",5,"Cycle",10,5,"Hazy","National Highway","Dry","Daylight","Police Checkpost",35,55,"Female","Valid","No","Straight Road",1956,"Tripura"
"Unknown",2022,"August","Thursday",1899-12-30 23:34:00.000,"Fatal",5,"Bus",2,3,"Rainy","State Highway","Wet","Dawn","None",53,54,"Male","Valid","Yes","Straight Road",2034,"Kerala"
"Unknown",2021,"June","Wednesday",1899-12-30 22:30:00.000,"Fatal",4,"Auto-Rickshaw",4,2,"Clear","National Highway","Under Construction","Dark","None",33,57,"Male","Valid","Yes","Straight Road",2035,"Madhya Pradesh"
"Unknown",2020,"May","Thursday",1899-12-30 17:29:00.000,"Fatal",1,"Auto-Rickshaw",3,1,"Foggy","State Highway","Dry","Dusk","Police Checkpost",108,48,"Male","Valid","No","Bridge",2063,"Arunachal Pradesh"
"Unknown",2022,"October","Monday",1899-12-30 03:40:00.000,"Fatal",3,"Bus",9,5,"Foggy","State Highway","Dry","Dark","None",87,22,"Female","Valid","Yes","Curve",2116,"Haryana"
"Unknown",2022,"November","Wednesday",1899-12-30 20:02:00.000,"Fatal",4,"Auto-Rickshaw",6,2,"Hazy","Urban Road","Under Construction","Dark","Signals",61,67,"Female","Valid","Yes","Intersection",2121,"Bihar"
"Unknown",2023,"November","Sunday",1899-12-30 12:32:00.000,"Fatal",1,"Cycle",7,5,"Foggy","Village Road","Under Construction","Dusk","Police Checkpost",46,51,"Female","Valid","No","Straight Road",2133,"Odisha"
"Unknown",2018,"April","Friday",1899-12-30 14:08:00.000,"Fatal",2,"Bus",8,3,"Rainy","Village Road","Under Construction","Dark","None",118,52,"Female","Valid","No","Straight Road",2141,"Bihar"
"Unknown",2022,"September","Monday",1899-12-30 00:48:00.000,"Fatal",4,"Truck",2,5,"Foggy","State Highway","Damaged","Dusk","Police Checkpost",54,58,"Male","Valid","Yes","Intersection",2162,"Jammu and Kashmir"
"Unknown",2022,"October","Tuesday",1899-12-30 08:15:00.000,"Fatal",5,"Car",1,5,"Stormy","National Highway","Wet","Daylight","None",52,59,"Female","Valid","No","Intersection",2200,"Punjab"
"Unknown",2022,"March","Saturday",1899-12-30 10:42:00.000,"Fatal",1,"Bus",4,1,"Clear","Village Road","Dry","Dawn","Signals",71,39,"Male","Valid","Yes","Intersection",2203,"Uttarakhand"
"Unknown",2023,"February","Friday",1899-12-30 08:20:00.000,"Fatal",5,"Pedestrian",2,4,"Stormy","National Highway","Dry","Dusk","None",43,33,"Female","Valid","No","Straight Road",2249,"Mizoram"
"Unknown",2021,"April","Thursday",1899-12-30 07:30:00.000,"Fatal",5,"Pedestrian",5,1,"Stormy","Urban Road","Damaged","Daylight","None",116,37,"Male","Valid","Yes","Intersection",2323,"Arunachal Pradesh"
"Unknown",2022,"March","Sunday",1899-12-30 14:03:00.000,"Fatal",4,"Bus",10,2,"Stormy","Village Road","Dry","Daylight","Signals",68,61,"Female","Valid","No","Curve",2338,"Punjab"
"Unknown",2021,"September","Monday",1899-12-30 09:45:00.000,"Fatal",1,"Pedestrian",4,3,"Hazy","National Highway","Under Construction","Dawn","Police Checkpost",46,69,"Male","Valid","No","Straight Road",2347,"Jharkhand"
"Unknown",2023,"March","Wednesday",1899-12-30 21:32:00.000,"Fatal",2,"Pedestrian",2,5,"Hazy","State Highway","Damaged","Dark","Police Checkpost",111,44,"Female","Valid","Yes","Intersection",2350,"Jammu and Kashmir"
"Unknown",2019,"June","Sunday",1899-12-30 08:49:00.000,"Fatal",4,"Auto-Rickshaw",3,3,"Stormy","Urban Road","Wet","Dusk","Signals",32,67,"Male","Valid","Yes","Straight Road",2352,"Mizoram"
"Unknown",2018,"April","Thursday",1899-12-30 15:33:00.000,"Fatal",2,"Truck",8,2,"Clear","Village Road","Under Construction","Daylight","Police Checkpost",75,45,"Female","Valid","Yes","Curve",2376,"Goa"
"Unknown",2019,"October","Wednesday",1899-12-30 11:48:00.000,"Fatal",2,"Two-Wheeler",10,5,"Clear","State Highway","Dry","Daylight","Police Checkpost",60,70,"Female","Valid","No","Bridge",2435,"Puducherry"
"Unknown",2019,"November","Sunday",1899-12-30 22:02:00.000,"Fatal",1,"Bus",3,3,"Stormy","Urban Road","Dry","Dusk","None",96,35,"Male","Valid","Yes","Bridge",2436,"Sikkim"
"Unknown",2020,"April","Friday",1899-12-30 06:31:00.000,"Fatal",1,"Bus",2,0,"Rainy","National Highway","Damaged","Dusk","Signals",70,19,"Female","Valid","No","Intersection",2478,"Jammu and Kashmir"
"Unknown",2019,"March","Friday",1899-12-30 04:19:00.000,"Fatal",3,"Cycle",10,5,"Stormy","Village Road","Dry","Daylight","Signals",49,63,"Male","Valid","Yes","Bridge",2482,"Manipur"
"Unknown",2023,"September","Thursday",1899-12-30 21:45:00.000,"Fatal",3,"Auto-Rickshaw",8,3,"Foggy","Village Road","Wet","Dawn","None",51,44,"Female","Valid","No","Straight Road",2501,"Jammu and Kashmir"
"Unknown",2022,"September","Tuesday",1899-12-30 23:09:00.000,"Fatal",1,"Pedestrian",10,4,"Hazy","State Highway","Under Construction","Dark","Police Checkpost",57,56,"Female","Valid","Yes","Curve",2506,"Bihar"
"Unknown",2018,"June","Thursday",1899-12-30 03:10:00.000,"Fatal",5,"Auto-Rickshaw",5,0,"Foggy","Urban Road","Damaged","Daylight","Signals",75,38,"Female","Valid","Yes","Curve",2534,"Puducherry"
"Unknown",2021,"August","Saturday",1899-12-30 09:33:00.000,"Fatal",2,"Pedestrian",10,3,"Hazy","State Highway","Under Construction","Dusk","Signals",84,40,"Male","Valid","Yes","Intersection",2570,"Telangana"
"Unknown",2022,"July","Wednesday",1899-12-30 22:20:00.000,"Fatal",4,"Bus",6,0,"Hazy","State Highway","Wet","Dawn","Police Checkpost",37,23,"Male","Valid","No","Curve",2596,"Sikkim"
"Unknown",2020,"October","Saturday",1899-12-30 22:40:00.000,"Fatal",2,"Truck",6,5,"Stormy","Urban Road","Wet","Dawn","None",110,35,"Male","Valid","No","Curve",2619,"Goa"
"Unknown",2022,"May","Thursday",1899-12-30 19:28:00.000,"Fatal",1,"Pedestrian",5,2,"Stormy","National Highway","Wet","Daylight","Signals",65,30,"Female","Valid","Yes","Bridge",2620,"Himachal Pradesh"
"Unknown",2022,"April","Sunday",1899-12-30 08:08:00.000,"Fatal",5,"Cycle",4,2,"Clear","Village Road","Wet","Daylight","Signals",87,23,"Male","Valid","Yes","Intersection",2634,"Uttarakhand"
"Unknown",2020,"September","Thursday",1899-12-30 10:57:00.000,"Fatal",2,"Pedestrian",3,3,"Foggy","Village Road","Wet","Dark","Signals",113,69,"Male","Valid","No","Intersection",2639,"Chandigarh"
"Unknown",2023,"August","Monday",1899-12-30 23:54:00.000,"Fatal",2,"Cycle",10,1,"Foggy","State Highway","Dry","Daylight","None",94,63,"Female","Valid","Yes","Intersection",2643,"Jammu and Kashmir"
"Unknown",2022,"May","Thursday",1899-12-30 23:01:00.000,"Fatal",5,"Two-Wheeler",5,0,"Hazy","National Highway","Damaged","Dark","None",90,52,"Female","Valid","Yes","Straight Road",2651,"Jharkhand"
"Unknown",2018,"May","Thursday",1899-12-30 19:02:00.000,"Fatal",2,"Car",8,3,"Clear","National Highway","Dry","Dusk","None",115,28,"Female","Valid","Yes","Curve",2652,"Puducherry"
"Unknown",2023,"March","Monday",1899-12-30 16:38:00.000,"Fatal",2,"Bus",5,4,"Stormy","National Highway","Wet","Dusk","None",101,31,"Female","Valid","Yes","Curve",2653,"Telangana"
"Unknown",2023,"September","Tuesday",1899-12-30 12:09:00.000,"Fatal",5,"Truck",9,3,"Clear","Village Road","Under Construction","Dawn","None",90,69,"Female","Valid","Yes","Bridge",2664,"Puducherry"
"Unknown",2021,"September","Saturday",1899-12-30 21:12:00.000,"Fatal",2,"Pedestrian",1,3,"Clear","Urban Road","Dry","Dusk","Police Checkpost",107,53,"Female","Valid","Yes","Curve",2675,"Kerala"
"Unknown",2020,"December","Thursday",1899-12-30 14:51:00.000,"Fatal",4,"Bus",1,5,"Clear","Village Road","Wet","Dark","None",104,20,"Female","Valid","Yes","Curve",2751,"Kerala"
"Unknown",2018,"March","Saturday",1899-12-30 05:27:00.000,"Fatal",1,"Bus",10,1,"Stormy","Urban Road","Wet","Dawn","Police Checkpost",31,30,"Female","Valid","No","Intersection",2752,"Chandigarh"
"Unknown",2020,"April","Friday",1899-12-30 16:03:00.000,"Fatal",2,"Cycle",7,0,"Hazy","National Highway","Wet","Dawn","Police Checkpost",74,67,"Male","Valid","No","Straight Road",2758,"Jammu and Kashmir"
"Unknown",2022,"November","Saturday",1899-12-30 16:27:00.000,"Fatal",3,"Cycle",1,3,"Clear","National Highway","Under Construction","Daylight","Signals",105,50,"Male","Valid","No","Curve",2794,"Manipur"
"Unknown",2018,"December","Wednesday",1899-12-30 23:46:00.000,"Fatal",4,"Cycle",9,5,"Clear","State Highway","Damaged","Dawn","Police Checkpost",104,63,"Male","Valid","No","Intersection",2801,"Nagaland"
"Unknown",2018,"July","Friday",1899-12-30 22:27:00.000,"Fatal",5,"Two-Wheeler",8,0,"Clear","Village Road","Under Construction","Dusk","None",99,46,"Male","Valid","No","Straight Road",2818,"Meghalaya"
"Unknown",2020,"February","Tuesday",1899-12-30 14:05:00.000,"Fatal",4,"Cycle",0,4,"Clear","State Highway","Under Construction","Dawn","Police Checkpost",93,33,"Female","Valid","Yes","Intersection",2849,"Odisha"
"Unknown",2022,"January","Friday",1899-12-30 05:39:00.000,"Fatal",4,"Two-Wheeler",1,2,"Stormy","National Highway","Dry","Dusk","Police Checkpost",69,46,"Male","Valid","No","Curve",2853,"Manipur"
"Unknown",2019,"July","Monday",1899-12-30 16:43:00.000,"Fatal",3,"Truck",2,1,"Hazy","State Highway","Wet","Dusk","Police Checkpost",59,64,"Female","Valid","No","Curve",2874,"Tripura"
"Unknown",2020,"February","Saturday",1899-12-30 19:00:00.000,"Fatal",2,"Two-Wheeler",5,2,"Clear","Urban Road","Dry","Dawn","Police Checkpost",53,44,"Male","Valid","No","Bridge",2885,"Tripura"
"Unknown",2019,"May","Friday",1899-12-30 17:56:00.000,"Fatal",3,"Two-Wheeler",7,1,"Clear","Urban Road","Under Construction","Dusk","Police Checkpost",89,19,"Male","Valid","Yes","Bridge",2893,"Arunachal Pradesh"
"Unknown",2022,"February","Monday",1899-12-30 17:45:00.000,"Fatal",5,"Two-Wheeler",10,1,"Rainy","National Highway","Damaged","Dark","Police Checkpost",56,45,"Male","Valid","No","Curve",2900,"Uttarakhand"
"Unknown",2019,"June","Wednesday",1899-12-30 20:27:00.000,"Fatal",3,"Cycle",2,5,"Hazy","State Highway","Dry","Dark","Police Checkpost",41,31,"Female","Valid","Yes","Curve",2913,"Haryana"
"Unknown",2018,"October","Wednesday",1899-12-30 03:42:00.000,"Fatal",1,"Pedestrian",8,2,"Stormy","Urban Road","Under Construction","Dark","Police Checkpost",67,60,"Male","Valid","Yes","Straight Road",2915,"Madhya Pradesh"
"Unknown",2019,"April","Wednesday",1899-12-30 08:09:00.000,"Fatal",1,"Auto-Rickshaw",3,0,"Rainy","National Highway","Dry","Dark","Police Checkpost",38,60,"Female","Valid","No","Curve",2921,"Sikkim"
"Unknown",2023,"January","Monday",1899-12-30 05:05:00.000,"Fatal",5,"Two-Wheeler",5,1,"Stormy","State Highway","Under Construction","Dusk","None",108,33,"Female","Valid","Yes","Intersection",2933,"Jharkhand"
"Unknown",2021,"April","Sunday",1899-12-30 04:19:00.000,"Fatal",2,"Cycle",5,0,"Rainy","Urban Road","Damaged","Dusk","Police Checkpost",65,42,"Female","Valid","Yes","Curve",2940,"Odisha"
"Unknown",2020,"March","Wednesday",1899-12-30 05:26:00.000,"Fatal",2,"Auto-Rickshaw",0,2,"Stormy","Urban Road","Damaged","Dusk","Signals",61,23,"Female","Valid","No","Straight Road",2942,"Madhya Pradesh"
"Unknown",2023,"April","Sunday",1899-12-30 18:53:00.000,"Fatal",1,"Cycle",9,1,"Hazy","Urban Road","Under Construction","Dusk","Police Checkpost",71,54,"Female","Valid","Yes","Straight Road",2944,"Haryana"
"Unknown",2019,"January","Thursday",1899-12-30 18:07:00.000,"Fatal",1,"Truck",0,3,"Rainy","Village Road","Wet","Dawn","None",97,45,"Female","Valid","No","Curve",2947,"Goa"
"Unknown",2021,"June","Tuesday",1899-12-30 03:23:00.000,"Fatal",5,"Two-Wheeler",8,4,"Stormy","Urban Road","Wet","Dark","Signals",53,51,"Male","Valid","No","Curve",2958,"Jammu and Kashmir"
"Unknown",2022,"May","Wednesday",1899-12-30 02:56:00.000,"Fatal",5,"Two-Wheeler",7,1,"Rainy","State Highway","Under Construction","Daylight","Police Checkpost",114,43,"Male","Valid","No","Intersection",2971,"Bihar"
"Unknown",2019,"August","Tuesday",1899-12-30 07:23:00.000,"Fatal",2,"Two-Wheeler",6,2,"Hazy","State Highway","Under Construction","Dusk","Signals",91,20,"Male","Valid","Yes","Intersection",2975,"Chhattisgarh"
"Unknown",2023,"February","Saturday",1899-12-30 01:53:00.000,"Fatal",1,"Truck",10,3,"Hazy","State Highway","Damaged","Dawn","Signals",52,68,"Male","Valid","Yes","Bridge",2979,"Haryana"
"Unknown",2023,"August","Wednesday",1899-12-30 02:07:00.000,"Fatal",3,"Pedestrian",0,2,"Foggy","Urban Road","Under Construction","Dark","Police Checkpost",118,42,"Male","Valid","Yes","Straight Road",2994,"Bihar"
"Unknown",2022,"April","Saturday",1899-12-30 06:39:00.000,"Fatal",3,"Car",7,5,"Foggy","State Highway","Wet","Daylight","Signs",46,57,"Female","Valid","Yes","Straight Road",20,"Chhattisgarh"
"Unknown",2020,"January","Tuesday",1899-12-30 19:34:00.000,"Fatal",5,"Cycle",0,2,"Rainy","Village Road","Wet","Daylight","Signs",82,48,"Male","Valid","Yes","Curve",48,"Chhattisgarh"
"Unknown",2018,"July","Friday",1899-12-30 09:17:00.000,"Fatal",3,"Auto-Rickshaw",7,3,"Stormy","Urban Road","Damaged","Dawn","Signs",47,37,"Male","Valid","No","Curve",95,"Nagaland"
"Unknown",2019,"March","Saturday",1899-12-30 06:04:00.000,"Fatal",1,"Two-Wheeler",5,1,"Stormy","Urban Road","Under Construction","Daylight","Signs",35,62,"Female","Valid","No","Intersection",159,"Bihar"
"Unknown",2020,"December","Saturday",1899-12-30 03:48:00.000,"Fatal",2,"Pedestrian",0,2,"Stormy","National Highway","Damaged","Daylight","Signs",49,60,"Female","Valid","No","Intersection",179,"Assam"
"Unknown",2022,"September","Wednesday",1899-12-30 16:38:00.000,"Fatal",3,"Two-Wheeler",6,1,"Clear","National Highway","Dry","Daylight","Signs",46,44,"Male","Valid","Yes","Curve",250,"Telangana"
"Unknown",2019,"March","Thursday",1899-12-30 22:42:00.000,"Fatal",3,"Truck",3,5,"Stormy","National Highway","Dry","Dark","Signs",47,20,"Male","Valid","Yes","Bridge",385,"Assam"
"Unknown",2019,"March","Sunday",1899-12-30 07:09:00.000,"Fatal",2,"Bus",8,0,"Rainy","State Highway","Wet","Daylight","Signs",71,31,"Male","Valid","Yes","Curve",401,"Tripura"
"Unknown",2021,"April","Sunday",1899-12-30 20:40:00.000,"Fatal",5,"Bus",4,4,"Foggy","Urban Road","Wet","Dark","Signs",70,46,"Male","Valid","No","Intersection",411,"Meghalaya"
"Unknown",2023,"February","Friday",1899-12-30 20:36:00.000,"Fatal",4,"Pedestrian",2,3,"Rainy","State Highway","Dry","Dawn","Signs",45,49,"Female","Valid","Yes","Intersection",491,"Meghalaya"
"Unknown",2022,"May","Tuesday",1899-12-30 00:34:00.000,"Fatal",5,"Bus",8,0,"Stormy","State Highway","Dry","Dawn","Signs",49,49,"Male","Valid","No","Bridge",529,"Telangana"
"Unknown",2021,"September","Wednesday",1899-12-30 00:41:00.000,"Fatal",2,"Bus",7,3,"Rainy","National Highway","Damaged","Dawn","Signs",49,34,"Male","Valid","Yes","Curve",566,"Jharkhand"
"Unknown",2018,"January","Saturday",1899-12-30 09:12:00.000,"Fatal",5,"Cycle",6,3,"Rainy","National Highway","Dry","Dusk","Signs",43,64,"Male","Valid","No","Straight Road",585,"Telangana"
"Unknown",2018,"July","Thursday",1899-12-30 00:52:00.000,"Fatal",3,"Auto-Rickshaw",8,0,"Clear","Village Road","Dry","Dark","Signs",31,34,"Male","Valid","No","Bridge",610,"Puducherry"
"Unknown",2021,"July","Wednesday",1899-12-30 22:43:00.000,"Fatal",5,"Cycle",3,5,"Rainy","State Highway","Wet","Daylight","Signs",40,50,"Female","Valid","No","Curve",627,"Arunachal Pradesh"
"Unknown",2023,"August","Friday",1899-12-30 02:55:00.000,"Fatal",1,"Cycle",8,5,"Foggy","Urban Road","Under Construction","Dawn","Signs",84,69,"Male","Valid","No","Intersection",704,"Uttarakhand"
"Unknown",2019,"October","Tuesday",1899-12-30 00:06:00.000,"Fatal",1,"Truck",3,0,"Clear","National Highway","Dry","Dusk","Signs",75,56,"Male","Valid","No","Intersection",754,"Mizoram"
"Unknown",2020,"February","Saturday",1899-12-30 08:30:00.000,"Fatal",5,"Auto-Rickshaw",9,3,"Rainy","Urban Road","Dry","Dawn","Signs",114,57,"Female","Valid","No","Straight Road",874,"Goa"
"Unknown",2023,"August","Monday",1899-12-30 11:24:00.000,"Fatal",1,"Cycle",9,1,"Clear","Urban Road","Wet","Dark","Signs",100,28,"Female","Valid","Yes","Curve",879,"Mizoram"
"Unknown",2018,"November","Friday",1899-12-30 21:37:00.000,"Fatal",2,"Two-Wheeler",1,2,"Hazy","State Highway","Wet","Dawn","Signs",41,38,"Male","Valid","No","Intersection",889,"Madhya Pradesh"
"Unknown",2021,"February","Saturday",1899-12-30 00:23:00.000,"Fatal",4,"Cycle",8,4,"Hazy","Urban Road","Under Construction","Dusk","Signs",71,56,"Male","Valid","No","Bridge",900,"Punjab"
"Unknown",2022,"November","Monday",1899-12-30 19:32:00.000,"Fatal",3,"Truck",3,0,"Stormy","Village Road","Under Construction","Dawn","Signs",32,48,"Male","Valid","Yes","Bridge",975,"Punjab"
"Unknown",2021,"March","Tuesday",1899-12-30 23:10:00.000,"Fatal",4,"Two-Wheeler",7,3,"Rainy","State Highway","Wet","Daylight","Signs",105,64,"Male","Valid","No","Intersection",1063,"Uttarakhand"
"Unknown",2023,"October","Friday",1899-12-30 00:17:00.000,"Fatal",3,"Pedestrian",6,5,"Foggy","State Highway","Under Construction","Dawn","Signs",58,67,"Male","Valid","No","Intersection",1140,"Tripura"
"Unknown",2021,"January","Monday",1899-12-30 16:59:00.000,"Fatal",2,"Bus",5,3,"Foggy","National Highway","Under Construction","Dusk","Signs",116,64,"Female","Valid","No","Intersection",1190,"Sikkim"
"Unknown",2022,"October","Thursday",1899-12-30 17:25:00.000,"Fatal",1,"Truck",1,0,"Rainy","Urban Road","Wet","Dawn","Signs",113,33,"Female","Valid","No","Bridge",1211,"Uttarakhand"
"Unknown",2021,"June","Tuesday",1899-12-30 01:07:00.000,"Fatal",3,"Truck",7,0,"Rainy","Village Road","Under Construction","Dawn","Signs",56,30,"Female","Valid","No","Intersection",1219,"Puducherry"
"Unknown",2021,"February","Monday",1899-12-30 00:37:00.000,"Fatal",4,"Truck",9,0,"Stormy","National Highway","Dry","Daylight","Signs",87,64,"Female","Valid","No","Curve",1253,"Tripura"
"Unknown",2020,"May","Saturday",1899-12-30 21:52:00.000,"Fatal",1,"Car",1,0,"Clear","State Highway","Damaged","Dark","Signs",95,31,"Male","Valid","Yes","Straight Road",1342,"Puducherry"
"Unknown",2019,"March","Saturday",1899-12-30 05:38:00.000,"Fatal",5,"Bus",9,2,"Hazy","State Highway","Damaged","Daylight","Signs",119,44,"Male","Valid","Yes","Intersection",1349,"Arunachal Pradesh"
"Unknown",2019,"January","Sunday",1899-12-30 18:48:00.000,"Fatal",4,"Cycle",2,5,"Stormy","National Highway","Wet","Dark","Signs",97,49,"Male","Valid","No","Bridge",1369,"Tripura"
"Unknown",2021,"January","Tuesday",1899-12-30 05:52:00.000,"Fatal",1,"Pedestrian",1,0,"Rainy","State Highway","Damaged","Dark","Signs",41,61,"Male","Valid","No","Curve",1375,"Odisha"
"Unknown",2018,"March","Thursday",1899-12-30 06:42:00.000,"Fatal",2,"Bus",4,4,"Clear","State Highway","Wet","Daylight","Signs",79,25,"Female","Valid","No","Bridge",1456,"Uttarakhand"
"Unknown",2021,"October","Saturday",1899-12-30 03:37:00.000,"Fatal",4,"Cycle",9,0,"Clear","Village Road","Under Construction","Dawn","Signs",65,51,"Female","Valid","No","Bridge",1508,"Manipur"
"Unknown",2018,"July","Wednesday",1899-12-30 00:13:00.000,"Fatal",1,"Car",9,3,"Rainy","State Highway","Under Construction","Dawn","Signs",40,31,"Male","Valid","No","Straight Road",1510,"Haryana"
"Unknown",2021,"February","Wednesday",1899-12-30 04:22:00.000,"Fatal",5,"Truck",7,2,"Hazy","Village Road","Wet","Dark","Signs",70,63,"Female","Valid","No","Straight Road",1600,"Meghalaya"
"Unknown",2019,"June","Saturday",1899-12-30 10:41:00.000,"Fatal",4,"Pedestrian",5,5,"Hazy","Village Road","Dry","Dusk","Signs",72,47,"Female","Valid","No","Curve",1636,"Jharkhand"
"Unknown",2020,"September","Friday",1899-12-30 12:50:00.000,"Fatal",1,"Two-Wheeler",4,0,"Clear","National Highway","Dry","Dawn","Signs",44,43,"Female","Valid","Yes","Straight Road",1638,"Nagaland"
"Unknown",2023,"November","Monday",1899-12-30 14:02:00.000,"Fatal",3,"Cycle",3,2,"Stormy","National Highway","Dry","Dark","Signs",104,45,"Male","Valid","No","Straight Road",1676,"Bihar"
"Unknown",2020,"February","Friday",1899-12-30 11:09:00.000,"Fatal",2,"Bus",3,2,"Stormy","Village Road","Wet","Dusk","Signs",105,65,"Male","Valid","No","Curve",1764,"Tripura"
"Unknown",2020,"April","Wednesday",1899-12-30 09:34:00.000,"Fatal",2,"Car",10,3,"Clear","State Highway","Dry","Dawn","Signs",95,63,"Male","Valid","Yes","Curve",1773,"Jharkhand"
"Unknown",2018,"October","Monday",1899-12-30 16:24:00.000,"Fatal",2,"Auto-Rickshaw",0,0,"Rainy","State Highway","Under Construction","Dusk","Signs",82,62,"Male","Valid","Yes","Intersection",1804,"Odisha"
"Unknown",2021,"August","Monday",1899-12-30 13:32:00.000,"Fatal",3,"Truck",7,1,"Hazy","Village Road","Wet","Dusk","Signs",104,24,"Female","Valid","No","Intersection",1822,"Uttarakhand"
"Unknown",2019,"May","Sunday",1899-12-30 17:41:00.000,"Fatal",3,"Pedestrian",6,0,"Hazy","Urban Road","Under Construction","Dusk","Signs",53,21,"Female","Valid","Yes","Bridge",1829,"Madhya Pradesh"
"Unknown",2018,"June","Tuesday",1899-12-30 10:28:00.000,"Fatal",3,"Cycle",2,4,"Clear","Village Road","Under Construction","Dusk","Signs",54,34,"Male","Valid","Yes","Straight Road",1846,"Odisha"
"Unknown",2021,"July","Saturday",1899-12-30 17:21:00.000,"Fatal",2,"Pedestrian",2,2,"Hazy","National Highway","Wet","Dusk","Signs",51,29,"Female","Valid","No","Straight Road",1852,"Jammu and Kashmir"
"Unknown",2021,"February","Wednesday",1899-12-30 21:34:00.000,"Fatal",4,"Pedestrian",4,0,"Clear","State Highway","Damaged","Dawn","Signs",46,70,"Male","Valid","Yes","Intersection",1962,"Chandigarh"
"Unknown",2020,"December","Thursday",1899-12-30 23:40:00.000,"Fatal",5,"Cycle",9,0,"Stormy","Urban Road","Dry","Dawn","Signs",103,56,"Female","Valid","No","Curve",1969,"Meghalaya"
"Unknown",2022,"January","Tuesday",1899-12-30 10:05:00.000,"Fatal",5,"Auto-Rickshaw",8,0,"Hazy","State Highway","Dry","Dusk","Signs",78,58,"Female","Valid","Yes","Intersection",2028,"Manipur"
"Unknown",2018,"October","Saturday",1899-12-30 02:38:00.000,"Fatal",5,"Bus",1,3,"Rainy","State Highway","Under Construction","Dusk","Signs",56,38,"Female","Valid","Yes","Bridge",2067,"Assam"
"Unknown",2021,"September","Tuesday",1899-12-30 18:17:00.000,"Fatal",2,"Cycle",2,2,"Stormy","National Highway","Dry","Dusk","Signs",60,25,"Female","Valid","Yes","Bridge",2098,"Odisha"
"Unknown",2023,"September","Sunday",1899-12-30 11:27:00.000,"Fatal",4,"Cycle",0,1,"Rainy","Urban Road","Wet","Dawn","Signs",77,62,"Female","Valid","No","Bridge",2105,"Chhattisgarh"
"Unknown",2019,"July","Wednesday",1899-12-30 07:58:00.000,"Fatal",3,"Auto-Rickshaw",10,0,"Clear","Village Road","Dry","Daylight","Signs",37,44,"Male","Valid","No","Curve",2159,"Telangana"
"Unknown",2022,"May","Thursday",1899-12-30 03:05:00.000,"Fatal",5,"Pedestrian",10,0,"Stormy","National Highway","Dry","Dusk","Signs",60,27,"Male","Valid","Yes","Intersection",2173,"Assam"
"Unknown",2023,"June","Monday",1899-12-30 07:41:00.000,"Fatal",1,"Cycle",4,2,"Hazy","Village Road","Wet","Dark","Signs",50,37,"Male","Valid","No","Straight Road",2192,"Goa"
"Unknown",2018,"July","Sunday",1899-12-30 02:55:00.000,"Fatal",2,"Bus",8,1,"Rainy","National Highway","Damaged","Dark","Signs",89,61,"Female","Valid","No","Intersection",2216,"Kerala"
"Unknown",2020,"July","Friday",1899-12-30 23:34:00.000,"Fatal",1,"Two-Wheeler",10,0,"Stormy","National Highway","Wet","Dawn","Signs",34,45,"Female","Valid","Yes","Intersection",2251,"Sikkim"
"Unknown",2019,"January","Wednesday",1899-12-30 23:24:00.000,"Fatal",2,"Two-Wheeler",0,4,"Foggy","National Highway","Under Construction","Daylight","Signs",115,25,"Female","Valid","Yes","Curve",2277,"Sikkim"
"Unknown",2021,"December","Monday",1899-12-30 16:19:00.000,"Fatal",4,"Cycle",10,0,"Foggy","Village Road","Under Construction","Dusk","Signs",63,31,"Female","Valid","Yes","Intersection",2295,"Mizoram"
"Unknown",2021,"April","Monday",1899-12-30 11:47:00.000,"Fatal",2,"Two-Wheeler",3,1,"Clear","State Highway","Dry","Daylight","Signs",30,66,"Female","Valid","Yes","Straight Road",2366,"Nagaland"
"Unknown",2018,"July","Friday",1899-12-30 11:10:00.000,"Fatal",5,"Auto-Rickshaw",4,5,"Foggy","Village Road","Dry","Daylight","Signs",86,27,"Female","Valid","No","Bridge",2437,"Sikkim"
"Unknown",2023,"March","Monday",1899-12-30 02:41:00.000,"Fatal",1,"Pedestrian",5,1,"Foggy","State Highway","Dry","Dark","Signs",74,40,"Female","Valid","Yes","Straight Road",2442,"Nagaland"
"Unknown",2023,"October","Monday",1899-12-30 10:13:00.000,"Fatal",1,"Cycle",5,1,"Hazy","State Highway","Wet","Dusk","Signs",57,53,"Female","Valid","No","Straight Road",2459,"Assam"
"Unknown",2018,"November","Wednesday",1899-12-30 21:33:00.000,"Fatal",2,"Bus",4,0,"Clear","Village Road","Under Construction","Dark","Signs",93,32,"Male","Valid","Yes","Curve",2494,"Sikkim"
"Unknown",2019,"May","Sunday",1899-12-30 22:18:00.000,"Fatal",1,"Pedestrian",10,2,"Foggy","National Highway","Under Construction","Dark","Signs",60,56,"Male","Valid","Yes","Bridge",2502,"Kerala"
"Unknown",2019,"February","Saturday",1899-12-30 10:26:00.000,"Fatal",1,"Auto-Rickshaw",4,0,"Rainy","Village Road","Under Construction","Dark","Signs",37,39,"Male","Valid","Yes","Straight Road",2568,"Manipur"
"Unknown",2020,"December","Sunday",1899-12-30 08:21:00.000,"Fatal",5,"Pedestrian",8,1,"Hazy","National Highway","Under Construction","Dusk","Signs",51,55,"Male","Valid","No","Intersection",2582,"Assam"
"Unknown",2021,"April","Thursday",1899-12-30 04:55:00.000,"Fatal",1,"Two-Wheeler",5,0,"Clear","Urban Road","Dry","Daylight","Signs",85,49,"Male","Valid","Yes","Bridge",2607,"Jammu and Kashmir"
"Unknown",2023,"April","Saturday",1899-12-30 02:07:00.000,"Fatal",2,"Pedestrian",7,3,"Clear","State Highway","Dry","Dusk","Signs",44,20,"Male","Valid","No","Bridge",2618,"Uttarakhand"
"Unknown",2019,"September","Saturday",1899-12-30 19:35:00.000,"Fatal",3,"Pedestrian",8,2,"Foggy","Urban Road","Wet","Dusk","Signs",49,64,"Male","Valid","Yes","Curve",2655,"Mizoram"
"Unknown",2022,"December","Monday",1899-12-30 10:48:00.000,"Fatal",2,"Truck",0,5,"Foggy","Village Road","Dry","Dusk","Signs",66,68,"Female","Valid","No","Intersection",2676,"Chhattisgarh"
"Unknown",2023,"October","Thursday",1899-12-30 14:09:00.000,"Fatal",1,"Truck",2,1,"Hazy","State Highway","Damaged","Dark","Signs",69,28,"Male","Valid","No","Intersection",2677,"Arunachal Pradesh"
"Unknown",2022,"November","Thursday",1899-12-30 12:15:00.000,"Fatal",1,"Bus",7,0,"Clear","Urban Road","Dry","Dark","Signs",87,30,"Male","Valid","Yes","Straight Road",2684,"Uttarakhand"
"Unknown",2020,"March","Saturday",1899-12-30 20:41:00.000,"Fatal",2,"Car",5,1,"Clear","Urban Road","Wet","Dawn","Signs",117,34,"Female","Valid","Yes","Intersection",2701,"Nagaland"
"Unknown",2021,"April","Monday",1899-12-30 14:44:00.000,"Fatal",5,"Car",4,0,"Stormy","Village Road","Wet","Dark","Signs",35,29,"Male","Valid","No","Curve",2745,"Goa"
"Unknown",2022,"March","Thursday",1899-12-30 03:40:00.000,"Fatal",3,"Auto-Rickshaw",4,3,"Hazy","State Highway","Dry","Dark","Signs",119,43,"Male","Valid","Yes","Intersection",2756,"Odisha"
"Unknown",2022,"July","Sunday",1899-12-30 21:03:00.000,"Fatal",2,"Auto-Rickshaw",10,1,"Rainy","State Highway","Wet","Dark","Signs",35,46,"Male","Valid","No","Curve",2778,"Uttarakhand"
"Unknown",2021,"October","Monday",1899-12-30 18:55:00.000,"Fatal",2,"Two-Wheeler",9,5,"Foggy","Urban Road","Under Construction","Dusk","Police Checkpost",111,48,"Female","None","No","Straight Road",7,"Sikkim"
"Unknown",2023,"February","Friday",1899-12-30 22:31:00.000,"Fatal",2,"Two-Wheeler",9,2,"Rainy","State Highway","Under Construction","Daylight","Police Checkpost",117,59,"Male","None","Yes","Bridge",58,"Arunachal Pradesh"
"Unknown",2021,"August","Sunday",1899-12-30 08:33:00.000,"Fatal",1,"Two-Wheeler",6,4,"Hazy","State Highway","Dry","Dark","Signals",60,56,"Female","None","No","Intersection",61,"Haryana"
"Unknown",2022,"April","Thursday",1899-12-30 00:43:00.000,"Fatal",4,"Cycle",10,3,"Clear","State Highway","Dry","Dark","Police Checkpost",38,57,"Female","None","Yes","Straight Road",78,"Jharkhand"
"Unknown",2023,"February","Saturday",1899-12-30 09:18:00.000,"Fatal",1,"Cycle",3,1,"Clear","National Highway","Dry","Dusk","Signals",41,62,"Male","None","No","Bridge",80,"Jammu and Kashmir"
"Unknown",2020,"December","Sunday",1899-12-30 10:51:00.000,"Fatal",4,"Auto-Rickshaw",4,4,"Clear","State Highway","Dry","Daylight","Signs",100,62,"Male","None","No","Intersection",102,"Tripura"
"Unknown",2022,"October","Thursday",1899-12-30 04:47:00.000,"Fatal",5,"Bus",10,2,"Clear","Urban Road","Damaged","Dawn","Police Checkpost",95,18,"Female","None","Yes","Curve",133,"Meghalaya"
"Unknown",2020,"April","Monday",1899-12-30 21:52:00.000,"Fatal",1,"Car",3,3,"Clear","State Highway","Under Construction","Daylight","Police Checkpost",69,40,"Male","None","No","Intersection",156,"Manipur"
"Unknown",2023,"July","Sunday",1899-12-30 12:12:00.000,"Fatal",5,"Cycle",2,0,"Hazy","State Highway","Wet","Dusk","Signs",40,35,"Female","None","No","Bridge",165,"Puducherry"
"Unknown",2020,"July","Saturday",1899-12-30 13:27:00.000,"Fatal",4,"Cycle",9,3,"Rainy","National Highway","Dry","Daylight","None",78,62,"Male","None","Yes","Curve",178,"Kerala"
"Unknown",2023,"April","Tuesday",1899-12-30 17:10:00.000,"Fatal",1,"Auto-Rickshaw",2,5,"Hazy","Urban Road","Dry","Daylight","Signs",117,50,"Male","None","No","Straight Road",185,"Chhattisgarh"
"Unknown",2021,"May","Tuesday",1899-12-30 00:41:00.000,"Fatal",5,"Cycle",1,2,"Rainy","Urban Road","Damaged","Daylight","Police Checkpost",105,58,"Female","None","Yes","Straight Road",212,"Uttarakhand"
"Unknown",2021,"November","Saturday",1899-12-30 22:53:00.000,"Fatal",4,"Auto-Rickshaw",2,4,"Hazy","National Highway","Damaged","Daylight","None",99,50,"Female","None","Yes","Straight Road",222,"Meghalaya"
"Unknown",2019,"June","Monday",1899-12-30 04:45:00.000,"Fatal",5,"Pedestrian",5,1,"Foggy","State Highway","Under Construction","Dark","Signals",106,49,"Female","None","No","Straight Road",239,"Goa"
"Unknown",2019,"July","Sunday",1899-12-30 17:12:00.000,"Fatal",3,"Bus",0,2,"Clear","Urban Road","Dry","Daylight","None",32,70,"Male","None","Yes","Straight Road",275,"Madhya Pradesh"
"Unknown",2023,"August","Sunday",1899-12-30 14:59:00.000,"Fatal",2,"Truck",9,4,"Stormy","National Highway","Under Construction","Dark","None",88,59,"Female","None","No","Intersection",298,"Jammu and Kashmir"
"Unknown",2023,"March","Sunday",1899-12-30 15:02:00.000,"Fatal",1,"Cycle",2,4,"Foggy","State Highway","Wet","Dusk","Signals",89,58,"Male","None","No","Curve",304,"Himachal Pradesh"
"Unknown",2021,"January","Wednesday",1899-12-30 15:27:00.000,"Fatal",1,"Cycle",10,5,"Hazy","State Highway","Dry","Dark","None",67,45,"Male","None","Yes","Intersection",311,"Mizoram"
"Unknown",2020,"March","Wednesday",1899-12-30 08:29:00.000,"Fatal",3,"Cycle",6,1,"Clear","State Highway","Under Construction","Dusk","Police Checkpost",41,24,"Female","None","No","Bridge",314,"Telangana"
"Unknown",2018,"July","Thursday",1899-12-30 12:28:00.000,"Fatal",5,"Auto-Rickshaw",1,0,"Foggy","National Highway","Damaged","Dawn","None",38,49,"Female","None","No","Intersection",322,"Tripura"
"Unknown",2021,"February","Wednesday",1899-12-30 23:09:00.000,"Fatal",3,"Auto-Rickshaw",9,1,"Rainy","National Highway","Damaged","Dawn","Signs",49,36,"Male","None","No","Bridge",339,"Manipur"
"Unknown",2021,"August","Sunday",1899-12-30 07:34:00.000,"Fatal",5,"Bus",3,3,"Hazy","Urban Road","Wet","Dawn","None",32,60,"Female","None","Yes","Intersection",349,"Assam"
"Unknown",2020,"May","Saturday",1899-12-30 20:02:00.000,"Fatal",4,"Cycle",7,2,"Clear","State Highway","Wet","Dawn","Signs",75,55,"Female","None","Yes","Bridge",372,"Assam"
"Unknown",2022,"September","Tuesday",1899-12-30 14:23:00.000,"Fatal",3,"Bus",8,2,"Clear","Urban Road","Damaged","Daylight","Signs",101,24,"Female","None","Yes","Intersection",412,"Tripura"
"Unknown",2022,"April","Thursday",1899-12-30 05:46:00.000,"Fatal",4,"Cycle",4,5,"Hazy","State Highway","Dry","Dawn","None",32,61,"Male","None","Yes","Intersection",414,"Mizoram"
"Unknown",2021,"March","Monday",1899-12-30 17:14:00.000,"Fatal",2,"Cycle",8,4,"Rainy","National Highway","Damaged","Daylight","None",107,70,"Male","None","No","Intersection",418,"Bihar"
"Unknown",2021,"September","Sunday",1899-12-30 20:49:00.000,"Fatal",2,"Bus",3,3,"Clear","State Highway","Under Construction","Dusk","Signs",62,70,"Female","None","No","Intersection",420,"Jharkhand"
"Unknown",2023,"May","Wednesday",1899-12-30 06:59:00.000,"Fatal",2,"Auto-Rickshaw",2,4,"Clear","National Highway","Damaged","Daylight","None",34,23,"Male","None","No","Curve",443,"Haryana"
"Unknown",2021,"June","Wednesday",1899-12-30 10:18:00.000,"Fatal",2,"Car",7,4,"Hazy","State Highway","Dry","Dark","Signals",37,61,"Female","None","No","Straight Road",446,"Sikkim"
"Unknown",2018,"September","Monday",1899-12-30 14:15:00.000,"Fatal",2,"Cycle",7,1,"Foggy","Urban Road","Wet","Dusk","Police Checkpost",118,55,"Male","None","Yes","Bridge",454,"Assam"
"Unknown",2022,"November","Tuesday",1899-12-30 08:52:00.000,"Fatal",3,"Bus",0,0,"Foggy","Urban Road","Damaged","Dark","Signals",99,20,"Female","None","No","Straight Road",459,"Jammu and Kashmir"
"Unknown",2021,"June","Tuesday",1899-12-30 10:38:00.000,"Fatal",4,"Auto-Rickshaw",2,5,"Rainy","Urban Road","Dry","Dark","Signs",31,25,"Male","None","No","Straight Road",464,"Kerala"
"Unknown",2022,"September","Monday",1899-12-30 03:56:00.000,"Fatal",5,"Pedestrian",6,0,"Foggy","Urban Road","Under Construction","Dawn","Signals",55,23,"Female","None","No","Straight Road",471,"Kerala"
"Unknown",2018,"February","Saturday",1899-12-30 18:33:00.000,"Fatal",5,"Two-Wheeler",3,3,"Stormy","State Highway","Under Construction","Daylight","Signals",91,40,"Male","None","No","Straight Road",484,"Manipur"
"Unknown",2019,"July","Thursday",1899-12-30 01:37:00.000,"Fatal",4,"Two-Wheeler",1,0,"Rainy","Urban Road","Damaged","Dusk","None",59,35,"Male","None","No","Intersection",531,"Chandigarh"
"Unknown",2018,"June","Wednesday",1899-12-30 06:22:00.000,"Fatal",3,"Cycle",10,2,"Clear","National Highway","Damaged","Dark","None",62,55,"Male","None","Yes","Intersection",569,"Meghalaya"
"Unknown",2022,"January","Saturday",1899-12-30 22:41:00.000,"Fatal",4,"Pedestrian",10,3,"Rainy","National Highway","Under Construction","Dark","Signs",114,22,"Male","None","No","Intersection",571,"Punjab"
"Unknown",2018,"June","Friday",1899-12-30 03:36:00.000,"Fatal",2,"Cycle",9,1,"Rainy","State Highway","Wet","Dark","Signals",98,50,"Female","None","No","Bridge",594,"Goa"
"Unknown",2023,"January","Saturday",1899-12-30 12:32:00.000,"Fatal",1,"Bus",9,5,"Foggy","State Highway","Under Construction","Dawn","Signals",106,38,"Female","None","Yes","Straight Road",651,"Jharkhand"
"Unknown",2020,"February","Tuesday",1899-12-30 22:38:00.000,"Fatal",5,"Pedestrian",4,1,"Hazy","National Highway","Under Construction","Daylight","Police Checkpost",110,57,"Male","None","No","Curve",660,"Jharkhand"
"Unknown",2022,"May","Wednesday",1899-12-30 09:03:00.000,"Fatal",2,"Bus",6,3,"Foggy","National Highway","Dry","Daylight","Signs",53,44,"Female","None","Yes","Bridge",702,"Punjab"
"Unknown",2018,"November","Friday",1899-12-30 05:23:00.000,"Fatal",5,"Truck",9,2,"Stormy","State Highway","Under Construction","Daylight","Police Checkpost",106,47,"Male","None","Yes","Curve",713,"Puducherry"
"Unknown",2023,"March","Friday",1899-12-30 02:21:00.000,"Fatal",3,"Car",2,4,"Hazy","National Highway","Under Construction","Daylight","Signs",31,27,"Male","None","Yes","Straight Road",719,"Nagaland"
"Unknown",2023,"September","Tuesday",1899-12-30 06:46:00.000,"Fatal",4,"Pedestrian",6,0,"Rainy","Urban Road","Damaged","Daylight","Signs",105,45,"Female","None","Yes","Straight Road",732,"Uttarakhand"
"Unknown",2021,"December","Monday",1899-12-30 00:51:00.000,"Fatal",1,"Two-Wheeler",4,4,"Hazy","State Highway","Under Construction","Daylight","None",87,53,"Female","None","No","Intersection",743,"Kerala"
"Unknown",2021,"May","Wednesday",1899-12-30 05:02:00.000,"Fatal",2,"Car",9,2,"Foggy","Urban Road","Under Construction","Dawn","Signs",90,39,"Female","None","No","Intersection",744,"Bihar"
"Unknown",2021,"December","Thursday",1899-12-30 15:01:00.000,"Fatal",1,"Auto-Rickshaw",9,3,"Rainy","Urban Road","Under Construction","Dusk","Signals",69,30,"Male","None","No","Curve",781,"Madhya Pradesh"
"Unknown",2022,"September","Tuesday",1899-12-30 08:08:00.000,"Fatal",4,"Car",6,3,"Rainy","Urban Road","Wet","Daylight","Signs",53,40,"Female","None","Yes","Bridge",810,"Odisha"
"Unknown",2021,"November","Wednesday",1899-12-30 19:51:00.000,"Fatal",3,"Truck",0,3,"Rainy","State Highway","Dry","Dark","Signals",98,24,"Female","None","No","Straight Road",835,"Meghalaya"
"Unknown",2018,"October","Saturday",1899-12-30 13:27:00.000,"Fatal",2,"Cycle",5,1,"Hazy","State Highway","Dry","Dusk","Police Checkpost",81,68,"Female","None","Yes","Bridge",856,"Sikkim"
"Unknown",2018,"January","Thursday",1899-12-30 08:38:00.000,"Fatal",4,"Car",9,3,"Rainy","State Highway","Damaged","Dawn","Signs",88,42,"Female","None","No","Bridge",914,"Odisha"
"Unknown",2022,"February","Wednesday",1899-12-30 03:53:00.000,"Fatal",3,"Car",10,3,"Foggy","National Highway","Under Construction","Daylight","Signs",114,18,"Female","None","No","Intersection",946,"Manipur"
"Unknown",2021,"January","Thursday",1899-12-30 00:49:00.000,"Fatal",1,"Truck",1,4,"Clear","State Highway","Under Construction","Daylight","None",106,41,"Female","None","Yes","Bridge",955,"Kerala"
"Unknown",2019,"December","Tuesday",1899-12-30 08:22:00.000,"Fatal",2,"Cycle",4,1,"Hazy","State Highway","Under Construction","Dark","Signs",63,59,"Male","None","No","Straight Road",963,"Kerala"
"Unknown",2021,"August","Sunday",1899-12-30 06:36:00.000,"Fatal",4,"Two-Wheeler",4,2,"Rainy","Urban Road","Under Construction","Dawn","None",54,28,"Male","None","Yes","Intersection",968,"Madhya Pradesh"
"Unknown",2023,"May","Saturday",1899-12-30 05:08:00.000,"Fatal",5,"Cycle",7,2,"Clear","Urban Road","Dry","Dark","Signs",81,43,"Male","None","Yes","Curve",976,"Tripura"
"Unknown",2020,"June","Thursday",1899-12-30 12:50:00.000,"Fatal",4,"Pedestrian",2,1,"Stormy","Urban Road","Wet","Dusk","Signals",63,24,"Female","None","Yes","Curve",986,"Kerala"
"Unknown",2023,"June","Sunday",1899-12-30 23:53:00.000,"Fatal",3,"Auto-Rickshaw",5,1,"Foggy","National Highway","Under Construction","Dark","None",70,56,"Male","None","Yes","Bridge",998,"Jammu and Kashmir"
"Unknown",2021,"October","Friday",1899-12-30 06:45:00.000,"Fatal",4,"Bus",8,5,"Hazy","State Highway","Under Construction","Dusk","Police Checkpost",92,52,"Female","None","Yes","Straight Road",1006,"Goa"
"Unknown",2022,"March","Friday",1899-12-30 17:14:00.000,"Fatal",3,"Car",5,1,"Hazy","Urban Road","Damaged","Dawn","Police Checkpost",51,56,"Female","None","Yes","Bridge",1007,"Odisha"
"Unknown",2023,"October","Tuesday",1899-12-30 09:18:00.000,"Fatal",1,"Two-Wheeler",1,4,"Hazy","Urban Road","Damaged","Daylight","Signals",50,24,"Male","None","Yes","Straight Road",1014,"Bihar"
"Unknown",2019,"October","Tuesday",1899-12-30 16:04:00.000,"Fatal",3,"Pedestrian",6,3,"Hazy","Urban Road","Wet","Dawn","Signals",41,50,"Female","None","Yes","Intersection",1017,"Kerala"
"Unknown",2022,"November","Tuesday",1899-12-30 13:26:00.000,"Fatal",5,"Auto-Rickshaw",4,5,"Stormy","State Highway","Dry","Dusk","Police Checkpost",68,51,"Female","None","Yes","Curve",1027,"Jammu and Kashmir"
"Unknown",2022,"December","Thursday",1899-12-30 09:50:00.000,"Fatal",3,"Pedestrian",8,1,"Foggy","National Highway","Under Construction","Dusk","None",88,48,"Male","None","No","Bridge",1032,"Meghalaya"
"Unknown",2020,"November","Tuesday",1899-12-30 01:52:00.000,"Fatal",3,"Two-Wheeler",6,2,"Rainy","State Highway","Under Construction","Dark","Signs",116,36,"Male","None","Yes","Bridge",1044,"Mizoram"
"Unknown",2021,"September","Thursday",1899-12-30 21:57:00.000,"Fatal",2,"Auto-Rickshaw",5,5,"Clear","National Highway","Dry","Dusk","Signals",120,43,"Male","None","No","Straight Road",1068,"Telangana"
"Unknown",2018,"May","Saturday",1899-12-30 11:35:00.000,"Fatal",3,"Car",6,4,"Rainy","National Highway","Damaged","Daylight","Police Checkpost",103,52,"Female","None","Yes","Bridge",1090,"Mizoram"
"Unknown",2021,"August","Friday",1899-12-30 03:00:00.000,"Fatal",5,"Bus",1,3,"Foggy","State Highway","Dry","Daylight","None",47,39,"Female","None","Yes","Straight Road",1149,"Puducherry"
"Unknown",2020,"April","Saturday",1899-12-30 00:11:00.000,"Fatal",5,"Car",7,2,"Stormy","Urban Road","Damaged","Dark","None",81,53,"Male","None","Yes","Bridge",1192,"Jharkhand"
"Unknown",2021,"December","Sunday",1899-12-30 22:41:00.000,"Fatal",4,"Cycle",0,3,"Hazy","State Highway","Damaged","Dawn","Signs",39,39,"Male","None","No","Straight Road",1205,"Mizoram"
"Unknown",2021,"December","Wednesday",1899-12-30 06:39:00.000,"Fatal",1,"Pedestrian",0,2,"Clear","State Highway","Damaged","Dawn","Signs",103,67,"Female","None","Yes","Straight Road",1242,"Punjab"
"Unknown",2019,"September","Thursday",1899-12-30 12:40:00.000,"Fatal",5,"Bus",8,0,"Stormy","Urban Road","Under Construction","Daylight","Signs",90,41,"Female","None","Yes","Bridge",1249,"Manipur"
"Unknown",2022,"August","Monday",1899-12-30 04:34:00.000,"Fatal",4,"Bus",10,2,"Stormy","National Highway","Damaged","Dark","Signals",109,27,"Male","None","No","Straight Road",1263,"Puducherry"
"Unknown",2022,"September","Saturday",1899-12-30 06:44:00.000,"Fatal",3,"Two-Wheeler",4,4,"Stormy","National Highway","Dry","Dark","Signs",69,45,"Male","None","No","Bridge",1280,"Himachal Pradesh"
"Unknown",2020,"March","Friday",1899-12-30 20:15:00.000,"Fatal",5,"Two-Wheeler",7,3,"Foggy","State Highway","Under Construction","Dark","None",49,47,"Female","None","No","Bridge",1287,"Jammu and Kashmir"
"Unknown",2018,"November","Saturday",1899-12-30 13:10:00.000,"Fatal",5,"Car",0,4,"Stormy","National Highway","Under Construction","Dusk","None",120,47,"Female","None","No","Straight Road",1310,"Arunachal Pradesh"
"Unknown",2023,"October","Tuesday",1899-12-30 00:15:00.000,"Fatal",4,"Auto-Rickshaw",0,5,"Clear","Urban Road","Dry","Daylight","Police Checkpost",37,33,"Male","None","No","Bridge",1313,"Kerala"
"Unknown",2019,"August","Saturday",1899-12-30 09:08:00.000,"Fatal",3,"Two-Wheeler",6,1,"Rainy","State Highway","Under Construction","Dusk","None",104,22,"Female","None","Yes","Straight Road",1327,"Meghalaya"
"Unknown",2021,"February","Sunday",1899-12-30 01:47:00.000,"Fatal",3,"Pedestrian",10,3,"Stormy","National Highway","Dry","Dusk","Police Checkpost",67,55,"Female","None","No","Intersection",1338,"Puducherry"
"Unknown",2020,"July","Sunday",1899-12-30 17:40:00.000,"Fatal",5,"Car",0,2,"Foggy","Urban Road","Dry","Daylight","None",38,26,"Female","None","Yes","Intersection",1368,"Jharkhand"
"Unknown",2018,"August","Wednesday",1899-12-30 13:30:00.000,"Fatal",2,"Car",0,5,"Foggy","Urban Road","Under Construction","Dark","Signs",114,53,"Male","None","Yes","Bridge",1400,"Mizoram"
"Unknown",2022,"June","Tuesday",1899-12-30 19:09:00.000,"Fatal",1,"Pedestrian",3,0,"Hazy","Urban Road","Damaged","Dusk","None",39,20,"Male","None","Yes","Curve",1419,"Haryana"
"Unknown",2023,"March","Tuesday",1899-12-30 08:29:00.000,"Fatal",5,"Truck",3,0,"Rainy","State Highway","Damaged","Dawn","Police Checkpost",43,64,"Female","None","Yes","Straight Road",1421,"Meghalaya"
"Unknown",2022,"June","Monday",1899-12-30 03:52:00.000,"Fatal",2,"Cycle",2,0,"Stormy","State Highway","Dry","Dawn","Police Checkpost",31,50,"Male","None","Yes","Curve",1436,"Puducherry"
"Unknown",2018,"September","Sunday",1899-12-30 02:28:00.000,"Fatal",1,"Bus",1,1,"Hazy","State Highway","Damaged","Dawn","Signals",34,29,"Male","None","No","Straight Road",1438,"Mizoram"
"Unknown",2020,"February","Wednesday",1899-12-30 18:11:00.000,"Fatal",4,"Cycle",3,4,"Hazy","State Highway","Under Construction","Dawn","None",92,26,"Male","None","Yes","Bridge",1457,"Sikkim"
"Unknown",2022,"January","Monday",1899-12-30 17:34:00.000,"Fatal",2,"Cycle",10,3,"Hazy","Urban Road","Dry","Daylight","None",64,66,"Female","None","No","Intersection",1533,"Manipur"
"Unknown",2019,"December","Monday",1899-12-30 12:15:00.000,"Fatal",3,"Truck",3,2,"Hazy","Urban Road","Under Construction","Dusk","Signs",46,64,"Female","None","Yes","Intersection",1534,"Manipur"
"Unknown",2020,"December","Friday",1899-12-30 01:35:00.000,"Fatal",1,"Car",6,3,"Stormy","State Highway","Dry","Dark","None",56,62,"Female","None","Yes","Straight Road",1558,"Meghalaya"
"Unknown",2018,"September","Tuesday",1899-12-30 15:01:00.000,"Fatal",5,"Bus",0,1,"Stormy","Urban Road","Wet","Dusk","Police Checkpost",37,24,"Female","None","Yes","Straight Road",1579,"Arunachal Pradesh"
"Unknown",2021,"April","Friday",1899-12-30 12:01:00.000,"Fatal",5,"Truck",1,3,"Rainy","State Highway","Wet","Dusk","Police Checkpost",84,51,"Male","None","Yes","Curve",1628,"Goa"
"Unknown",2021,"September","Wednesday",1899-12-30 21:07:00.000,"Fatal",3,"Cycle",3,1,"Foggy","Urban Road","Damaged","Dawn","None",72,51,"Female","None","Yes","Curve",1648,"Puducherry"
"Unknown",2021,"October","Saturday",1899-12-30 06:52:00.000,"Fatal",1,"Truck",2,5,"Hazy","Urban Road","Damaged","Dusk","Signs",37,42,"Female","None","Yes","Bridge",1703,"Assam"
"Unknown",2022,"October","Tuesday",1899-12-30 20:31:00.000,"Fatal",5,"Truck",6,0,"Rainy","State Highway","Under Construction","Daylight","Signals",94,44,"Female","None","Yes","Intersection",1709,"Goa"
"Unknown",2022,"May","Wednesday",1899-12-30 06:36:00.000,"Fatal",4,"Bus",0,0,"Clear","National Highway","Dry","Dark","Signs",91,29,"Female","None","No","Straight Road",1732,"Goa"
"Unknown",2023,"March","Thursday",1899-12-30 14:05:00.000,"Fatal",1,"Car",7,5,"Clear","National Highway","Under Construction","Daylight","None",100,67,"Male","None","Yes","Straight Road",1756,"Goa"
"Unknown",2022,"August","Wednesday",1899-12-30 15:59:00.000,"Fatal",5,"Bus",4,0,"Hazy","Urban Road","Under Construction","Daylight","Signals",35,50,"Male","None","No","Bridge",1757,"Assam"
"Unknown",2021,"January","Thursday",1899-12-30 14:23:00.000,"Fatal",1,"Truck",7,4,"Rainy","State Highway","Dry","Dawn","Signs",114,69,"Female","None","No","Curve",1759,"Arunachal Pradesh"
"Unknown",2021,"February","Friday",1899-12-30 22:52:00.000,"Fatal",1,"Bus",2,5,"Rainy","Urban Road","Dry","Dark","Signs",93,18,"Male","None","No","Straight Road",1766,"Madhya Pradesh"
"Unknown",2018,"March","Thursday",1899-12-30 02:18:00.000,"Fatal",1,"Truck",5,5,"Foggy","Urban Road","Under Construction","Daylight","None",39,60,"Male","None","No","Bridge",1772,"Telangana"
"Unknown",2021,"October","Wednesday",1899-12-30 07:58:00.000,"Fatal",5,"Truck",1,5,"Clear","State Highway","Under Construction","Dusk","Signals",95,62,"Male","None","Yes","Intersection",1788,"Haryana"
"Unknown",2020,"September","Monday",1899-12-30 00:07:00.000,"Fatal",3,"Truck",2,2,"Stormy","State Highway","Under Construction","Dark","Signals",108,61,"Male","None","No","Bridge",1797,"Jharkhand"
"Unknown",2023,"February","Saturday",1899-12-30 01:24:00.000,"Fatal",4,"Bus",7,4,"Clear","Urban Road","Dry","Dark","Signs",74,31,"Male","None","Yes","Bridge",1808,"Meghalaya"
"Unknown",2022,"May","Friday",1899-12-30 03:41:00.000,"Fatal",1,"Pedestrian",9,5,"Foggy","State Highway","Damaged","Daylight","None",49,24,"Male","None","Yes","Bridge",1850,"Manipur"
"Unknown",2020,"February","Tuesday",1899-12-30 21:53:00.000,"Fatal",2,"Bus",5,5,"Clear","Urban Road","Dry","Daylight","Signs",118,54,"Female","None","Yes","Straight Road",1867,"Tripura"
"Unknown",2023,"February","Sunday",1899-12-30 00:50:00.000,"Fatal",2,"Bus",9,4,"Rainy","Urban Road","Under Construction","Dusk","Police Checkpost",69,28,"Female","None","Yes","Bridge",1872,"Chandigarh"
"Unknown",2018,"April","Friday",1899-12-30 15:35:00.000,"Fatal",1,"Bus",1,1,"Rainy","State Highway","Damaged","Dark","Police Checkpost",58,59,"Male","None","Yes","Bridge",1884,"Puducherry"
"Unknown",2020,"April","Monday",1899-12-30 16:38:00.000,"Fatal",2,"Two-Wheeler",8,1,"Clear","National Highway","Dry","Dark","Signals",93,32,"Male","None","No","Bridge",1921,"Manipur"
"Unknown",2021,"November","Tuesday",1899-12-30 21:07:00.000,"Fatal",5,"Bus",9,5,"Foggy","Urban Road","Wet","Dawn","Signals",45,66,"Female","None","Yes","Intersection",1954,"Telangana"
"Unknown",2023,"March","Saturday",1899-12-30 07:47:00.000,"Fatal",5,"Pedestrian",6,3,"Foggy","National Highway","Under Construction","Dawn","Signals",59,42,"Male","None","No","Curve",1961,"Jharkhand"
"Unknown",2018,"December","Friday",1899-12-30 23:26:00.000,"Fatal",5,"Bus",10,2,"Clear","State Highway","Damaged","Dusk","Signals",85,39,"Male","None","Yes","Curve",1963,"Chhattisgarh"
"Unknown",2022,"July","Thursday",1899-12-30 00:49:00.000,"Fatal",1,"Bus",8,5,"Clear","Urban Road","Under Construction","Daylight","None",33,52,"Female","None","No","Curve",2022,"Chhattisgarh"
"Unknown",2020,"November","Wednesday",1899-12-30 02:53:00.000,"Fatal",1,"Two-Wheeler",10,3,"Stormy","National Highway","Wet","Daylight","Signals",33,23,"Female","None","No","Straight Road",2024,"Manipur"
"Unknown",2018,"January","Sunday",1899-12-30 08:45:00.000,"Fatal",3,"Bus",6,2,"Stormy","Urban Road","Damaged","Dawn","None",108,37,"Female","None","Yes","Intersection",2036,"Chhattisgarh"
"Unknown",2023,"July","Thursday",1899-12-30 11:29:00.000,"Fatal",4,"Auto-Rickshaw",0,5,"Clear","National Highway","Wet","Dark","Signs",55,18,"Female","None","Yes","Curve",2037,"Chhattisgarh"
"Unknown",2021,"September","Thursday",1899-12-30 14:12:00.000,"Fatal",1,"Cycle",3,3,"Stormy","National Highway","Wet","Dusk","None",70,67,"Male","None","Yes","Curve",2039,"Tripura"
"Unknown",2022,"October","Sunday",1899-12-30 14:59:00.000,"Fatal",3,"Cycle",3,1,"Clear","State Highway","Damaged","Dawn","None",52,33,"Male","None","No","Curve",2042,"Uttarakhand"
"Unknown",2023,"July","Monday",1899-12-30 02:39:00.000,"Fatal",2,"Car",1,0,"Foggy","State Highway","Wet","Dusk","Signs",116,22,"Female","None","No","Bridge",2058,"Nagaland"
"Unknown",2018,"February","Monday",1899-12-30 15:33:00.000,"Fatal",1,"Bus",8,3,"Stormy","State Highway","Under Construction","Dusk","Police Checkpost",53,63,"Female","None","No","Straight Road",2089,"Goa"
"Unknown",2019,"March","Monday",1899-12-30 03:10:00.000,"Fatal",1,"Bus",1,2,"Clear","Urban Road","Wet","Dark","None",38,36,"Female","None","Yes","Curve",2118,"Uttarakhand"
"Unknown",2022,"August","Monday",1899-12-30 22:19:00.000,"Fatal",1,"Truck",3,3,"Foggy","Urban Road","Damaged","Dawn","Police Checkpost",58,22,"Male","None","No","Curve",2119,"Bihar"
"Unknown",2023,"October","Friday",1899-12-30 23:46:00.000,"Fatal",5,"Cycle",10,3,"Foggy","National Highway","Under Construction","Daylight","Police Checkpost",96,44,"Male","None","No","Intersection",2131,"Mizoram"
"Unknown",2023,"March","Thursday",1899-12-30 17:09:00.000,"Fatal",3,"Pedestrian",10,2,"Hazy","Urban Road","Wet","Dawn","Signs",105,57,"Male","None","Yes","Curve",2143,"Bihar"
"Unknown",2020,"October","Friday",1899-12-30 14:54:00.000,"Fatal",5,"Car",1,3,"Hazy","State Highway","Dry","Dawn","Police Checkpost",116,65,"Female","None","Yes","Intersection",2144,"Telangana"
"Unknown",2023,"August","Thursday",1899-12-30 17:45:00.000,"Fatal",1,"Truck",1,2,"Stormy","National Highway","Damaged","Dusk","None",87,31,"Female","None","Yes","Bridge",2150,"Arunachal Pradesh"
"Unknown",2023,"May","Saturday",1899-12-30 06:57:00.000,"Fatal",5,"Auto-Rickshaw",8,0,"Rainy","National Highway","Dry","Dusk","Police Checkpost",61,22,"Male","None","Yes","Intersection",2152,"Uttarakhand"
"Unknown",2020,"November","Friday",1899-12-30 20:15:00.000,"Fatal",4,"Cycle",6,3,"Stormy","State Highway","Wet","Daylight","Signals",33,57,"Female","None","Yes","Straight Road",2184,"Nagaland"
"Unknown",2021,"July","Tuesday",1899-12-30 19:51:00.000,"Fatal",5,"Bus",8,3,"Clear","Urban Road","Dry","Dusk","Signs",55,25,"Female","None","No","Curve",2201,"Himachal Pradesh"
"Unknown",2021,"December","Sunday",1899-12-30 02:01:00.000,"Fatal",4,"Bus",4,2,"Hazy","State Highway","Wet","Dusk","Police Checkpost",72,32,"Female","None","Yes","Curve",2215,"Mizoram"
"Unknown",2021,"July","Sunday",1899-12-30 17:53:00.000,"Fatal",3,"Pedestrian",10,0,"Foggy","State Highway","Wet","Dawn","None",60,26,"Female","None","Yes","Intersection",2226,"Uttarakhand"
"Unknown",2023,"October","Monday",1899-12-30 12:07:00.000,"Fatal",2,"Pedestrian",10,0,"Rainy","Urban Road","Dry","Dusk","None",53,31,"Male","None","Yes","Curve",2243,"Assam"
"Unknown",2018,"August","Saturday",1899-12-30 18:56:00.000,"Fatal",4,"Bus",4,5,"Stormy","National Highway","Dry","Dusk","Signs",104,35,"Female","None","Yes","Straight Road",2245,"Punjab"
"Unknown",2019,"May","Thursday",1899-12-30 09:38:00.000,"Fatal",1,"Pedestrian",5,0,"Foggy","National Highway","Damaged","Dark","Police Checkpost",78,26,"Male","None","Yes","Straight Road",2252,"Jharkhand"
"Unknown",2019,"August","Monday",1899-12-30 18:44:00.000,"Fatal",3,"Cycle",2,5,"Stormy","State Highway","Dry","Dark","Signs",35,32,"Male","None","Yes","Intersection",2270,"Arunachal Pradesh"
"Unknown",2019,"July","Tuesday",1899-12-30 06:28:00.000,"Fatal",2,"Truck",4,3,"Clear","Urban Road","Under Construction","Dawn","None",118,63,"Male","None","No","Straight Road",2289,"Assam"
"Unknown",2022,"February","Wednesday",1899-12-30 01:11:00.000,"Fatal",5,"Auto-Rickshaw",4,5,"Clear","National Highway","Under Construction","Daylight","None",52,67,"Male","None","Yes","Bridge",2305,"Haryana"
"Unknown",2021,"August","Friday",1899-12-30 18:55:00.000,"Fatal",4,"Cycle",0,2,"Stormy","National Highway","Damaged","Dawn","Signals",97,44,"Male","None","No","Curve",2311,"Tripura"
"Unknown",2022,"March","Thursday",1899-12-30 22:08:00.000,"Fatal",2,"Pedestrian",1,5,"Foggy","State Highway","Under Construction","Dawn","Signs",110,54,"Male","None","No","Straight Road",2316,"Bihar"
"Unknown",2023,"November","Monday",1899-12-30 01:19:00.000,"Fatal",1,"Pedestrian",8,4,"Foggy","Urban Road","Under Construction","Dark","Signals",71,54,"Male","None","No","Bridge",2322,"Madhya Pradesh"
"Unknown",2023,"November","Monday",1899-12-30 19:20:00.000,"Fatal",4,"Cycle",0,2,"Foggy","Urban Road","Dry","Dark","Signals",67,27,"Female","None","Yes","Intersection",2363,"Telangana"
"Unknown",2023,"September","Monday",1899-12-30 19:51:00.000,"Fatal",1,"Truck",3,5,"Foggy","National Highway","Damaged","Dark","None",60,63,"Male","None","Yes","Intersection",2371,"Telangana"
"Unknown",2022,"January","Friday",1899-12-30 14:55:00.000,"Fatal",1,"Two-Wheeler",7,5,"Clear","Urban Road","Damaged","Dawn","Signals",118,19,"Male","None","No","Intersection",2377,"Nagaland"
"Unknown",2023,"July","Wednesday",1899-12-30 22:21:00.000,"Fatal",1,"Bus",6,4,"Hazy","State Highway","Wet","Dark","Signals",60,47,"Male","None","No","Intersection",2385,"Sikkim"
"Unknown",2019,"May","Wednesday",1899-12-30 08:43:00.000,"Fatal",1,"Auto-Rickshaw",3,2,"Foggy","National Highway","Wet","Daylight","Police Checkpost",51,28,"Female","None","Yes","Curve",2411,"Jammu and Kashmir"
"Unknown",2018,"September","Tuesday",1899-12-30 23:14:00.000,"Fatal",2,"Truck",5,4,"Stormy","Urban Road","Under Construction","Daylight","Signs",59,42,"Male","None","No","Bridge",2504,"Goa"
"Unknown",2020,"October","Tuesday",1899-12-30 08:45:00.000,"Fatal",5,"Car",6,4,"Foggy","Urban Road","Damaged","Dark","Signs",117,20,"Male","None","No","Bridge",2507,"Telangana"
"Unknown",2022,"February","Tuesday",1899-12-30 21:48:00.000,"Fatal",4,"Two-Wheeler",7,2,"Foggy","National Highway","Damaged","Dawn","Police Checkpost",48,22,"Male","None","No","Straight Road",2625,"Bihar"
"Unknown",2019,"February","Wednesday",1899-12-30 08:12:00.000,"Fatal",4,"Car",3,1,"Hazy","State Highway","Wet","Dusk","Signs",80,68,"Male","None","Yes","Straight Road",2641,"Mizoram"
"Unknown",2019,"September","Tuesday",1899-12-30 06:20:00.000,"Fatal",3,"Two-Wheeler",3,3,"Rainy","Urban Road","Dry","Dawn","None",94,54,"Female","None","Yes","Bridge",2656,"Mizoram"
"Unknown",2018,"July","Thursday",1899-12-30 02:51:00.000,"Fatal",4,"Auto-Rickshaw",5,4,"Foggy","Urban Road","Under Construction","Daylight","Signs",93,30,"Male","None","No","Intersection",2660,"Chandigarh"
"Unknown",2019,"February","Tuesday",1899-12-30 07:57:00.000,"Fatal",2,"Bus",9,3,"Stormy","State Highway","Dry","Dusk","Signs",120,21,"Female","None","No","Intersection",2690,"Assam"
"Unknown",2020,"September","Tuesday",1899-12-30 04:59:00.000,"Fatal",2,"Cycle",9,5,"Clear","Urban Road","Wet","Dawn","None",54,56,"Male","None","No","Intersection",2733,"Madhya Pradesh"
"Unknown",2018,"January","Thursday",1899-12-30 10:32:00.000,"Fatal",2,"Auto-Rickshaw",4,3,"Foggy","National Highway","Dry","Daylight","Police Checkpost",86,47,"Male","None","No","Intersection",2773,"Puducherry"
"Unknown",2018,"March","Thursday",1899-12-30 07:49:00.000,"Fatal",1,"Truck",1,3,"Hazy","State Highway","Dry","Dusk","Police Checkpost",37,21,"Male","None","No","Curve",2803,"Jammu and Kashmir"
"Unknown",2019,"October","Thursday",1899-12-30 01:39:00.000,"Fatal",2,"Cycle",6,5,"Stormy","National Highway","Dry","Daylight","Police Checkpost",92,56,"Female","None","Yes","Bridge",2872,"Meghalaya"
"Unknown",2023,"October","Thursday",1899-12-30 18:20:00.000,"Fatal",5,"Cycle",1,4,"Rainy","Urban Road","Dry","Dark","Signs",120,70,"Male","None","Yes","Intersection",2901,"Uttarakhand"
"Unknown",2018,"March","Tuesday",1899-12-30 14:39:00.000,"Fatal",3,"Auto-Rickshaw",3,2,"Clear","Urban Road","Dry","Daylight","None",114,19,"Female","None","Yes","Intersection",2922,"Himachal Pradesh"
"Unknown",2019,"April","Thursday",1899-12-30 07:43:00.000,"Fatal",3,"Bus",8,4,"Rainy","State Highway","Damaged","Dark","Signs",45,34,"Female","None","No","Straight Road",2934,"Kerala"
"Unknown",2022,"November","Wednesday",1899-12-30 17:18:00.000,"Fatal",1,"Car",1,5,"Hazy","Urban Road","Damaged","Dark","Signs",102,52,"Female","None","No","Straight Road",2938,"Arunachal Pradesh"
"Unknown",2023,"March","Sunday",1899-12-30 22:16:00.000,"Fatal",5,"Pedestrian",6,0,"Clear","Urban Road","Wet","Daylight","Signs",99,48,"Female","None","No","Intersection",2962,"Puducherry"
"Unknown",2023,"November","Wednesday",1899-12-30 05:03:00.000,"Fatal",1,"Bus",3,0,"Clear","State Highway","Dry","Daylight","Signals",118,68,"Male","None","Yes","Curve",2988,"Jharkhand"
"Unknown",2018,"July","Sunday",1899-12-30 10:12:00.000,"Fatal",3,"Car",3,0,"Hazy","Urban Road","Under Construction","Daylight","None",86,23,"Female","None","Yes","Intersection",2997,"Uttarakhand"
"Unknown",2020,"September","Monday",1899-12-30 07:19:00.000,"Fatal",5,"Cycle",1,3,"Hazy","National Highway","Under Construction","Daylight","None",40,66,"Male","None","Yes","Bridge",3000,"Arunachal Pradesh"
"Unknown",2018,"February","Saturday",1899-12-30 15:01:00.000,"Fatal",3,"Auto-Rickshaw",0,4,"Clear","Village Road","Damaged","Dawn","None",35,23,"Female","None","Yes","Curve",68,"Goa"
"Unknown",2020,"December","Monday",1899-12-30 02:24:00.000,"Fatal",5,"Truck",9,0,"Clear","Village Road","Dry","Daylight","Signs",66,61,"Female","None","Yes","Straight Road",172,"Odisha"
"Unknown",2022,"February","Friday",1899-12-30 21:05:00.000,"Fatal",4,"Two-Wheeler",9,4,"Hazy","Village Road","Wet","Daylight","Signals",95,27,"Female","None","No","Intersection",211,"Goa"
"Unknown",2019,"December","Thursday",1899-12-30 11:33:00.000,"Fatal",3,"Pedestrian",7,0,"Rainy","Village Road","Under Construction","Daylight","Signals",75,66,"Female","None","Yes","Curve",237,"Arunachal Pradesh"
"Unknown",2022,"November","Wednesday",1899-12-30 20:31:00.000,"Fatal",3,"Pedestrian",9,3,"Clear","Village Road","Under Construction","Daylight","Police Checkpost",69,61,"Female","None","Yes","Curve",263,"Madhya Pradesh"
"Unknown",2020,"June","Tuesday",1899-12-30 09:21:00.000,"Fatal",4,"Bus",0,4,"Stormy","Village Road","Damaged","Dark","Police Checkpost",104,18,"Female","None","Yes","Intersection",326,"Mizoram"
"Unknown",2023,"January","Tuesday",1899-12-30 08:24:00.000,"Fatal",2,"Two-Wheeler",6,1,"Clear","Village Road","Under Construction","Dark","Signals",95,21,"Female","None","Yes","Bridge",337,"Assam"
"Unknown",2023,"April","Tuesday",1899-12-30 13:09:00.000,"Fatal",2,"Cycle",7,1,"Rainy","Village Road","Dry","Dawn","Signals",65,35,"Male","None","Yes","Straight Road",340,"Madhya Pradesh"
"Unknown",2019,"September","Tuesday",1899-12-30 19:05:00.000,"Fatal",1,"Cycle",5,3,"Rainy","Village Road","Wet","Dark","Police Checkpost",31,20,"Female","None","Yes","Bridge",353,"Nagaland"
"Unknown",2022,"October","Sunday",1899-12-30 16:42:00.000,"Fatal",1,"Two-Wheeler",8,5,"Stormy","Village Road","Dry","Daylight","Signals",88,60,"Female","None","Yes","Bridge",426,"Jammu and Kashmir"
"Unknown",2020,"August","Thursday",1899-12-30 03:11:00.000,"Fatal",3,"Car",10,2,"Foggy","Village Road","Dry","Dusk","Signals",120,18,"Female","None","Yes","Straight Road",573,"Jharkhand"
"Unknown",2023,"June","Thursday",1899-12-30 19:53:00.000,"Fatal",4,"Pedestrian",8,0,"Stormy","Village Road","Damaged","Dawn","Police Checkpost",78,31,"Female","None","Yes","Bridge",618,"Mizoram"
"Unknown",2021,"July","Saturday",1899-12-30 11:17:00.000,"Fatal",2,"Truck",8,0,"Foggy","Village Road","Wet","Dusk","None",69,38,"Female","None","No","Straight Road",670,"Puducherry"
"Unknown",2018,"March","Tuesday",1899-12-30 06:07:00.000,"Fatal",2,"Auto-Rickshaw",10,0,"Stormy","Village Road","Under Construction","Dawn","None",96,28,"Female","None","No","Straight Road",721,"Chhattisgarh"
"Unknown",2021,"November","Monday",1899-12-30 08:11:00.000,"Fatal",2,"Bus",7,1,"Clear","Village Road","Wet","Dawn","Signs",70,69,"Male","None","No","Bridge",740,"Madhya Pradesh"
"Unknown",2020,"March","Wednesday",1899-12-30 05:10:00.000,"Fatal",5,"Car",5,5,"Clear","Village Road","Wet","Dusk","None",58,35,"Female","None","Yes","Curve",747,"Kerala"
"Unknown",2018,"June","Sunday",1899-12-30 16:22:00.000,"Fatal",1,"Truck",3,1,"Stormy","Village Road","Under Construction","Dawn","Signs",94,39,"Female","None","Yes","Straight Road",878,"Goa"
"Unknown",2018,"January","Thursday",1899-12-30 13:18:00.000,"Fatal",3,"Auto-Rickshaw",1,3,"Foggy","Village Road","Damaged","Dusk","Signs",44,65,"Male","None","No","Intersection",952,"Nagaland"
"Unknown",2020,"December","Friday",1899-12-30 21:29:00.000,"Fatal",3,"Bus",6,0,"Clear","Village Road","Damaged","Dark","Signs",39,54,"Male","None","No","Curve",966,"Uttarakhand"
"Unknown",2019,"May","Saturday",1899-12-30 17:55:00.000,"Fatal",1,"Two-Wheeler",7,2,"Foggy","Village Road","Dry","Dusk","Signals",54,44,"Female","None","Yes","Bridge",1019,"Goa"
"Unknown",2020,"February","Tuesday",1899-12-30 19:39:00.000,"Fatal",3,"Truck",2,4,"Rainy","Village Road","Wet","Dark","Police Checkpost",41,70,"Female","None","Yes","Intersection",1028,"Madhya Pradesh"
"Unknown",2023,"January","Thursday",1899-12-30 08:53:00.000,"Fatal",5,"Two-Wheeler",9,4,"Rainy","Village Road","Damaged","Daylight","Police Checkpost",76,26,"Male","None","No","Bridge",1030,"Puducherry"
"Unknown",2023,"February","Wednesday",1899-12-30 03:47:00.000,"Fatal",4,"Pedestrian",7,3,"Clear","Village Road","Damaged","Daylight","Signals",117,65,"Female","None","No","Curve",1060,"Manipur"
"Unknown",2020,"July","Thursday",1899-12-30 00:32:00.000,"Fatal",2,"Truck",6,2,"Foggy","Village Road","Damaged","Dawn","None",98,25,"Male","None","No","Intersection",1118,"Puducherry"
"Unknown",2021,"February","Thursday",1899-12-30 01:38:00.000,"Fatal",3,"Truck",3,3,"Foggy","Village Road","Wet","Dawn","None",45,40,"Male","None","Yes","Straight Road",1198,"Uttarakhand"
"Unknown",2018,"April","Sunday",1899-12-30 23:33:00.000,"Fatal",5,"Two-Wheeler",10,2,"Hazy","Village Road","Damaged","Dawn","None",41,39,"Female","None","No","Bridge",1232,"Bihar"
"Unknown",2018,"May","Tuesday",1899-12-30 01:43:00.000,"Fatal",4,"Bus",2,1,"Rainy","Village Road","Under Construction","Dark","Signs",66,36,"Female","None","Yes","Bridge",1285,"Haryana"
"Unknown",2018,"July","Saturday",1899-12-30 07:37:00.000,"Fatal",1,"Car",1,3,"Hazy","Village Road","Dry","Daylight","Signs",47,59,"Female","None","No","Bridge",1299,"Chandigarh"
"Unknown",2018,"January","Saturday",1899-12-30 12:07:00.000,"Fatal",2,"Pedestrian",7,5,"Hazy","Village Road","Under Construction","Dark","None",117,39,"Male","None","Yes","Straight Road",1339,"Goa"
"Unknown",2020,"April","Saturday",1899-12-30 03:34:00.000,"Fatal",2,"Bus",9,5,"Stormy","Village Road","Dry","Dusk","Signals",120,44,"Female","None","Yes","Straight Road",1360,"Mizoram"
"Unknown",2019,"April","Sunday",1899-12-30 16:18:00.000,"Fatal",3,"Car",6,0,"Clear","Village Road","Under Construction","Dawn","Signs",80,40,"Female","None","Yes","Bridge",1430,"Goa"
"Unknown",2022,"November","Sunday",1899-12-30 15:24:00.000,"Fatal",4,"Bus",7,5,"Rainy","Village Road","Damaged","Dark","None",98,22,"Male","None","No","Bridge",1440,"Manipur"
"Unknown",2023,"August","Saturday",1899-12-30 19:23:00.000,"Fatal",2,"Cycle",6,4,"Clear","Village Road","Wet","Dark","Police Checkpost",117,30,"Female","None","No","Intersection",1448,"Jammu and Kashmir"
"Unknown",2018,"April","Thursday",1899-12-30 12:55:00.000,"Fatal",4,"Auto-Rickshaw",1,5,"Rainy","Village Road","Wet","Dark","Police Checkpost",78,34,"Male","None","No","Straight Road",1514,"Odisha"
"Unknown",2023,"September","Tuesday",1899-12-30 09:46:00.000,"Fatal",5,"Pedestrian",5,0,"Foggy","Village Road","Wet","Daylight","None",43,35,"Female","None","Yes","Straight Road",1547,"Himachal Pradesh"
"Unknown",2022,"December","Saturday",1899-12-30 11:40:00.000,"Fatal",4,"Pedestrian",7,5,"Clear","Village Road","Damaged","Dark","Police Checkpost",106,21,"Male","None","No","Bridge",1640,"Jammu and Kashmir"
"Unknown",2020,"April","Saturday",1899-12-30 00:40:00.000,"Fatal",3,"Two-Wheeler",6,2,"Hazy","Village Road","Under Construction","Daylight","None",82,27,"Female","None","No","Bridge",1658,"Puducherry"
"Unknown",2021,"March","Saturday",1899-12-30 10:31:00.000,"Fatal",1,"Pedestrian",1,0,"Foggy","Village Road","Damaged","Dusk","Signals",41,52,"Male","None","No","Bridge",1675,"Telangana"
"Unknown",2020,"October","Saturday",1899-12-30 00:47:00.000,"Fatal",1,"Cycle",2,5,"Stormy","Village Road","Wet","Daylight","Signals",108,40,"Male","None","No","Bridge",1681,"Kerala"
"Unknown",2023,"April","Sunday",1899-12-30 01:25:00.000,"Fatal",5,"Cycle",5,3,"Rainy","Village Road","Dry","Dark","Signs",79,47,"Male","None","Yes","Intersection",1810,"Puducherry"
"Unknown",2022,"May","Friday",1899-12-30 21:28:00.000,"Fatal",1,"Bus",9,1,"Foggy","Village Road","Wet","Dawn","Signs",110,67,"Male","None","No","Bridge",1812,"Punjab"
"Unknown",2023,"August","Wednesday",1899-12-30 18:16:00.000,"Fatal",3,"Cycle",2,3,"Stormy","Village Road","Damaged","Dark","Signals",120,27,"Male","None","No","Intersection",1848,"Puducherry"
"Unknown",2023,"August","Sunday",1899-12-30 23:23:00.000,"Fatal",3,"Pedestrian",1,5,"Stormy","Village Road","Wet","Dawn","Signs",70,43,"Female","None","Yes","Straight Road",1860,"Jammu and Kashmir"
"Unknown",2022,"February","Saturday",1899-12-30 17:29:00.000,"Fatal",5,"Bus",10,3,"Rainy","Village Road","Under Construction","Dawn","Police Checkpost",67,64,"Male","None","Yes","Curve",1866,"Telangana"
"Unknown",2019,"March","Thursday",1899-12-30 22:44:00.000,"Fatal",5,"Cycle",9,2,"Clear","Village Road","Dry","Daylight","Police Checkpost",65,52,"Female","None","Yes","Intersection",1883,"Puducherry"
"Unknown",2023,"October","Thursday",1899-12-30 07:37:00.000,"Fatal",1,"Auto-Rickshaw",8,3,"Foggy","Village Road","Dry","Dusk","Signs",84,18,"Female","None","No","Intersection",1914,"Nagaland"
"Unknown",2019,"September","Monday",1899-12-30 20:41:00.000,"Fatal",2,"Pedestrian",2,5,"Hazy","Village Road","Wet","Daylight","Signs",42,24,"Male","None","No","Straight Road",2054,"Madhya Pradesh"
"Unknown",2022,"July","Friday",1899-12-30 13:30:00.000,"Fatal",2,"Cycle",1,1,"Stormy","Village Road","Damaged","Dawn","None",90,45,"Male","None","Yes","Bridge",2090,"Arunachal Pradesh"
"Unknown",2020,"November","Monday",1899-12-30 18:53:00.000,"Fatal",4,"Bus",5,5,"Stormy","Village Road","Wet","Daylight","Signals",56,18,"Male","None","No","Curve",2135,"Arunachal Pradesh"
"Unknown",2018,"June","Wednesday",1899-12-30 02:30:00.000,"Fatal",4,"Cycle",0,3,"Stormy","Village Road","Damaged","Dusk","Police Checkpost",66,47,"Male","None","No","Intersection",2202,"Kerala"
"Unknown",2021,"September","Wednesday",1899-12-30 02:03:00.000,"Fatal",4,"Car",10,0,"Hazy","Village Road","Dry","Dusk","Signals",86,51,"Male","None","Yes","Straight Road",2209,"Haryana"
"Unknown",2019,"May","Saturday",1899-12-30 15:49:00.000,"Fatal",4,"Car",1,0,"Clear","Village Road","Wet","Dusk","Police Checkpost",77,60,"Female","None","Yes","Intersection",2229,"Kerala"
"Unknown",2023,"July","Friday",1899-12-30 17:07:00.000,"Fatal",5,"Auto-Rickshaw",10,0,"Hazy","Village Road","Wet","Dawn","Police Checkpost",33,27,"Female","None","No","Curve",2445,"Manipur"
"Unknown",2023,"July","Tuesday",1899-12-30 07:52:00.000,"Fatal",2,"Auto-Rickshaw",6,1,"Hazy","Village Road","Wet","Dawn","Signals",103,63,"Female","None","Yes","Straight Road",2491,"Mizoram"
"Unknown",2023,"October","Thursday",1899-12-30 01:25:00.000,"Fatal",3,"Bus",2,1,"Stormy","Village Road","Dry","Dawn","Police Checkpost",40,46,"Male","None","Yes","Intersection",2499,"Nagaland"
"Unknown",2018,"December","Friday",1899-12-30 06:06:00.000,"Fatal",5,"Two-Wheeler",1,4,"Stormy","Village Road","Under Construction","Daylight","Police Checkpost",80,40,"Female","None","No","Intersection",2523,"Haryana"
"Unknown",2018,"August","Thursday",1899-12-30 12:17:00.000,"Fatal",3,"Bus",2,3,"Clear","Village Road","Damaged","Daylight","Signs",107,24,"Male","None","Yes","Intersection",2563,"Odisha"
"Unknown",2020,"August","Friday",1899-12-30 23:43:00.000,"Fatal",1,"Pedestrian",0,4,"Stormy","Village Road","Damaged","Dark","Signs",64,37,"Female","None","No","Bridge",2590,"Sikkim"
"Unknown",2023,"December","Saturday",1899-12-30 20:27:00.000,"Fatal",2,"Pedestrian",4,5,"Rainy","Village Road","Under Construction","Dawn","Signs",54,23,"Female","None","No","Bridge",2611,"Punjab"
"Unknown",2023,"July","Tuesday",1899-12-30 21:52:00.000,"Fatal",1,"Auto-Rickshaw",2,0,"Hazy","Village Road","Dry","Dusk","Signals",118,45,"Female","None","No","Bridge",2613,"Chhattisgarh"
"Unknown",2019,"August","Wednesday",1899-12-30 18:24:00.000,"Fatal",1,"Two-Wheeler",6,5,"Stormy","Village Road","Wet","Dawn","Signs",78,54,"Female","None","Yes","Straight Road",2661,"Jammu and Kashmir"
"Unknown",2019,"August","Tuesday",1899-12-30 07:39:00.000,"Fatal",3,"Two-Wheeler",3,4,"Stormy","Village Road","Wet","Dark","Police Checkpost",38,37,"Male","None","Yes","Straight Road",2807,"Puducherry"
"Unknown",2018,"September","Wednesday",1899-12-30 08:30:00.000,"Fatal",2,"Cycle",2,2,"Rainy","Village Road","Wet","Daylight","Signals",50,28,"Female","None","Yes","Curve",2816,"Uttarakhand"
"Unknown",2020,"April","Thursday",1899-12-30 05:49:00.000,"Fatal",4,"Truck",1,4,"Foggy","Village Road","Dry","Dusk","Signals",73,27,"Female","None","Yes","Curve",2910,"Chandigarh"
"Unknown",2023,"June","Sunday",1899-12-30 09:11:00.000,"Fatal",5,"Pedestrian",8,2,"Clear","Village Road","Under Construction","Daylight","Signals",109,48,"Male","None","Yes","Curve",2917,"Haryana"
"Unknown",2022,"April","Wednesday",1899-12-30 13:35:00.000,"Fatal",5,"Car",7,0,"Foggy","Village Road","Dry","Dusk","None",66,53,"Female","None","Yes","Straight Road",2931,"Madhya Pradesh"
"Unknown",2023,"May","Wednesday",1899-12-30 05:37:00.000,"Minor",5,"Pedestrian",6,5,"Foggy","National Highway","Under Construction","Dawn","Signs",120,26,"Female","None","No","Bridge",3,"Chhattisgarh"
"Unknown",2021,"August","Thursday",1899-12-30 11:21:00.000,"Minor",5,"Cycle",7,1,"Foggy","Urban Road","Wet","Dusk","Signs",115,30,"Male","None","No","Intersection",5,"Sikkim"
"Unknown",2020,"April","Thursday",1899-12-30 22:25:00.000,"Minor",5,"Pedestrian",1,3,"Hazy","National Highway","Dry","Dusk","Signals",35,49,"Female","None","No","Straight Road",11,"Himachal Pradesh"
"Unknown",2018,"August","Friday",1899-12-30 12:06:00.000,"Minor",4,"Cycle",4,5,"Stormy","State Highway","Under Construction","Dusk","Signals",60,44,"Female","None","No","Curve",16,"Arunachal Pradesh"
"Unknown",2019,"April","Wednesday",1899-12-30 15:58:00.000,"Minor",2,"Pedestrian",7,5,"Clear","State Highway","Under Construction","Daylight","Police Checkpost",71,65,"Male","None","No","Straight Road",27,"Madhya Pradesh"
"Unknown",2023,"August","Saturday",1899-12-30 17:37:00.000,"Minor",2,"Pedestrian",8,3,"Stormy","National Highway","Dry","Dawn","None",30,40,"Male","None","Yes","Bridge",35,"Telangana"
"Unknown",2022,"May","Sunday",1899-12-30 09:10:00.000,"Minor",5,"Auto-Rickshaw",1,4,"Hazy","State Highway","Damaged","Dawn","Police Checkpost",114,25,"Female","None","Yes","Straight Road",54,"Uttarakhand"
"Unknown",2020,"April","Saturday",1899-12-30 19:42:00.000,"Minor",1,"Car",3,2,"Clear","Village Road","Damaged","Dark","Signals",43,60,"Female","None","No","Straight Road",79,"Assam"
"Unknown",2022,"May","Saturday",1899-12-30 12:31:00.000,"Minor",2,"Bus",4,4,"Stormy","Urban Road","Damaged","Dark","None",82,27,"Female","None","Yes","Bridge",93,"Assam"
"Unknown",2020,"February","Saturday",1899-12-30 12:07:00.000,"Minor",2,"Car",1,2,"Stormy","Village Road","Damaged","Dusk","None",73,61,"Female","None","Yes","Curve",99,"Assam"
"Unknown",2019,"October","Wednesday",1899-12-30 08:16:00.000,"Minor",1,"Auto-Rickshaw",10,5,"Hazy","National Highway","Under Construction","Dusk","Signs",50,61,"Female","None","No","Curve",114,"Jharkhand"
"Unknown",2023,"May","Friday",1899-12-30 02:20:00.000,"Minor",3,"Truck",0,0,"Clear","National Highway","Dry","Dusk","Signs",66,50,"Male","None","Yes","Intersection",117,"Punjab"
"Unknown",2020,"June","Monday",1899-12-30 03:19:00.000,"Minor",5,"Two-Wheeler",10,1,"Stormy","Urban Road","Damaged","Dusk","None",73,50,"Male","None","Yes","Curve",119,"Telangana"
"Unknown",2023,"August","Sunday",1899-12-30 06:01:00.000,"Minor",1,"Cycle",9,0,"Foggy","Urban Road","Dry","Dusk","Signs",70,50,"Female","None","No","Curve",135,"Haryana"
"Unknown",2018,"March","Monday",1899-12-30 08:16:00.000,"Minor",1,"Pedestrian",0,1,"Foggy","National Highway","Under Construction","Dark","None",53,48,"Female","None","Yes","Curve",145,"Nagaland"
"Unknown",2022,"November","Saturday",1899-12-30 07:50:00.000,"Minor",5,"Two-Wheeler",8,2,"Foggy","National Highway","Damaged","Daylight","None",54,43,"Female","None","Yes","Intersection",152,"Assam"
"Unknown",2023,"July","Saturday",1899-12-30 10:14:00.000,"Minor",5,"Pedestrian",5,4,"Clear","Urban Road","Wet","Dark","Signals",111,58,"Male","None","No","Intersection",182,"Punjab"
"Unknown",2020,"April","Saturday",1899-12-30 04:09:00.000,"Minor",5,"Pedestrian",5,2,"Stormy","State Highway","Under Construction","Dark","Police Checkpost",120,40,"Female","None","No","Bridge",199,"Sikkim"
"Unknown",2021,"November","Sunday",1899-12-30 13:44:00.000,"Minor",4,"Car",9,4,"Stormy","State Highway","Under Construction","Daylight","None",49,53,"Female","None","Yes","Curve",209,"Uttarakhand"
"Unknown",2018,"May","Tuesday",1899-12-30 06:54:00.000,"Minor",1,"Cycle",1,2,"Clear","National Highway","Wet","Dusk","Signs",119,40,"Female","None","Yes","Bridge",251,"Goa"
"Unknown",2020,"January","Sunday",1899-12-30 20:05:00.000,"Minor",4,"Two-Wheeler",7,5,"Clear","National Highway","Under Construction","Dawn","Signs",81,35,"Female","None","Yes","Straight Road",257,"Madhya Pradesh"
"Unknown",2020,"January","Friday",1899-12-30 06:37:00.000,"Minor",5,"Pedestrian",8,1,"Rainy","National Highway","Damaged","Dusk","Police Checkpost",82,61,"Female","None","No","Intersection",270,"Tripura"
"Unknown",2019,"November","Wednesday",1899-12-30 14:26:00.000,"Minor",1,"Cycle",3,1,"Stormy","Urban Road","Damaged","Dusk","Police Checkpost",62,62,"Male","None","No","Bridge",277,"Goa"
"Unknown",2019,"October","Thursday",1899-12-30 02:04:00.000,"Minor",2,"Cycle",4,5,"Clear","Urban Road","Under Construction","Daylight","Signs",58,18,"Female","None","No","Curve",301,"Manipur"
"Unknown",2023,"July","Friday",1899-12-30 12:30:00.000,"Minor",2,"Cycle",4,0,"Rainy","National Highway","Dry","Dark","None",37,67,"Male","None","No","Bridge",310,"Sikkim"
"Unknown",2022,"January","Sunday",1899-12-30 01:23:00.000,"Minor",4,"Truck",10,1,"Hazy","National Highway","Damaged","Daylight","None",59,48,"Male","None","No","Straight Road",330,"Goa"
"Unknown",2019,"January","Sunday",1899-12-30 20:13:00.000,"Minor",3,"Auto-Rickshaw",2,4,"Clear","Village Road","Dry","Dark","None",96,53,"Male","None","Yes","Intersection",335,"Haryana"
"Unknown",2020,"October","Friday",1899-12-30 14:37:00.000,"Minor",3,"Bus",2,0,"Clear","Urban Road","Under Construction","Dusk","Signals",104,43,"Male","None","Yes","Straight Road",354,"Odisha"
"Unknown",2019,"April","Friday",1899-12-30 23:24:00.000,"Minor",5,"Two-Wheeler",5,3,"Rainy","Urban Road","Damaged","Dawn","Signs",59,32,"Female","None","Yes","Bridge",363,"Haryana"
"Unknown",2022,"April","Tuesday",1899-12-30 08:58:00.000,"Minor",4,"Bus",3,2,"Stormy","National Highway","Damaged","Daylight","Signs",115,70,"Male","None","No","Curve",403,"Chhattisgarh"
"Unknown",2019,"June","Monday",1899-12-30 16:15:00.000,"Minor",3,"Car",3,0,"Stormy","State Highway","Dry","Dusk","Signals",37,58,"Female","None","No","Curve",404,"Uttarakhand"
"Unknown",2023,"September","Thursday",1899-12-30 14:29:00.000,"Minor",3,"Bus",0,1,"Foggy","State Highway","Damaged","Dawn","None",64,19,"Male","None","No","Straight Road",405,"Goa"
"Unknown",2021,"January","Sunday",1899-12-30 00:31:00.000,"Minor",3,"Pedestrian",9,5,"Rainy","Urban Road","Damaged","Dawn","Police Checkpost",107,25,"Male","None","No","Straight Road",415,"Chhattisgarh"
"Unknown",2022,"July","Saturday",1899-12-30 14:16:00.000,"Minor",5,"Pedestrian",9,3,"Stormy","Village Road","Under Construction","Daylight","Signals",107,40,"Male","None","Yes","Bridge",437,"Kerala"
"Unknown",2019,"January","Monday",1899-12-30 22:47:00.000,"Minor",5,"Cycle",8,3,"Foggy","State Highway","Under Construction","Dawn","Signs",89,69,"Male","None","Yes","Curve",441,"Chandigarh"
"Unknown",2020,"July","Tuesday",1899-12-30 15:10:00.000,"Minor",4,"Car",0,3,"Rainy","National Highway","Wet","Daylight","None",58,18,"Female","None","No","Straight Road",451,"Chandigarh"
"Unknown",2018,"December","Saturday",1899-12-30 17:17:00.000,"Minor",1,"Two-Wheeler",3,4,"Hazy","State Highway","Dry","Dark","Signals",112,32,"Female","None","Yes","Straight Road",466,"Jammu and Kashmir"
"Unknown",2022,"March","Monday",1899-12-30 20:19:00.000,"Minor",1,"Two-Wheeler",7,1,"Hazy","Village Road","Under Construction","Daylight","None",118,38,"Female","None","No","Curve",475,"Sikkim"
"Unknown",2021,"October","Monday",1899-12-30 13:22:00.000,"Minor",2,"Pedestrian",4,2,"Clear","National Highway","Wet","Daylight","Police Checkpost",51,36,"Male","None","Yes","Bridge",486,"Sikkim"
"Unknown",2023,"December","Thursday",1899-12-30 00:45:00.000,"Minor",1,"Bus",2,3,"Stormy","State Highway","Dry","Dawn","Police Checkpost",93,60,"Female","None","Yes","Bridge",521,"Goa"
"Unknown",2018,"April","Saturday",1899-12-30 02:27:00.000,"Minor",3,"Car",8,0,"Foggy","Urban Road","Dry","Dark","Police Checkpost",36,18,"Female","None","Yes","Straight Road",546,"Assam"
"Unknown",2018,"October","Monday",1899-12-30 16:54:00.000,"Minor",2,"Bus",4,3,"Clear","Urban Road","Damaged","Dark","Police Checkpost",46,53,"Female","None","Yes","Intersection",562,"Arunachal Pradesh"
"Unknown",2021,"March","Sunday",1899-12-30 17:45:00.000,"Minor",2,"Pedestrian",9,3,"Stormy","Urban Road","Damaged","Daylight","Signals",62,28,"Male","None","Yes","Bridge",568,"Manipur"
"Unknown",2023,"September","Saturday",1899-12-30 04:13:00.000,"Minor",4,"Car",4,2,"Foggy","Urban Road","Dry","Dark","Signals",44,46,"Male","None","Yes","Straight Road",589,"Assam"
"Unknown",2018,"May","Wednesday",1899-12-30 06:42:00.000,"Minor",2,"Truck",9,4,"Stormy","National Highway","Dry","Dawn","Police Checkpost",75,56,"Male","None","No","Intersection",597,"Odisha"
"Unknown",2023,"February","Wednesday",1899-12-30 01:06:00.000,"Minor",4,"Auto-Rickshaw",5,5,"Foggy","State Highway","Dry","Dark","Signals",65,57,"Male","None","Yes","Straight Road",607,"Mizoram"
"Unknown",2019,"November","Tuesday",1899-12-30 05:07:00.000,"Minor",1,"Truck",9,5,"Hazy","National Highway","Dry","Dawn","Signals",34,33,"Male","None","No","Curve",612,"Arunachal Pradesh"
"Unknown",2020,"December","Tuesday",1899-12-30 16:35:00.000,"Minor",4,"Two-Wheeler",2,5,"Hazy","State Highway","Wet","Dawn","Signs",57,18,"Female","None","No","Bridge",636,"Meghalaya"
"Unknown",2021,"February","Wednesday",1899-12-30 19:49:00.000,"Minor",4,"Auto-Rickshaw",6,4,"Hazy","Village Road","Damaged","Daylight","None",51,68,"Female","None","No","Intersection",671,"Sikkim"
"Unknown",2021,"June","Thursday",1899-12-30 20:32:00.000,"Minor",2,"Auto-Rickshaw",1,0,"Rainy","Village Road","Under Construction","Dusk","Signs",54,19,"Female","None","Yes","Bridge",675,"Himachal Pradesh"
"Unknown",2020,"March","Monday",1899-12-30 06:39:00.000,"Minor",3,"Pedestrian",4,1,"Stormy","State Highway","Wet","Daylight","Signals",43,25,"Male","None","No","Straight Road",683,"Sikkim"
"Unknown",2022,"May","Friday",1899-12-30 21:29:00.000,"Minor",1,"Pedestrian",8,4,"Hazy","Urban Road","Dry","Daylight","Signs",51,30,"Male","None","No","Bridge",688,"Chandigarh"
"Unknown",2019,"March","Wednesday",1899-12-30 07:27:00.000,"Minor",2,"Two-Wheeler",4,0,"Rainy","Urban Road","Wet","Daylight","None",71,20,"Male","None","Yes","Intersection",722,"Tripura"
"Unknown",2018,"February","Thursday",1899-12-30 01:52:00.000,"Minor",5,"Car",9,5,"Rainy","State Highway","Damaged","Dawn","Signs",107,48,"Male","None","No","Straight Road",756,"Mizoram"
"Unknown",2018,"January","Tuesday",1899-12-30 23:21:00.000,"Minor",5,"Cycle",6,5,"Stormy","Urban Road","Wet","Dusk","Signs",101,25,"Male","None","Yes","Bridge",771,"Telangana"
"Unknown",2021,"January","Monday",1899-12-30 08:34:00.000,"Minor",4,"Two-Wheeler",4,2,"Stormy","Village Road","Under Construction","Dusk","Signals",120,33,"Female","None","No","Curve",776,"Chandigarh"
"Unknown",2021,"December","Thursday",1899-12-30 15:07:00.000,"Minor",4,"Pedestrian",5,3,"Stormy","Village Road","Wet","Dark","Signs",59,64,"Male","None","No","Straight Road",782,"Goa"
"Unknown",2018,"October","Saturday",1899-12-30 14:17:00.000,"Minor",1,"Pedestrian",9,1,"Rainy","State Highway","Dry","Dark","Police Checkpost",57,29,"Female","None","No","Intersection",785,"Meghalaya"
"Unknown",2018,"June","Friday",1899-12-30 11:11:00.000,"Minor",3,"Pedestrian",4,2,"Stormy","Urban Road","Under Construction","Dark","Signals",46,36,"Male","None","No","Intersection",799,"Goa"
"Unknown",2018,"April","Wednesday",1899-12-30 09:55:00.000,"Minor",5,"Pedestrian",9,2,"Foggy","Urban Road","Damaged","Daylight","None",81,54,"Male","None","No","Straight Road",808,"Chandigarh"
"Unknown",2023,"February","Sunday",1899-12-30 16:59:00.000,"Minor",2,"Bus",2,2,"Foggy","Urban Road","Damaged","Dusk","Police Checkpost",56,60,"Female","None","Yes","Curve",809,"Mizoram"
"Unknown",2020,"March","Monday",1899-12-30 06:01:00.000,"Minor",3,"Bus",2,1,"Hazy","National Highway","Dry","Daylight","Signals",87,61,"Female","None","Yes","Intersection",826,"Jammu and Kashmir"
"Unknown",2019,"March","Friday",1899-12-30 15:33:00.000,"Minor",2,"Pedestrian",7,5,"Rainy","National Highway","Dry","Dusk","None",38,46,"Female","None","Yes","Bridge",845,"Kerala"
"Unknown",2021,"August","Sunday",1899-12-30 16:13:00.000,"Minor",5,"Bus",1,2,"Hazy","State Highway","Damaged","Dark","Signs",55,24,"Male","None","No","Straight Road",851,"Nagaland"
"Unknown",2021,"September","Sunday",1899-12-30 07:29:00.000,"Minor",5,"Auto-Rickshaw",8,5,"Clear","State Highway","Wet","Dark","Signals",36,33,"Male","None","No","Curve",852,"Goa"
"Unknown",2023,"May","Friday",1899-12-30 08:34:00.000,"Minor",1,"Pedestrian",2,4,"Rainy","State Highway","Under Construction","Dusk","Police Checkpost",77,66,"Male","None","Yes","Straight Road",855,"Arunachal Pradesh"
"Unknown",2023,"October","Sunday",1899-12-30 06:39:00.000,"Minor",3,"Auto-Rickshaw",1,2,"Rainy","State Highway","Dry","Dark","Police Checkpost",58,67,"Male","None","No","Bridge",863,"Sikkim"
"Unknown",2020,"March","Tuesday",1899-12-30 03:05:00.000,"Minor",5,"Pedestrian",2,2,"Stormy","National Highway","Damaged","Dawn","Police Checkpost",45,30,"Female","None","Yes","Straight Road",864,"Assam"
"Unknown",2020,"May","Friday",1899-12-30 23:17:00.000,"Minor",2,"Pedestrian",10,0,"Hazy","State Highway","Wet","Dusk","Signs",61,61,"Male","None","Yes","Straight Road",886,"Punjab"
"Unknown",2022,"January","Friday",1899-12-30 18:51:00.000,"Minor",5,"Pedestrian",10,4,"Stormy","Village Road","Damaged","Dawn","None",86,19,"Male","None","No","Bridge",892,"Jharkhand"
"Unknown",2023,"August","Thursday",1899-12-30 12:40:00.000,"Minor",5,"Pedestrian",0,5,"Clear","State Highway","Under Construction","Dark","Signs",79,43,"Male","None","No","Straight Road",902,"Uttarakhand"
"Unknown",2020,"August","Tuesday",1899-12-30 19:14:00.000,"Minor",3,"Truck",10,2,"Rainy","Urban Road","Damaged","Dark","Signs",79,37,"Male","None","Yes","Intersection",912,"Jharkhand"
"Unknown",2019,"January","Monday",1899-12-30 17:02:00.000,"Minor",4,"Pedestrian",6,2,"Stormy","Urban Road","Wet","Dusk","Signals",91,50,"Female","None","No","Bridge",923,"Kerala"
"Unknown",2023,"February","Saturday",1899-12-30 12:05:00.000,"Minor",2,"Pedestrian",9,4,"Stormy","Village Road","Wet","Dusk","None",66,65,"Male","None","No","Curve",936,"Uttarakhand"
"Unknown",2018,"June","Saturday",1899-12-30 03:58:00.000,"Minor",1,"Truck",8,1,"Rainy","National Highway","Under Construction","Dusk","Signals",74,49,"Male","None","No","Bridge",937,"Punjab"
"Unknown",2018,"August","Thursday",1899-12-30 07:49:00.000,"Minor",4,"Auto-Rickshaw",9,3,"Clear","State Highway","Dry","Dark","Signals",40,36,"Male","None","No","Bridge",943,"Chhattisgarh"
"Unknown",2020,"February","Wednesday",1899-12-30 13:13:00.000,"Minor",2,"Bus",3,0,"Rainy","State Highway","Under Construction","Dusk","Signals",57,29,"Female","None","No","Bridge",972,"Kerala"
"Unknown",2022,"March","Saturday",1899-12-30 23:32:00.000,"Minor",5,"Cycle",2,4,"Stormy","Village Road","Damaged","Dawn","Signs",36,37,"Female","None","Yes","Curve",982,"Assam"
"Unknown",2021,"February","Monday",1899-12-30 05:00:00.000,"Minor",3,"Car",4,0,"Clear","Village Road","Wet","Dark","Police Checkpost",53,62,"Female","None","No","Curve",987,"Telangana"
"Unknown",2019,"July","Friday",1899-12-30 21:19:00.000,"Minor",1,"Truck",9,0,"Stormy","National Highway","Dry","Dark","Signs",108,44,"Female","None","No","Bridge",989,"Himachal Pradesh"
"Unknown",2023,"January","Friday",1899-12-30 19:19:00.000,"Minor",3,"Two-Wheeler",0,3,"Clear","Urban Road","Dry","Dawn","Signals",49,21,"Male","None","No","Intersection",1003,"Telangana"
"Unknown",2019,"August","Tuesday",1899-12-30 04:02:00.000,"Minor",1,"Auto-Rickshaw",1,5,"Rainy","Village Road","Wet","Dark","None",72,22,"Female","None","No","Bridge",1061,"Chandigarh"
"Unknown",2020,"September","Monday",1899-12-30 12:59:00.000,"Minor",5,"Truck",10,3,"Hazy","National Highway","Damaged","Dawn","None",64,68,"Female","None","Yes","Curve",1075,"Kerala"
"Unknown",2018,"July","Monday",1899-12-30 16:18:00.000,"Minor",3,"Pedestrian",9,3,"Hazy","Village Road","Under Construction","Dawn","Police Checkpost",118,70,"Female","None","Yes","Intersection",1125,"Assam"
"Unknown",2020,"November","Tuesday",1899-12-30 22:34:00.000,"Minor",3,"Pedestrian",6,5,"Stormy","National Highway","Wet","Dawn","Signals",71,36,"Female","None","Yes","Straight Road",1172,"Jharkhand"
"Unknown",2018,"November","Thursday",1899-12-30 03:33:00.000,"Minor",3,"Bus",6,1,"Stormy","Urban Road","Under Construction","Dark","None",31,53,"Male","None","No","Bridge",1181,"Sikkim"
"Unknown",2022,"May","Saturday",1899-12-30 02:35:00.000,"Minor",2,"Two-Wheeler",8,1,"Rainy","State Highway","Under Construction","Dawn","None",69,52,"Male","None","Yes","Straight Road",1193,"Mizoram"
"Unknown",2022,"August","Wednesday",1899-12-30 10:10:00.000,"Minor",2,"Truck",0,4,"Rainy","National Highway","Wet","Dawn","Signs",37,39,"Male","None","No","Curve",1194,"Odisha"
"Unknown",2022,"January","Sunday",1899-12-30 17:55:00.000,"Minor",4,"Cycle",1,0,"Hazy","State Highway","Dry","Dusk","Signals",31,30,"Female","None","Yes","Curve",1195,"Assam"
"Unknown",2022,"January","Friday",1899-12-30 23:22:00.000,"Minor",1,"Truck",9,1,"Rainy","National Highway","Under Construction","Dusk","Signs",84,50,"Female","None","Yes","Curve",1210,"Himachal Pradesh"
"Unknown",2019,"May","Wednesday",1899-12-30 07:25:00.000,"Minor",5,"Truck",5,1,"Hazy","State Highway","Dry","Daylight","Signals",95,26,"Male","None","No","Bridge",1218,"Mizoram"
"Unknown",2018,"November","Thursday",1899-12-30 03:46:00.000,"Minor",4,"Cycle",6,2,"Foggy","Village Road","Damaged","Dusk","Police Checkpost",120,28,"Female","None","No","Intersection",1227,"Nagaland"
"Unknown",2020,"May","Monday",1899-12-30 08:02:00.000,"Minor",1,"Truck",1,0,"Rainy","National Highway","Damaged","Daylight","Signs",68,66,"Female","None","Yes","Straight Road",1228,"Himachal Pradesh"
"Unknown",2019,"May","Wednesday",1899-12-30 15:35:00.000,"Minor",1,"Auto-Rickshaw",4,1,"Rainy","Village Road","Under Construction","Daylight","None",55,59,"Female","None","Yes","Curve",1248,"Himachal Pradesh"
"Unknown",2022,"September","Friday",1899-12-30 19:41:00.000,"Minor",1,"Auto-Rickshaw",7,4,"Clear","State Highway","Wet","Dawn","Police Checkpost",31,56,"Female","None","Yes","Intersection",1256,"Meghalaya"
"Unknown",2021,"August","Saturday",1899-12-30 10:15:00.000,"Minor",5,"Pedestrian",4,5,"Hazy","State Highway","Under Construction","Dusk","Police Checkpost",90,27,"Female","None","Yes","Bridge",1268,"Manipur"
"Unknown",2018,"February","Sunday",1899-12-30 07:30:00.000,"Minor",2,"Auto-Rickshaw",0,2,"Rainy","Village Road","Dry","Daylight","Signals",64,60,"Male","None","No","Curve",1270,"Odisha"
"Unknown",2018,"February","Friday",1899-12-30 01:05:00.000,"Minor",1,"Car",4,4,"Rainy","Urban Road","Dry","Daylight","Signals",47,27,"Female","None","Yes","Bridge",1272,"Kerala"
"Unknown",2023,"January","Tuesday",1899-12-30 16:53:00.000,"Minor",1,"Auto-Rickshaw",0,2,"Rainy","National Highway","Wet","Dusk","Police Checkpost",80,54,"Male","None","Yes","Curve",1276,"Haryana"
"Unknown",2021,"April","Tuesday",1899-12-30 17:24:00.000,"Minor",4,"Two-Wheeler",2,0,"Rainy","State Highway","Damaged","Dawn","Signs",45,36,"Male","None","Yes","Intersection",1290,"Punjab"
"Unknown",2020,"November","Monday",1899-12-30 17:37:00.000,"Minor",4,"Pedestrian",9,4,"Rainy","State Highway","Dry","Dark","None",43,56,"Female","None","No","Intersection",1296,"Madhya Pradesh"
"Unknown",2022,"April","Thursday",1899-12-30 14:30:00.000,"Minor",2,"Auto-Rickshaw",6,3,"Rainy","Urban Road","Wet","Daylight","None",65,37,"Male","None","No","Straight Road",1297,"Odisha"
"Unknown",2021,"June","Saturday",1899-12-30 10:30:00.000,"Minor",1,"Pedestrian",3,1,"Rainy","Urban Road","Damaged","Dusk","Police Checkpost",96,32,"Male","None","No","Bridge",1308,"Himachal Pradesh"
"Unknown",2019,"July","Wednesday",1899-12-30 01:22:00.000,"Minor",4,"Two-Wheeler",0,3,"Hazy","State Highway","Dry","Dusk","Signals",102,61,"Female","None","No","Curve",1322,"Punjab"
"Unknown",2022,"March","Wednesday",1899-12-30 08:06:00.000,"Minor",5,"Auto-Rickshaw",4,5,"Stormy","State Highway","Under Construction","Dusk","Police Checkpost",113,46,"Female","None","No","Bridge",1336,"Telangana"
"Unknown",2022,"January","Sunday",1899-12-30 11:42:00.000,"Minor",5,"Two-Wheeler",9,2,"Hazy","Urban Road","Damaged","Daylight","Signs",92,67,"Female","None","No","Straight Road",1341,"Haryana"
"Unknown",2018,"June","Friday",1899-12-30 00:37:00.000,"Minor",2,"Car",10,5,"Clear","Village Road","Wet","Dark","Signals",86,23,"Male","None","Yes","Straight Road",1371,"Goa"
"Unknown",2019,"December","Wednesday",1899-12-30 12:58:00.000,"Minor",5,"Cycle",6,4,"Rainy","Urban Road","Under Construction","Daylight","None",103,43,"Male","None","Yes","Bridge",1372,"Chandigarh"
"Unknown",2021,"July","Sunday",1899-12-30 15:59:00.000,"Minor",3,"Auto-Rickshaw",5,3,"Hazy","National Highway","Damaged","Dawn","None",51,37,"Male","None","No","Straight Road",1383,"Arunachal Pradesh"
"Unknown",2020,"June","Saturday",1899-12-30 06:17:00.000,"Minor",2,"Pedestrian",8,4,"Rainy","National Highway","Damaged","Dawn","Police Checkpost",100,30,"Female","None","Yes","Straight Road",1393,"Goa"
"Unknown",2021,"November","Wednesday",1899-12-30 14:28:00.000,"Minor",4,"Auto-Rickshaw",2,2,"Rainy","National Highway","Under Construction","Daylight","None",37,49,"Female","None","No","Curve",1404,"Haryana"
"Unknown",2022,"August","Tuesday",1899-12-30 14:25:00.000,"Minor",2,"Cycle",5,5,"Foggy","National Highway","Wet","Dusk","Signals",110,23,"Female","None","Yes","Intersection",1423,"Haryana"
"Unknown",2021,"July","Sunday",1899-12-30 17:03:00.000,"Minor",3,"Auto-Rickshaw",10,2,"Rainy","Urban Road","Dry","Dawn","Signs",112,33,"Male","None","Yes","Intersection",1427,"Arunachal Pradesh"
"Unknown",2020,"October","Sunday",1899-12-30 23:30:00.000,"Minor",1,"Cycle",8,1,"Foggy","State Highway","Under Construction","Daylight","Police Checkpost",119,68,"Female","None","Yes","Curve",1434,"Assam"
"Unknown",2018,"February","Thursday",1899-12-30 17:39:00.000,"Minor",5,"Truck",0,4,"Hazy","Urban Road","Wet","Daylight","Signals",112,21,"Female","None","Yes","Curve",1449,"Mizoram"
"Unknown",2019,"February","Monday",1899-12-30 21:18:00.000,"Minor",5,"Pedestrian",2,5,"Foggy","Village Road","Under Construction","Dusk","None",99,57,"Female","None","Yes","Bridge",1506,"Tripura"
"Unknown",2020,"March","Monday",1899-12-30 18:13:00.000,"Minor",2,"Auto-Rickshaw",6,2,"Foggy","Urban Road","Damaged","Dark","Signals",81,63,"Female","None","No","Bridge",1513,"Bihar"
"Unknown",2020,"January","Saturday",1899-12-30 03:43:00.000,"Minor",2,"Truck",7,2,"Hazy","Village Road","Damaged","Daylight","None",116,64,"Female","None","No","Straight Road",1518,"Manipur"
"Unknown",2023,"August","Tuesday",1899-12-30 16:17:00.000,"Minor",5,"Auto-Rickshaw",1,3,"Hazy","Village Road","Damaged","Dusk","Signs",77,46,"Male","None","Yes","Intersection",1519,"Jharkhand"
"Unknown",2020,"January","Thursday",1899-12-30 13:35:00.000,"Minor",5,"Pedestrian",8,2,"Clear","Urban Road","Under Construction","Dusk","Signals",115,56,"Female","None","Yes","Curve",1566,"Mizoram"
"Unknown",2020,"January","Saturday",1899-12-30 03:52:00.000,"Minor",5,"Pedestrian",5,4,"Hazy","State Highway","Under Construction","Dark","Police Checkpost",38,70,"Male","None","No","Bridge",1583,"Chhattisgarh"
"Unknown",2019,"November","Thursday",1899-12-30 10:51:00.000,"Minor",2,"Cycle",4,4,"Foggy","Urban Road","Damaged","Dusk","None",39,44,"Male","None","Yes","Straight Road",1601,"Chandigarh"
"Unknown",2020,"October","Thursday",1899-12-30 03:11:00.000,"Minor",1,"Truck",2,5,"Hazy","Village Road","Under Construction","Daylight","Signs",119,64,"Female","None","No","Intersection",1603,"Tripura"
"Unknown",2020,"November","Wednesday",1899-12-30 05:40:00.000,"Minor",2,"Car",2,5,"Clear","Urban Road","Under Construction","Dark","Police Checkpost",77,21,"Female","None","No","Intersection",1606,"Odisha"
"Unknown",2019,"May","Monday",1899-12-30 22:18:00.000,"Minor",5,"Pedestrian",2,5,"Hazy","National Highway","Under Construction","Dark","Signals",80,32,"Female","None","Yes","Bridge",1608,"Jharkhand"
"Unknown",2019,"July","Thursday",1899-12-30 10:00:00.000,"Minor",3,"Two-Wheeler",5,4,"Rainy","Village Road","Damaged","Dusk","Police Checkpost",80,58,"Male","None","No","Intersection",1609,"Goa"
"Unknown",2022,"August","Thursday",1899-12-30 17:38:00.000,"Minor",5,"Cycle",1,5,"Foggy","National Highway","Dry","Dusk","Signals",48,66,"Male","None","No","Curve",1631,"Jammu and Kashmir"
"Unknown",2023,"March","Saturday",1899-12-30 02:18:00.000,"Minor",5,"Car",7,4,"Rainy","State Highway","Under Construction","Dark","Signs",57,55,"Male","None","No","Straight Road",1646,"Assam"
"Unknown",2020,"August","Thursday",1899-12-30 00:11:00.000,"Minor",5,"Truck",4,4,"Rainy","Urban Road","Under Construction","Dawn","None",116,67,"Male","None","Yes","Bridge",1668,"Chandigarh"
"Unknown",2018,"July","Tuesday",1899-12-30 13:41:00.000,"Minor",5,"Car",1,1,"Stormy","Village Road","Damaged","Dawn","Police Checkpost",49,35,"Female","None","No","Curve",1672,"Puducherry"
"Unknown",2023,"October","Saturday",1899-12-30 17:58:00.000,"Minor",3,"Car",7,1,"Foggy","State Highway","Wet","Dusk","None",117,28,"Male","None","No","Intersection",1706,"Mizoram"
"Unknown",2018,"November","Sunday",1899-12-30 07:05:00.000,"Minor",3,"Truck",7,0,"Rainy","State Highway","Wet","Dusk","Signals",109,30,"Male","None","No","Straight Road",1707,"Himachal Pradesh"
"Unknown",2020,"June","Wednesday",1899-12-30 17:09:00.000,"Minor",5,"Cycle",10,2,"Stormy","Urban Road","Dry","Daylight","Police Checkpost",54,58,"Female","None","No","Intersection",1714,"Nagaland"
"Unknown",2018,"February","Saturday",1899-12-30 20:02:00.000,"Minor",4,"Bus",10,3,"Clear","Urban Road","Under Construction","Dawn","Police Checkpost",59,52,"Female","None","Yes","Bridge",1720,"Assam"
"Unknown",2023,"November","Wednesday",1899-12-30 01:34:00.000,"Minor",5,"Truck",8,1,"Foggy","Urban Road","Under Construction","Dawn","Signals",81,58,"Male","None","Yes","Bridge",1723,"Meghalaya"
"Unknown",2021,"May","Tuesday",1899-12-30 00:37:00.000,"Minor",2,"Car",7,0,"Clear","Village Road","Dry","Dark","None",64,69,"Male","None","No","Straight Road",1724,"Himachal Pradesh"
"Unknown",2023,"March","Thursday",1899-12-30 13:47:00.000,"Minor",5,"Truck",1,2,"Stormy","National Highway","Wet","Dusk","Signals",75,34,"Female","None","No","Straight Road",1727,"Goa"
"Unknown",2023,"June","Friday",1899-12-30 15:24:00.000,"Minor",2,"Pedestrian",10,2,"Clear","National Highway","Under Construction","Dawn","Signals",110,28,"Female","None","No","Straight Road",1738,"Madhya Pradesh"
"Unknown",2019,"August","Monday",1899-12-30 14:16:00.000,"Minor",4,"Bus",5,4,"Hazy","State Highway","Dry","Daylight","Signs",69,36,"Male","None","Yes","Straight Road",1753,"Haryana"
"Unknown",2021,"April","Thursday",1899-12-30 13:59:00.000,"Minor",5,"Pedestrian",5,3,"Foggy","Urban Road","Dry","Daylight","None",113,56,"Male","None","Yes","Curve",1767,"Meghalaya"
"Unknown",2021,"February","Wednesday",1899-12-30 02:28:00.000,"Minor",2,"Auto-Rickshaw",2,4,"Rainy","State Highway","Damaged","Daylight","Police Checkpost",100,56,"Female","None","Yes","Curve",1770,"Chandigarh"
"Unknown",2022,"September","Tuesday",1899-12-30 06:45:00.000,"Minor",3,"Truck",4,3,"Hazy","National Highway","Damaged","Dark","Signals",94,35,"Male","None","No","Curve",1776,"Nagaland"
"Unknown",2020,"June","Sunday",1899-12-30 03:49:00.000,"Minor",2,"Pedestrian",4,1,"Stormy","Village Road","Wet","Daylight","Signals",38,53,"Female","None","No","Curve",1780,"Uttarakhand"
"Unknown",2018,"July","Thursday",1899-12-30 05:06:00.000,"Minor",5,"Truck",1,2,"Clear","Urban Road","Wet","Dark","Signs",120,24,"Female","None","Yes","Bridge",1796,"Punjab"
"Unknown",2018,"March","Tuesday",1899-12-30 21:54:00.000,"Minor",4,"Cycle",10,3,"Rainy","State Highway","Under Construction","Dawn","Police Checkpost",109,65,"Female","None","No","Intersection",1805,"Uttarakhand"
"Unknown",2020,"January","Friday",1899-12-30 05:14:00.000,"Minor",1,"Pedestrian",10,1,"Hazy","Village Road","Dry","Daylight","None",95,19,"Female","None","No","Intersection",1815,"Uttarakhand"
"Unknown",2018,"September","Sunday",1899-12-30 02:51:00.000,"Minor",2,"Cycle",9,5,"Rainy","Urban Road","Wet","Dusk","Signals",111,67,"Male","None","Yes","Bridge",1817,"Telangana"
"Unknown",2022,"January","Sunday",1899-12-30 09:58:00.000,"Minor",3,"Bus",3,2,"Foggy","Village Road","Dry","Dawn","None",100,45,"Male","None","Yes","Straight Road",1830,"Odisha"
"Unknown",2018,"October","Friday",1899-12-30 18:58:00.000,"Minor",3,"Auto-Rickshaw",9,1,"Stormy","National Highway","Under Construction","Dusk","Police Checkpost",83,46,"Female","None","No","Bridge",1851,"Odisha"
"Unknown",2023,"October","Thursday",1899-12-30 05:08:00.000,"Minor",5,"Pedestrian",4,0,"Stormy","Urban Road","Damaged","Daylight","Signs",103,40,"Female","None","No","Bridge",1864,"Madhya Pradesh"
"Unknown",2018,"October","Monday",1899-12-30 23:01:00.000,"Minor",1,"Car",9,1,"Rainy","Urban Road","Damaged","Daylight","None",120,46,"Male","None","No","Intersection",1902,"Haryana"
"Unknown",2020,"October","Thursday",1899-12-30 03:13:00.000,"Minor",5,"Bus",0,0,"Foggy","Urban Road","Under Construction","Dawn","Police Checkpost",76,62,"Male","None","Yes","Straight Road",1907,"Odisha"
"Unknown",2022,"March","Wednesday",1899-12-30 00:15:00.000,"Minor",2,"Bus",9,4,"Rainy","Urban Road","Damaged","Daylight","Signals",37,37,"Male","None","No","Bridge",1931,"Odisha"
"Unknown",2021,"August","Tuesday",1899-12-30 07:36:00.000,"Minor",5,"Cycle",4,4,"Foggy","State Highway","Damaged","Dusk","Signs",105,67,"Male","None","Yes","Intersection",1935,"Madhya Pradesh"
"Unknown",2019,"April","Thursday",1899-12-30 22:28:00.000,"Minor",3,"Truck",3,0,"Rainy","National Highway","Damaged","Daylight","Signals",35,50,"Female","None","Yes","Curve",1951,"Kerala"
"Unknown",2021,"October","Wednesday",1899-12-30 22:23:00.000,"Minor",2,"Truck",2,0,"Clear","National Highway","Wet","Dusk","Police Checkpost",93,67,"Female","None","Yes","Curve",1973,"Puducherry"
"Unknown",2019,"January","Monday",1899-12-30 14:47:00.000,"Minor",3,"Cycle",1,1,"Foggy","Urban Road","Damaged","Dusk","None",117,61,"Female","None","No","Curve",1974,"Telangana"
"Unknown",2023,"January","Monday",1899-12-30 07:41:00.000,"Minor",1,"Car",1,1,"Hazy","State Highway","Dry","Daylight","Signals",75,38,"Female","None","No","Intersection",1988,"Telangana"
"Unknown",2018,"September","Wednesday",1899-12-30 05:05:00.000,"Minor",2,"Two-Wheeler",9,0,"Clear","State Highway","Under Construction","Dusk","Police Checkpost",56,53,"Male","None","Yes","Straight Road",1990,"Tripura"
"Unknown",2018,"July","Monday",1899-12-30 15:17:00.000,"Minor",4,"Cycle",3,3,"Hazy","State Highway","Dry","Dawn","None",70,58,"Female","None","Yes","Curve",1991,"Puducherry"
"Unknown",2018,"July","Friday",1899-12-30 08:01:00.000,"Minor",4,"Car",2,4,"Hazy","Urban Road","Wet","Daylight","Signals",34,49,"Male","None","No","Intersection",2010,"Bihar"
"Unknown",2020,"October","Wednesday",1899-12-30 06:32:00.000,"Minor",2,"Auto-Rickshaw",1,0,"Hazy","Village Road","Under Construction","Dusk","None",90,55,"Female","None","Yes","Bridge",2059,"Nagaland"
"Unknown",2023,"May","Sunday",1899-12-30 12:26:00.000,"Minor",4,"Pedestrian",10,1,"Hazy","Village Road","Damaged","Dawn","Police Checkpost",63,21,"Female","None","Yes","Intersection",2075,"Bihar"
"Unknown",2019,"September","Monday",1899-12-30 07:05:00.000,"Minor",5,"Pedestrian",0,3,"Hazy","Urban Road","Damaged","Daylight","Signals",80,63,"Female","None","Yes","Intersection",2077,"Sikkim"
"Unknown",2022,"February","Thursday",1899-12-30 09:07:00.000,"Minor",4,"Car",6,0,"Stormy","National Highway","Under Construction","Dusk","None",38,56,"Female","None","No","Intersection",2100,"Sikkim"
"Unknown",2022,"December","Monday",1899-12-30 15:40:00.000,"Minor",1,"Auto-Rickshaw",1,3,"Foggy","State Highway","Dry","Dusk","Signals",75,64,"Male","None","Yes","Intersection",2106,"Puducherry"
"Unknown",2019,"May","Friday",1899-12-30 14:09:00.000,"Minor",5,"Pedestrian",1,2,"Foggy","Village Road","Dry","Dawn","None",62,28,"Female","None","Yes","Curve",2115,"Meghalaya"
"Unknown",2022,"September","Wednesday",1899-12-30 15:55:00.000,"Minor",4,"Two-Wheeler",1,2,"Rainy","Urban Road","Wet","Dusk","Signals",56,69,"Male","None","No","Curve",2139,"Haryana"
"Unknown",2019,"February","Thursday",1899-12-30 12:41:00.000,"Minor",1,"Truck",5,2,"Foggy","Village Road","Damaged","Dusk","None",96,21,"Female","None","Yes","Bridge",2151,"Bihar"
"Unknown",2023,"March","Tuesday",1899-12-30 06:39:00.000,"Minor",5,"Car",9,2,"Hazy","Village Road","Wet","Dusk","Police Checkpost",46,52,"Female","None","No","Bridge",2170,"Jammu and Kashmir"
"Unknown",2021,"February","Wednesday",1899-12-30 08:58:00.000,"Minor",3,"Pedestrian",10,3,"Foggy","National Highway","Damaged","Dusk","Signs",65,43,"Male","None","Yes","Intersection",2171,"Uttarakhand"
"Unknown",2023,"April","Sunday",1899-12-30 22:11:00.000,"Minor",4,"Auto-Rickshaw",4,2,"Foggy","Urban Road","Under Construction","Dawn","None",67,58,"Female","None","No","Straight Road",2179,"Chhattisgarh"
"Unknown",2022,"March","Thursday",1899-12-30 00:54:00.000,"Minor",2,"Bus",9,0,"Hazy","National Highway","Dry","Dusk","Police Checkpost",115,59,"Female","None","No","Intersection",2181,"Goa"
"Unknown",2022,"January","Sunday",1899-12-30 02:13:00.000,"Minor",2,"Truck",7,3,"Hazy","Village Road","Damaged","Daylight","Signals",34,31,"Female","None","No","Intersection",2186,"Puducherry"
"Unknown",2019,"April","Friday",1899-12-30 12:40:00.000,"Minor",4,"Cycle",7,5,"Clear","State Highway","Dry","Dusk","Police Checkpost",111,69,"Male","None","Yes","Intersection",2191,"Uttarakhand"
"Unknown",2019,"April","Tuesday",1899-12-30 21:21:00.000,"Minor",5,"Two-Wheeler",4,4,"Stormy","National Highway","Wet","Daylight","None",56,21,"Male","None","No","Curve",2204,"Chhattisgarh"
"Unknown",2023,"May","Saturday",1899-12-30 22:55:00.000,"Minor",4,"Car",5,4,"Foggy","Urban Road","Dry","Dark","Signals",50,33,"Male","None","Yes","Bridge",2232,"Manipur"
"Unknown",2022,"April","Saturday",1899-12-30 09:45:00.000,"Minor",1,"Two-Wheeler",2,5,"Rainy","National Highway","Under Construction","Dawn","Signals",35,31,"Female","None","Yes","Intersection",2233,"Goa"
"Unknown",2021,"December","Wednesday",1899-12-30 03:04:00.000,"Minor",1,"Car",6,5,"Clear","National Highway","Dry","Daylight","Police Checkpost",115,70,"Female","None","Yes","Straight Road",2255,"Haryana"
"Unknown",2021,"February","Sunday",1899-12-30 03:31:00.000,"Minor",2,"Auto-Rickshaw",7,1,"Foggy","Village Road","Wet","Dark","Signs",84,63,"Male","None","Yes","Intersection",2279,"Telangana"
"Unknown",2023,"April","Saturday",1899-12-30 12:45:00.000,"Minor",4,"Truck",4,5,"Foggy","State Highway","Wet","Dawn","Signs",99,45,"Male","None","Yes","Intersection",2282,"Bihar"
"Unknown",2018,"May","Monday",1899-12-30 01:07:00.000,"Minor",4,"Auto-Rickshaw",9,5,"Rainy","Village Road","Under Construction","Daylight","Police Checkpost",88,50,"Female","None","Yes","Curve",2310,"Kerala"
"Unknown",2023,"June","Friday",1899-12-30 00:11:00.000,"Minor",5,"Cycle",4,5,"Foggy","State Highway","Wet","Daylight","Police Checkpost",43,55,"Male","None","No","Curve",2327,"Sikkim"
"Unknown",2020,"December","Tuesday",1899-12-30 02:03:00.000,"Minor",3,"Car",1,2,"Hazy","Village Road","Damaged","Dark","Signals",94,64,"Female","None","No","Bridge",2349,"Odisha"
"Unknown",2020,"February","Monday",1899-12-30 17:26:00.000,"Minor",5,"Car",7,0,"Hazy","National Highway","Damaged","Daylight","Signals",74,65,"Female","None","No","Intersection",2360,"Chandigarh"
"Unknown",2019,"February","Monday",1899-12-30 01:07:00.000,"Minor",1,"Auto-Rickshaw",2,3,"Rainy","Village Road","Wet","Dawn","Signs",41,33,"Male","None","No","Curve",2374,"Bihar"
"Unknown",2021,"June","Tuesday",1899-12-30 09:32:00.000,"Minor",3,"Two-Wheeler",1,4,"Foggy","Village Road","Damaged","Dawn","None",72,60,"Female","None","Yes","Curve",2380,"Uttarakhand"
"Unknown",2018,"January","Saturday",1899-12-30 00:16:00.000,"Minor",4,"Car",7,3,"Stormy","Village Road","Dry","Dark","Signals",113,47,"Male","None","Yes","Curve",2388,"Kerala"
"Unknown",2023,"November","Thursday",1899-12-30 20:05:00.000,"Minor",5,"Pedestrian",7,0,"Rainy","State Highway","Dry","Daylight","Signs",79,28,"Male","None","No","Straight Road",2394,"Odisha"
"Unknown",2023,"January","Monday",1899-12-30 06:45:00.000,"Minor",5,"Bus",10,4,"Foggy","Village Road","Under Construction","Dawn","Signals",55,21,"Male","None","No","Bridge",2399,"Haryana"
"Unknown",2021,"December","Wednesday",1899-12-30 17:54:00.000,"Minor",3,"Pedestrian",10,5,"Hazy","Village Road","Under Construction","Dark","Signals",112,20,"Female","None","No","Straight Road",2449,"Arunachal Pradesh"
"Unknown",2022,"April","Friday",1899-12-30 03:43:00.000,"Minor",1,"Two-Wheeler",0,3,"Hazy","National Highway","Under Construction","Dark","Police Checkpost",87,69,"Female","None","No","Intersection",2467,"Jammu and Kashmir"
"Unknown",2020,"October","Friday",1899-12-30 13:19:00.000,"Minor",2,"Bus",10,4,"Rainy","National Highway","Dry","Dawn","Signs",89,25,"Female","None","Yes","Intersection",2470,"Odisha"
"Unknown",2021,"October","Wednesday",1899-12-30 01:28:00.000,"Minor",1,"Bus",5,3,"Hazy","State Highway","Dry","Dusk","Signals",78,46,"Male","None","No","Bridge",2483,"Arunachal Pradesh"
"Unknown",2019,"January","Tuesday",1899-12-30 11:19:00.000,"Minor",1,"Truck",6,1,"Stormy","Urban Road","Wet","Daylight","None",99,61,"Male","None","No","Curve",2512,"Mizoram"
"Unknown",2021,"December","Friday",1899-12-30 23:26:00.000,"Minor",2,"Auto-Rickshaw",4,4,"Rainy","Village Road","Damaged","Daylight","Signs",120,30,"Male","None","Yes","Curve",2550,"Goa"
"Unknown",2021,"January","Wednesday",1899-12-30 09:06:00.000,"Minor",2,"Auto-Rickshaw",1,1,"Foggy","Village Road","Dry","Daylight","Police Checkpost",87,70,"Male","None","No","Straight Road",2560,"Mizoram"
"Unknown",2022,"October","Friday",1899-12-30 15:25:00.000,"Minor",5,"Car",5,0,"Stormy","Urban Road","Dry","Dusk","Signs",70,57,"Female","None","No","Curve",2577,"Uttarakhand"
"Unknown",2021,"January","Friday",1899-12-30 00:32:00.000,"Minor",2,"Auto-Rickshaw",4,1,"Foggy","State Highway","Dry","Daylight","Signals",107,51,"Male","None","Yes","Intersection",2585,"Goa"
"Unknown",2018,"July","Monday",1899-12-30 23:44:00.000,"Minor",5,"Pedestrian",1,1,"Rainy","State Highway","Damaged","Dark","Signals",51,48,"Male","None","Yes","Curve",2591,"Madhya Pradesh"
"Unknown",2023,"January","Tuesday",1899-12-30 12:26:00.000,"Minor",1,"Auto-Rickshaw",2,1,"Foggy","Urban Road","Dry","Dusk","Signs",104,50,"Male","None","No","Bridge",2599,"Kerala"
"Unknown",2021,"December","Tuesday",1899-12-30 03:09:00.000,"Minor",4,"Cycle",8,5,"Clear","National Highway","Wet","Dusk","Signs",65,26,"Female","None","Yes","Intersection",2610,"Meghalaya"
"Unknown",2019,"April","Sunday",1899-12-30 05:24:00.000,"Minor",3,"Cycle",10,1,"Rainy","Urban Road","Dry","Dawn","None",38,42,"Male","None","No","Bridge",2614,"Jharkhand"
"Unknown",2022,"April","Tuesday",1899-12-30 12:28:00.000,"Minor",2,"Car",7,0,"Rainy","Village Road","Wet","Dusk","Signs",54,56,"Male","None","Yes","Curve",2617,"Sikkim"
"Unknown",2022,"March","Friday",1899-12-30 20:28:00.000,"Minor",3,"Two-Wheeler",0,0,"Foggy","National Highway","Wet","Daylight","Signs",64,37,"Female","None","No","Intersection",2638,"Nagaland"
"Unknown",2023,"January","Saturday",1899-12-30 19:01:00.000,"Minor",4,"Car",7,2,"Hazy","National Highway","Under Construction","Dark","Police Checkpost",34,36,"Female","None","No","Curve",2693,"Bihar"
"Unknown",2019,"December","Saturday",1899-12-30 07:43:00.000,"Minor",4,"Car",7,1,"Stormy","State Highway","Wet","Dark","Signs",100,23,"Female","None","No","Bridge",2729,"Nagaland"
"Unknown",2023,"July","Tuesday",1899-12-30 22:15:00.000,"Minor",3,"Two-Wheeler",1,5,"Rainy","Village Road","Wet","Daylight","None",62,33,"Female","None","No","Intersection",2737,"Himachal Pradesh"
"Unknown",2022,"January","Thursday",1899-12-30 22:11:00.000,"Minor",5,"Bus",5,5,"Foggy","Urban Road","Damaged","Dark","Signals",65,24,"Male","None","No","Curve",2746,"Madhya Pradesh"
"Unknown",2020,"March","Sunday",1899-12-30 06:11:00.000,"Minor",5,"Auto-Rickshaw",0,5,"Rainy","National Highway","Wet","Dawn","Police Checkpost",40,37,"Male","None","Yes","Intersection",2749,"Punjab"
"Unknown",2022,"October","Monday",1899-12-30 17:23:00.000,"Minor",5,"Auto-Rickshaw",5,4,"Clear","Village Road","Wet","Dawn","Signs",43,45,"Male","None","Yes","Intersection",2762,"Chandigarh"
"Unknown",2019,"August","Tuesday",1899-12-30 05:15:00.000,"Minor",2,"Pedestrian",3,5,"Foggy","Village Road","Damaged","Dark","None",35,48,"Female","None","Yes","Curve",2772,"Puducherry"
"Unknown",2023,"January","Monday",1899-12-30 02:22:00.000,"Minor",5,"Pedestrian",0,0,"Foggy","National Highway","Dry","Daylight","None",75,67,"Male","None","No","Bridge",2782,"Jharkhand"
"Unknown",2018,"January","Monday",1899-12-30 21:32:00.000,"Minor",5,"Cycle",10,0,"Hazy","Urban Road","Wet","Daylight","Police Checkpost",59,20,"Male","None","Yes","Bridge",2783,"Chandigarh"
"Unknown",2018,"May","Tuesday",1899-12-30 00:17:00.000,"Minor",3,"Pedestrian",2,4,"Foggy","National Highway","Wet","Daylight","Police Checkpost",76,65,"Male","None","Yes","Intersection",2800,"Sikkim"
"Unknown",2021,"December","Friday",1899-12-30 08:34:00.000,"Minor",3,"Pedestrian",2,1,"Hazy","State Highway","Damaged","Dark","None",90,66,"Male","None","Yes","Bridge",2808,"Sikkim"
"Unknown",2019,"August","Saturday",1899-12-30 19:32:00.000,"Minor",4,"Bus",5,0,"Clear","State Highway","Wet","Dawn","Signals",100,66,"Female","None","No","Intersection",2810,"Madhya Pradesh"
"Unknown",2023,"October","Thursday",1899-12-30 22:23:00.000,"Minor",2,"Pedestrian",8,2,"Clear","State Highway","Dry","Dawn","None",94,38,"Male","None","Yes","Intersection",2830,"Mizoram"
"Unknown",2020,"June","Monday",1899-12-30 09:50:00.000,"Minor",2,"Pedestrian",7,1,"Stormy","Village Road","Dry","Daylight","Police Checkpost",117,70,"Male","None","No","Bridge",2842,"Nagaland"
"Unknown",2019,"March","Saturday",1899-12-30 04:10:00.000,"Minor",2,"Two-Wheeler",3,5,"Hazy","National Highway","Dry","Daylight","Police Checkpost",50,59,"Female","None","Yes","Bridge",2852,"Tripura"
"Unknown",2023,"May","Tuesday",1899-12-30 12:24:00.000,"Minor",4,"Cycle",9,4,"Stormy","National Highway","Wet","Dusk","Police Checkpost",57,43,"Female","None","No","Bridge",2864,"Telangana"
"Unknown",2020,"March","Saturday",1899-12-30 02:59:00.000,"Minor",1,"Auto-Rickshaw",0,2,"Rainy","State Highway","Dry","Dawn","Police Checkpost",109,70,"Male","None","Yes","Curve",2876,"Manipur"
"Unknown",2019,"June","Wednesday",1899-12-30 23:57:00.000,"Minor",4,"Truck",5,3,"Foggy","National Highway","Under Construction","Dusk","None",61,39,"Male","None","No","Bridge",2886,"Jammu and Kashmir"
"Unknown",2023,"November","Saturday",1899-12-30 22:13:00.000,"Minor",5,"Two-Wheeler",3,1,"Stormy","Village Road","Damaged","Daylight","Signs",111,32,"Male","None","No","Straight Road",2887,"Chhattisgarh"
"Unknown",2023,"September","Saturday",1899-12-30 10:23:00.000,"Minor",2,"Bus",0,1,"Rainy","National Highway","Under Construction","Dark","None",71,46,"Female","None","No","Curve",2905,"Nagaland"
"Unknown",2022,"December","Sunday",1899-12-30 23:55:00.000,"Minor",4,"Truck",0,5,"Stormy","Urban Road","Damaged","Daylight","Signals",65,62,"Male","None","No","Curve",2925,"Odisha"
"Unknown",2019,"December","Sunday",1899-12-30 14:11:00.000,"Minor",4,"Pedestrian",8,0,"Hazy","National Highway","Damaged","Dusk","Signals",110,50,"Female","None","Yes","Intersection",2936,"Bihar"
"Unknown",2018,"January","Tuesday",1899-12-30 08:00:00.000,"Minor",5,"Auto-Rickshaw",5,4,"Clear","Village Road","Dry","Dawn","None",46,49,"Female","None","No","Straight Road",2941,"Chhattisgarh"
"Unknown",2021,"December","Tuesday",1899-12-30 17:17:00.000,"Minor",1,"Cycle",4,4,"Hazy","National Highway","Wet","Daylight","Police Checkpost",43,52,"Female","None","No","Straight Road",2965,"Jammu and Kashmir"
"Unknown",2023,"September","Wednesday",1899-12-30 18:29:00.000,"Minor",3,"Cycle",5,1,"Rainy","Urban Road","Dry","Daylight","Signs",79,36,"Male","None","No","Curve",2970,"Telangana"
"Unknown",2023,"July","Sunday",1899-12-30 10:04:00.000,"Minor",2,"Two-Wheeler",4,1,"Stormy","National Highway","Under Construction","Daylight","Signs",108,29,"Female","None","Yes","Bridge",2978,"Uttarakhand"
"Unknown",2020,"September","Friday",1899-12-30 03:24:00.000,"Minor",1,"Car",8,0,"Clear","Urban Road","Wet","Dawn","Police Checkpost",107,18,"Male","None","Yes","Straight Road",2992,"Chhattisgarh"
"Unknown",2021,"May","Monday",1899-12-30 01:46:00.000,"Serious",5,"Cycle",0,4,"Hazy","National Highway","Wet","Dark","Signs",61,66,"Male","None","Yes","Curve",1,"Jammu and Kashmir"
"Unknown",2021,"September","Saturday",1899-12-30 23:22:00.000,"Serious",1,"Cycle",2,3,"Hazy","Village Road","Under Construction","Daylight","Signs",46,55,"Female","None","No","Straight Road",13,"Assam"
"Unknown",2022,"February","Monday",1899-12-30 03:29:00.000,"Serious",1,"Two-Wheeler",1,1,"Foggy","Urban Road","Damaged","Dawn","Police Checkpost",31,20,"Male","None","No","Straight Road",25,"Jammu and Kashmir"
"Unknown",2019,"October","Wednesday",1899-12-30 05:00:00.000,"Serious",2,"Car",2,5,"Stormy","Village Road","Under Construction","Daylight","Signs",108,37,"Female","None","Yes","Intersection",49,"Himachal Pradesh"
"Unknown",2022,"February","Sunday",1899-12-30 00:35:00.000,"Serious",1,"Car",8,1,"Stormy","National Highway","Wet","Dark","Police Checkpost",89,20,"Male","None","No","Intersection",57,"Uttarakhand"
"Unknown",2018,"May","Wednesday",1899-12-30 00:29:00.000,"Serious",3,"Pedestrian",0,3,"Hazy","Urban Road","Wet","Dusk","None",30,41,"Female","None","No","Intersection",71,"Odisha"
"Unknown",2018,"June","Friday",1899-12-30 16:53:00.000,"Serious",4,"Truck",0,2,"Hazy","Village Road","Dry","Dark","None",97,68,"Male","None","Yes","Intersection",72,"Mizoram"
"Unknown",2018,"April","Tuesday",1899-12-30 15:40:00.000,"Serious",5,"Car",1,3,"Stormy","National Highway","Dry","Dark","Police Checkpost",30,49,"Female","None","No","Curve",81,"Punjab"
"Unknown",2023,"February","Wednesday",1899-12-30 13:20:00.000,"Serious",4,"Auto-Rickshaw",0,1,"Clear","Village Road","Dry","Dawn","Police Checkpost",69,24,"Male","None","No","Straight Road",118,"Tripura"
"Unknown",2018,"March","Saturday",1899-12-30 02:29:00.000,"Serious",3,"Bus",9,0,"Clear","State Highway","Damaged","Dark","Signals",38,59,"Female","None","No","Straight Road",153,"Jharkhand"
"Unknown",2020,"February","Sunday",1899-12-30 14:16:00.000,"Serious",1,"Cycle",6,5,"Hazy","State Highway","Under Construction","Dark","None",54,51,"Male","None","No","Bridge",154,"Meghalaya"
"Unknown",2023,"September","Wednesday",1899-12-30 02:36:00.000,"Serious",2,"Truck",9,0,"Rainy","Urban Road","Dry","Dawn","None",75,61,"Male","None","No","Bridge",161,"Haryana"
"Unknown",2021,"September","Saturday",1899-12-30 04:57:00.000,"Serious",5,"Pedestrian",0,0,"Clear","Village Road","Under Construction","Dark","Signs",91,67,"Male","None","No","Bridge",171,"Sikkim"
"Unknown",2018,"February","Wednesday",1899-12-30 00:06:00.000,"Serious",5,"Cycle",1,4,"Clear","National Highway","Damaged","Dark","Signals",53,26,"Male","None","Yes","Intersection",190,"Tripura"
"Unknown",2021,"January","Wednesday",1899-12-30 00:54:00.000,"Serious",2,"Truck",3,3,"Foggy","State Highway","Under Construction","Dark","None",42,38,"Male","None","Yes","Intersection",232,"Manipur"
"Unknown",2021,"December","Friday",1899-12-30 17:01:00.000,"Serious",2,"Two-Wheeler",10,4,"Hazy","National Highway","Dry","Daylight","None",100,30,"Male","None","No","Curve",233,"Kerala"
"Unknown",2018,"November","Thursday",1899-12-30 16:36:00.000,"Serious",4,"Auto-Rickshaw",9,3,"Foggy","National Highway","Under Construction","Dark","Police Checkpost",88,19,"Male","None","No","Curve",242,"Odisha"
"Unknown",2019,"March","Thursday",1899-12-30 07:29:00.000,"Serious",5,"Auto-Rickshaw",1,5,"Foggy","National Highway","Damaged","Dark","Signals",62,39,"Male","None","No","Straight Road",246,"Nagaland"
"Unknown",2021,"November","Friday",1899-12-30 14:20:00.000,"Serious",1,"Two-Wheeler",2,3,"Clear","National Highway","Wet","Daylight","Police Checkpost",46,27,"Female","None","No","Bridge",256,"Chandigarh"
"Unknown",2022,"March","Thursday",1899-12-30 03:10:00.000,"Serious",5,"Pedestrian",8,3,"Hazy","State Highway","Wet","Daylight","None",98,51,"Male","None","No","Intersection",264,"Meghalaya"
"Unknown",2019,"January","Thursday",1899-12-30 23:05:00.000,"Serious",2,"Bus",5,3,"Hazy","Village Road","Dry","Dawn","Signals",46,51,"Male","None","Yes","Intersection",278,"Chandigarh"
"Unknown",2019,"March","Wednesday",1899-12-30 13:17:00.000,"Serious",4,"Pedestrian",3,3,"Rainy","Urban Road","Under Construction","Daylight","None",111,31,"Female","None","No","Straight Road",303,"Manipur"
"Unknown",2021,"February","Saturday",1899-12-30 10:12:00.000,"Serious",5,"Pedestrian",3,1,"Foggy","Urban Road","Dry","Dark","Signs",78,56,"Male","None","No","Bridge",312,"Sikkim"
"Unknown",2022,"July","Thursday",1899-12-30 14:18:00.000,"Serious",4,"Truck",4,1,"Foggy","National Highway","Under Construction","Dawn","None",103,58,"Female","None","Yes","Straight Road",318,"Jharkhand"
"Unknown",2019,"May","Friday",1899-12-30 05:23:00.000,"Serious",5,"Pedestrian",6,0,"Rainy","State Highway","Under Construction","Dawn","Police Checkpost",35,40,"Female","None","Yes","Bridge",336,"Tripura"
"Unknown",2018,"June","Wednesday",1899-12-30 01:05:00.000,"Serious",5,"Two-Wheeler",5,2,"Foggy","National Highway","Dry","Dawn","Signs",105,26,"Female","None","Yes","Bridge",359,"Sikkim"
"Unknown",2019,"November","Friday",1899-12-30 11:43:00.000,"Serious",3,"Car",0,5,"Rainy","Urban Road","Under Construction","Dusk","Signals",105,39,"Male","None","No","Bridge",380,"Odisha"
"Unknown",2018,"December","Thursday",1899-12-30 22:52:00.000,"Serious",2,"Pedestrian",5,0,"Rainy","Village Road","Under Construction","Dark","None",39,38,"Male","None","No","Bridge",386,"Manipur"
"Unknown",2021,"May","Saturday",1899-12-30 21:19:00.000,"Serious",1,"Two-Wheeler",4,1,"Clear","State Highway","Under Construction","Daylight","Signs",34,19,"Female","None","Yes","Straight Road",397,"Telangana"
"Unknown",2019,"April","Sunday",1899-12-30 16:46:00.000,"Serious",3,"Car",2,4,"Hazy","State Highway","Damaged","Daylight","Signs",105,42,"Male","None","No","Intersection",399,"Nagaland"
"Unknown",2022,"June","Sunday",1899-12-30 19:47:00.000,"Serious",4,"Auto-Rickshaw",9,2,"Hazy","Village Road","Damaged","Dark","Signs",101,22,"Male","None","Yes","Curve",416,"Mizoram"
"Unknown",2021,"November","Monday",1899-12-30 12:45:00.000,"Serious",3,"Cycle",5,4,"Rainy","Village Road","Under Construction","Dark","None",72,69,"Female","None","No","Curve",434,"Telangana"
"Unknown",2021,"June","Sunday",1899-12-30 22:15:00.000,"Serious",4,"Two-Wheeler",9,5,"Stormy","State Highway","Under Construction","Dusk","Police Checkpost",34,41,"Female","None","Yes","Curve",442,"Jammu and Kashmir"
"Unknown",2018,"April","Friday",1899-12-30 21:57:00.000,"Serious",4,"Two-Wheeler",10,2,"Clear","Village Road","Damaged","Dawn","Signals",31,31,"Male","None","No","Bridge",460,"Tripura"
"Unknown",2021,"June","Monday",1899-12-30 01:03:00.000,"Serious",2,"Car",1,0,"Foggy","State Highway","Wet","Dark","Police Checkpost",40,35,"Male","None","No","Straight Road",476,"Punjab"
"Unknown",2022,"March","Friday",1899-12-30 04:27:00.000,"Serious",2,"Car",7,4,"Rainy","Urban Road","Damaged","Dusk","None",86,43,"Male","None","No","Intersection",500,"Mizoram"
"Unknown",2019,"June","Thursday",1899-12-30 03:23:00.000,"Serious",4,"Bus",6,4,"Rainy","Urban Road","Damaged","Daylight","Signals",67,68,"Female","None","Yes","Straight Road",507,"Chandigarh"
"Unknown",2020,"November","Saturday",1899-12-30 09:51:00.000,"Serious",4,"Pedestrian",0,0,"Hazy","Urban Road","Wet","Daylight","None",40,18,"Female","None","Yes","Straight Road",523,"Himachal Pradesh"
"Unknown",2023,"February","Wednesday",1899-12-30 18:37:00.000,"Serious",4,"Bus",9,3,"Stormy","State Highway","Dry","Dark","None",58,38,"Female","None","No","Bridge",527,"Jammu and Kashmir"
"Unknown",2019,"March","Friday",1899-12-30 04:31:00.000,"Serious",3,"Cycle",8,2,"Rainy","State Highway","Dry","Daylight","Signals",50,54,"Male","None","Yes","Curve",533,"Odisha"
"Unknown",2022,"April","Friday",1899-12-30 05:29:00.000,"Serious",1,"Truck",10,1,"Clear","State Highway","Wet","Dusk","Signs",34,25,"Female","None","No","Intersection",539,"Goa"
"Unknown",2018,"December","Wednesday",1899-12-30 21:11:00.000,"Serious",5,"Two-Wheeler",4,2,"Foggy","National Highway","Dry","Dusk","Signals",42,51,"Female","None","Yes","Straight Road",553,"Haryana"
"Unknown",2018,"March","Wednesday",1899-12-30 01:25:00.000,"Serious",1,"Truck",1,4,"Clear","State Highway","Dry","Dusk","Police Checkpost",103,21,"Female","None","No","Bridge",558,"Madhya Pradesh"
"Unknown",2020,"December","Saturday",1899-12-30 14:23:00.000,"Serious",3,"Bus",10,5,"Clear","Urban Road","Under Construction","Dark","Police Checkpost",84,36,"Male","None","No","Straight Road",563,"Meghalaya"
"Unknown",2023,"February","Saturday",1899-12-30 10:19:00.000,"Serious",1,"Car",8,3,"Rainy","State Highway","Wet","Dawn","None",85,59,"Female","None","No","Straight Road",564,"Arunachal Pradesh"
"Unknown",2023,"April","Saturday",1899-12-30 22:30:00.000,"Serious",4,"Pedestrian",5,4,"Hazy","Village Road","Under Construction","Daylight","Signs",46,39,"Male","None","Yes","Intersection",575,"Arunachal Pradesh"
"Unknown",2018,"February","Saturday",1899-12-30 09:57:00.000,"Serious",3,"Auto-Rickshaw",8,0,"Foggy","Urban Road","Under Construction","Dawn","Signs",51,34,"Female","None","Yes","Straight Road",591,"Himachal Pradesh"
"Unknown",2020,"September","Wednesday",1899-12-30 10:24:00.000,"Serious",4,"Truck",0,0,"Foggy","Village Road","Under Construction","Dark","Signs",110,66,"Female","None","No","Straight Road",614,"Mizoram"
"Unknown",2018,"December","Monday",1899-12-30 08:12:00.000,"Serious",1,"Two-Wheeler",4,2,"Stormy","Village Road","Damaged","Dawn","None",46,30,"Female","None","Yes","Straight Road",624,"Assam"
"Unknown",2023,"November","Wednesday",1899-12-30 00:29:00.000,"Serious",3,"Truck",1,1,"Rainy","Urban Road","Under Construction","Dusk","Signals",92,28,"Male","None","Yes","Bridge",626,"Puducherry"
"Unknown",2018,"May","Friday",1899-12-30 14:33:00.000,"Serious",2,"Truck",4,4,"Hazy","Urban Road","Damaged","Dusk","None",105,62,"Female","None","No","Intersection",643,"Mizoram"
"Unknown",2018,"December","Friday",1899-12-30 01:19:00.000,"Serious",5,"Pedestrian",10,4,"Hazy","Urban Road","Dry","Dark","None",79,52,"Male","None","No","Intersection",655,"Bihar"
"Unknown",2021,"January","Friday",1899-12-30 23:27:00.000,"Serious",1,"Auto-Rickshaw",1,4,"Foggy","National Highway","Dry","Dawn","Signals",40,42,"Female","None","No","Bridge",689,"Jammu and Kashmir"
"Unknown",2023,"May","Monday",1899-12-30 03:14:00.000,"Serious",2,"Car",3,0,"Clear","State Highway","Damaged","Daylight","Police Checkpost",47,34,"Female","None","Yes","Intersection",695,"Chhattisgarh"
"Unknown",2018,"January","Saturday",1899-12-30 19:20:00.000,"Serious",3,"Two-Wheeler",9,4,"Hazy","Urban Road","Under Construction","Dusk","Signals",31,43,"Female","None","No","Intersection",728,"Assam"
"Unknown",2021,"December","Sunday",1899-12-30 15:44:00.000,"Serious",2,"Two-Wheeler",1,0,"Foggy","State Highway","Dry","Dawn","Signs",58,35,"Male","None","No","Curve",745,"Chandigarh"
"Unknown",2020,"March","Thursday",1899-12-30 13:11:00.000,"Serious",5,"Auto-Rickshaw",6,5,"Clear","State Highway","Wet","Dark","None",95,47,"Female","None","No","Curve",746,"Tripura"
"Unknown",2023,"April","Monday",1899-12-30 08:20:00.000,"Serious",2,"Cycle",10,1,"Foggy","Urban Road","Under Construction","Dusk","None",98,44,"Female","None","No","Bridge",748,"Madhya Pradesh"
"Unknown",2021,"March","Sunday",1899-12-30 17:57:00.000,"Serious",2,"Truck",2,0,"Hazy","State Highway","Damaged","Dusk","None",44,54,"Male","None","No","Curve",759,"Punjab"
"Unknown",2019,"December","Sunday",1899-12-30 16:18:00.000,"Serious",5,"Bus",6,5,"Hazy","Urban Road","Dry","Dawn","Signs",79,65,"Female","None","Yes","Curve",762,"Puducherry"
"Unknown",2023,"April","Sunday",1899-12-30 23:55:00.000,"Serious",2,"Pedestrian",8,5,"Foggy","Urban Road","Dry","Daylight","Police Checkpost",51,40,"Female","None","No","Intersection",772,"Jammu and Kashmir"
"Unknown",2022,"February","Monday",1899-12-30 20:21:00.000,"Serious",1,"Two-Wheeler",8,0,"Stormy","National Highway","Wet","Dark","Police Checkpost",107,67,"Female","None","Yes","Straight Road",774,"Chhattisgarh"
"Unknown",2020,"December","Tuesday",1899-12-30 08:14:00.000,"Serious",1,"Auto-Rickshaw",8,4,"Stormy","Urban Road","Wet","Daylight","None",63,31,"Male","None","No","Straight Road",779,"Haryana"
"Unknown",2022,"January","Sunday",1899-12-30 17:03:00.000,"Serious",4,"Pedestrian",9,5,"Hazy","State Highway","Wet","Dark","None",90,42,"Female","None","No","Straight Road",796,"Sikkim"
"Unknown",2023,"November","Thursday",1899-12-30 00:07:00.000,"Serious",5,"Pedestrian",6,3,"Rainy","Urban Road","Wet","Dusk","Police Checkpost",37,60,"Female","None","Yes","Curve",803,"Telangana"
"Unknown",2023,"July","Saturday",1899-12-30 07:11:00.000,"Serious",4,"Cycle",2,0,"Rainy","National Highway","Dry","Dawn","None",96,66,"Male","None","Yes","Curve",814,"Kerala"
"Unknown",2023,"December","Monday",1899-12-30 01:50:00.000,"Serious",2,"Bus",10,1,"Hazy","State Highway","Wet","Dusk","Signs",116,55,"Male","None","No","Intersection",822,"Bihar"
"Unknown",2022,"March","Sunday",1899-12-30 09:30:00.000,"Serious",3,"Auto-Rickshaw",10,2,"Stormy","Village Road","Dry","Dawn","Signs",82,60,"Male","None","No","Bridge",843,"Telangana"
"Unknown",2018,"October","Wednesday",1899-12-30 14:56:00.000,"Serious",2,"Truck",8,2,"Foggy","Village Road","Dry","Dusk","None",101,62,"Male","None","Yes","Curve",849,"Kerala"
"Unknown",2021,"May","Monday",1899-12-30 02:14:00.000,"Serious",3,"Truck",3,4,"Stormy","Urban Road","Wet","Dawn","Signs",75,68,"Female","None","No","Straight Road",862,"Jharkhand"
"Unknown",2019,"September","Tuesday",1899-12-30 22:38:00.000,"Serious",3,"Bus",6,5,"Rainy","State Highway","Dry","Daylight","Police Checkpost",42,69,"Male","None","Yes","Intersection",891,"Assam"
"Unknown",2021,"July","Wednesday",1899-12-30 21:54:00.000,"Serious",3,"Auto-Rickshaw",2,4,"Foggy","Village Road","Damaged","Dawn","Police Checkpost",76,23,"Male","None","No","Intersection",915,"Telangana"
"Unknown",2020,"May","Sunday",1899-12-30 07:19:00.000,"Serious",3,"Cycle",3,1,"Stormy","Urban Road","Wet","Dark","Police Checkpost",94,70,"Female","None","No","Bridge",956,"Jammu and Kashmir"
"Unknown",2020,"May","Friday",1899-12-30 12:27:00.000,"Serious",5,"Bus",6,0,"Rainy","Village Road","Dry","Dark","Police Checkpost",112,34,"Female","None","No","Straight Road",971,"Jammu and Kashmir"
"Unknown",2021,"February","Monday",1899-12-30 19:41:00.000,"Serious",5,"Auto-Rickshaw",7,3,"Foggy","National Highway","Wet","Daylight","Signs",33,56,"Male","None","No","Curve",995,"Mizoram"
"Unknown",2020,"November","Thursday",1899-12-30 03:10:00.000,"Serious",5,"Auto-Rickshaw",7,2,"Rainy","Urban Road","Under Construction","Dark","Signs",82,55,"Male","None","Yes","Straight Road",1000,"Jammu and Kashmir"
"Unknown",2023,"February","Wednesday",1899-12-30 02:50:00.000,"Serious",1,"Auto-Rickshaw",9,5,"Clear","State Highway","Dry","Dark","None",118,24,"Female","None","Yes","Straight Road",1020,"Bihar"
"Unknown",2018,"August","Wednesday",1899-12-30 17:27:00.000,"Serious",3,"Pedestrian",3,3,"Stormy","Village Road","Damaged","Dusk","Signs",63,68,"Female","None","No","Bridge",1026,"Nagaland"
"Unknown",2022,"October","Thursday",1899-12-30 13:37:00.000,"Serious",5,"Car",8,5,"Rainy","Urban Road","Under Construction","Daylight","Police Checkpost",113,45,"Female","None","No","Intersection",1033,"Goa"
"Unknown",2023,"March","Friday",1899-12-30 09:16:00.000,"Serious",4,"Car",6,5,"Foggy","Village Road","Dry","Dusk","Police Checkpost",86,67,"Male","None","Yes","Straight Road",1038,"Chandigarh"
"Unknown",2022,"March","Sunday",1899-12-30 10:04:00.000,"Serious",4,"Bus",6,1,"Stormy","Village Road","Wet","Daylight","Signs",98,48,"Female","None","Yes","Curve",1047,"Chandigarh"
"Unknown",2018,"July","Saturday",1899-12-30 13:38:00.000,"Serious",2,"Two-Wheeler",8,5,"Clear","State Highway","Under Construction","Daylight","Signals",65,52,"Female","None","No","Curve",1053,"Chhattisgarh"
"Unknown",2018,"November","Monday",1899-12-30 22:45:00.000,"Serious",3,"Pedestrian",7,0,"Hazy","Village Road","Under Construction","Dark","Signs",47,65,"Female","None","No","Bridge",1083,"Goa"
"Unknown",2020,"July","Tuesday",1899-12-30 12:46:00.000,"Serious",1,"Two-Wheeler",9,1,"Foggy","National Highway","Wet","Daylight","Police Checkpost",72,29,"Male","None","No","Bridge",1088,"Arunachal Pradesh"
"Unknown",2019,"August","Thursday",1899-12-30 03:06:00.000,"Serious",4,"Pedestrian",1,2,"Hazy","Urban Road","Dry","Dark","None",120,61,"Female","None","Yes","Curve",1101,"Nagaland"
"Unknown",2019,"May","Thursday",1899-12-30 22:35:00.000,"Serious",1,"Cycle",8,3,"Hazy","National Highway","Dry","Dark","Signs",67,61,"Female","None","No","Straight Road",1108,"Bihar"
"Unknown",2023,"January","Monday",1899-12-30 18:17:00.000,"Serious",1,"Car",7,0,"Hazy","State Highway","Damaged","Dawn","Police Checkpost",111,33,"Male","None","Yes","Bridge",1114,"Chhattisgarh"
"Unknown",2021,"January","Thursday",1899-12-30 07:10:00.000,"Serious",5,"Bus",3,2,"Hazy","State Highway","Wet","Dawn","Police Checkpost",66,35,"Female","None","Yes","Curve",1127,"Chhattisgarh"
"Unknown",2022,"June","Tuesday",1899-12-30 13:21:00.000,"Serious",3,"Cycle",6,4,"Clear","National Highway","Dry","Dark","None",110,70,"Male","None","No","Intersection",1147,"Bihar"
"Unknown",2020,"November","Wednesday",1899-12-30 14:04:00.000,"Serious",5,"Auto-Rickshaw",6,2,"Rainy","National Highway","Wet","Dusk","None",82,68,"Female","None","Yes","Bridge",1158,"Nagaland"
"Unknown",2023,"October","Sunday",1899-12-30 09:16:00.000,"Serious",3,"Bus",4,4,"Foggy","State Highway","Wet","Dark","Police Checkpost",55,53,"Male","None","No","Intersection",1165,"Goa"
"Unknown",2021,"April","Wednesday",1899-12-30 04:39:00.000,"Serious",1,"Two-Wheeler",5,2,"Foggy","National Highway","Wet","Daylight","Signals",97,69,"Male","None","No","Bridge",1169,"Chhattisgarh"
"Unknown",2019,"January","Tuesday",1899-12-30 12:50:00.000,"Serious",1,"Car",6,4,"Stormy","National Highway","Under Construction","Dawn","Signals",119,63,"Male","None","No","Bridge",1177,"Manipur"
"Unknown",2018,"January","Monday",1899-12-30 05:57:00.000,"Serious",1,"Bus",8,0,"Rainy","Village Road","Wet","Dawn","Signs",86,52,"Male","None","Yes","Curve",1188,"Punjab"
"Unknown",2023,"August","Monday",1899-12-30 04:41:00.000,"Serious",3,"Pedestrian",3,4,"Clear","Village Road","Wet","Dusk","Signs",111,40,"Female","None","Yes","Straight Road",1234,"Goa"
"Unknown",2018,"September","Friday",1899-12-30 12:52:00.000,"Serious",2,"Car",1,1,"Foggy","State Highway","Dry","Daylight","None",102,43,"Female","None","No","Curve",1237,"Arunachal Pradesh"
"Unknown",2020,"April","Saturday",1899-12-30 04:28:00.000,"Serious",5,"Cycle",6,0,"Hazy","State Highway","Under Construction","Dusk","Signals",39,65,"Male","None","Yes","Curve",1238,"Meghalaya"
"Unknown",2019,"October","Saturday",1899-12-30 09:02:00.000,"Serious",4,"Cycle",10,0,"Hazy","State Highway","Under Construction","Dawn","None",112,47,"Male","None","No","Intersection",1258,"Meghalaya"
"Unknown",2022,"June","Wednesday",1899-12-30 21:07:00.000,"Serious",5,"Pedestrian",1,0,"Rainy","National Highway","Dry","Dusk","Signals",61,64,"Male","None","No","Intersection",1292,"Sikkim"
"Unknown",2023,"October","Sunday",1899-12-30 08:21:00.000,"Serious",4,"Pedestrian",2,2,"Stormy","Urban Road","Under Construction","Dawn","Signs",77,41,"Male","None","No","Curve",1303,"Uttarakhand"
"Unknown",2018,"August","Thursday",1899-12-30 23:21:00.000,"Serious",4,"Bus",9,2,"Rainy","State Highway","Under Construction","Dark","Signs",56,39,"Female","None","Yes","Intersection",1307,"Chhattisgarh"
"Unknown",2021,"December","Tuesday",1899-12-30 16:22:00.000,"Serious",5,"Cycle",3,3,"Foggy","Urban Road","Damaged","Daylight","Signals",42,26,"Female","None","Yes","Intersection",1314,"Himachal Pradesh"
"Unknown",2022,"March","Tuesday",1899-12-30 05:20:00.000,"Serious",2,"Truck",8,4,"Hazy","National Highway","Dry","Dusk","Signs",31,49,"Male","None","No","Intersection",1332,"Sikkim"
"Unknown",2019,"June","Friday",1899-12-30 01:33:00.000,"Serious",4,"Cycle",10,0,"Foggy","National Highway","Under Construction","Dark","Signals",40,63,"Male","None","No","Straight Road",1333,"Jharkhand"
"Unknown",2022,"May","Thursday",1899-12-30 22:25:00.000,"Serious",1,"Pedestrian",7,5,"Foggy","National Highway","Dry","Dusk","Signals",69,19,"Male","None","No","Curve",1365,"Punjab"
"Unknown",2018,"May","Sunday",1899-12-30 03:36:00.000,"Serious",2,"Car",8,0,"Hazy","National Highway","Dry","Dusk","Signs",35,42,"Male","None","No","Bridge",1388,"Haryana"
"Unknown",2022,"January","Saturday",1899-12-30 05:04:00.000,"Serious",2,"Car",5,4,"Clear","National Highway","Damaged","Daylight","Signs",105,32,"Female","None","No","Curve",1392,"Chhattisgarh"
"Unknown",2023,"May","Thursday",1899-12-30 14:43:00.000,"Serious",3,"Car",8,5,"Stormy","National Highway","Dry","Dusk","Signs",100,69,"Female","None","Yes","Intersection",1406,"Mizoram"
"Unknown",2019,"January","Friday",1899-12-30 09:37:00.000,"Serious",1,"Two-Wheeler",3,5,"Rainy","Village Road","Damaged","Daylight","Police Checkpost",118,38,"Female","None","No","Straight Road",1409,"Assam"
"Unknown",2022,"September","Sunday",1899-12-30 20:40:00.000,"Serious",4,"Pedestrian",2,4,"Clear","State Highway","Under Construction","Dark","Signals",60,46,"Female","None","Yes","Bridge",1414,"Haryana"
"Unknown",2019,"December","Sunday",1899-12-30 02:32:00.000,"Serious",2,"Pedestrian",4,3,"Hazy","Village Road","Under Construction","Dark","Police Checkpost",62,32,"Female","None","Yes","Straight Road",1432,"Jharkhand"
"Unknown",2019,"January","Saturday",1899-12-30 08:06:00.000,"Serious",5,"Bus",1,2,"Clear","Village Road","Under Construction","Dusk","Police Checkpost",110,18,"Female","None","No","Intersection",1441,"Punjab"
"Unknown",2019,"June","Saturday",1899-12-30 06:17:00.000,"Serious",1,"Cycle",0,4,"Clear","State Highway","Wet","Dark","None",81,28,"Female","None","Yes","Curve",1444,"Telangana"
"Unknown",2023,"May","Saturday",1899-12-30 01:25:00.000,"Serious",4,"Cycle",4,1,"Hazy","National Highway","Under Construction","Daylight","Signs",70,47,"Female","None","Yes","Intersection",1455,"Arunachal Pradesh"
"Unknown",2021,"June","Wednesday",1899-12-30 10:57:00.000,"Serious",4,"Pedestrian",4,4,"Foggy","State Highway","Damaged","Dawn","Signals",105,24,"Male","None","Yes","Bridge",1490,"Madhya Pradesh"
"Unknown",2019,"December","Monday",1899-12-30 03:10:00.000,"Serious",3,"Two-Wheeler",8,4,"Foggy","Village Road","Wet","Daylight","Signs",82,62,"Male","None","Yes","Curve",1500,"Kerala"
"Unknown",2019,"December","Wednesday",1899-12-30 14:41:00.000,"Serious",2,"Cycle",0,3,"Stormy","State Highway","Dry","Dusk","Signs",92,30,"Male","None","No","Straight Road",1553,"Goa"
"Unknown",2023,"October","Sunday",1899-12-30 05:28:00.000,"Serious",5,"Pedestrian",1,4,"Clear","Urban Road","Under Construction","Dawn","Signs",64,35,"Male","None","Yes","Bridge",1560,"Sikkim"
"Unknown",2022,"April","Saturday",1899-12-30 07:34:00.000,"Serious",3,"Truck",4,1,"Rainy","Village Road","Damaged","Dawn","Signs",59,53,"Female","None","Yes","Intersection",1562,"Manipur"
"Unknown",2021,"December","Sunday",1899-12-30 19:59:00.000,"Serious",5,"Truck",2,4,"Stormy","Urban Road","Wet","Daylight","Signals",69,55,"Male","None","No","Intersection",1568,"Sikkim"
"Unknown",2020,"July","Monday",1899-12-30 13:46:00.000,"Serious",3,"Bus",10,1,"Stormy","Urban Road","Dry","Dusk","Signals",100,56,"Female","None","Yes","Bridge",1581,"Himachal Pradesh"
"Unknown",2019,"April","Sunday",1899-12-30 10:56:00.000,"Serious",4,"Bus",6,2,"Clear","State Highway","Wet","Dark","Police Checkpost",96,36,"Male","None","No","Curve",1585,"Puducherry"
"Unknown",2020,"January","Thursday",1899-12-30 21:32:00.000,"Serious",3,"Auto-Rickshaw",5,1,"Foggy","Urban Road","Wet","Dawn","Signals",75,52,"Male","None","Yes","Straight Road",1591,"Sikkim"
"Unknown",2019,"December","Wednesday",1899-12-30 01:03:00.000,"Serious",4,"Auto-Rickshaw",1,0,"Stormy","National Highway","Wet","Dark","Police Checkpost",77,37,"Male","None","No","Straight Road",1594,"Chhattisgarh"
"Unknown",2020,"July","Wednesday",1899-12-30 16:37:00.000,"Serious",1,"Cycle",0,0,"Clear","Urban Road","Wet","Dawn","Signals",87,45,"Male","None","No","Intersection",1598,"Jharkhand"
"Unknown",2020,"April","Sunday",1899-12-30 13:29:00.000,"Serious",3,"Cycle",6,5,"Rainy","Urban Road","Dry","Dusk","Signals",36,56,"Female","None","Yes","Intersection",1607,"Haryana"
"Unknown",2019,"November","Sunday",1899-12-30 19:43:00.000,"Serious",1,"Car",10,3,"Foggy","State Highway","Dry","Dusk","Signals",56,64,"Female","None","Yes","Bridge",1616,"Chandigarh"
"Unknown",2019,"May","Tuesday",1899-12-30 05:37:00.000,"Serious",4,"Bus",6,5,"Foggy","National Highway","Damaged","Daylight","Police Checkpost",42,29,"Male","None","Yes","Intersection",1634,"Meghalaya"
"Unknown",2018,"June","Friday",1899-12-30 00:02:00.000,"Serious",4,"Two-Wheeler",8,4,"Stormy","Village Road","Under Construction","Dark","None",39,45,"Male","None","No","Straight Road",1644,"Puducherry"
"Unknown",2019,"June","Monday",1899-12-30 02:45:00.000,"Serious",4,"Two-Wheeler",8,0,"Rainy","State Highway","Damaged","Daylight","Police Checkpost",76,65,"Female","None","Yes","Curve",1653,"Uttarakhand"
"Unknown",2021,"April","Thursday",1899-12-30 05:49:00.000,"Serious",4,"Pedestrian",1,5,"Foggy","State Highway","Dry","Daylight","Police Checkpost",77,52,"Male","None","No","Bridge",1666,"Telangana"
"Unknown",2023,"December","Monday",1899-12-30 22:35:00.000,"Serious",1,"Bus",2,1,"Clear","State Highway","Under Construction","Dark","None",80,39,"Male","None","Yes","Bridge",1667,"Tripura"
"Unknown",2018,"November","Tuesday",1899-12-30 07:47:00.000,"Serious",3,"Truck",5,3,"Clear","Village Road","Dry","Dark","Signs",109,52,"Female","None","No","Intersection",1693,"Madhya Pradesh"
"Unknown",2022,"September","Saturday",1899-12-30 21:34:00.000,"Serious",2,"Truck",3,0,"Foggy","Village Road","Damaged","Dark","Police Checkpost",71,28,"Female","None","No","Curve",1716,"Uttarakhand"
"Unknown",2019,"June","Sunday",1899-12-30 17:00:00.000,"Serious",5,"Car",4,5,"Rainy","National Highway","Damaged","Dark","Signals",118,34,"Female","None","Yes","Bridge",1718,"Sikkim"
"Unknown",2022,"November","Wednesday",1899-12-30 15:48:00.000,"Serious",1,"Cycle",7,0,"Clear","State Highway","Damaged","Daylight","Signals",90,31,"Male","None","Yes","Curve",1745,"Uttarakhand"
"Unknown",2019,"September","Sunday",1899-12-30 20:20:00.000,"Serious",5,"Two-Wheeler",10,3,"Stormy","Urban Road","Dry","Dawn","Signals",95,60,"Male","None","Yes","Intersection",1751,"Odisha"
"Unknown",2022,"May","Sunday",1899-12-30 02:28:00.000,"Serious",5,"Bus",1,5,"Foggy","State Highway","Wet","Dark","Signals",90,45,"Male","None","Yes","Straight Road",1792,"Assam"
"Unknown",2021,"September","Saturday",1899-12-30 21:08:00.000,"Serious",3,"Two-Wheeler",2,1,"Foggy","Village Road","Dry","Dark","Signs",111,25,"Male","None","No","Curve",1803,"Mizoram"
"Unknown",2018,"September","Tuesday",1899-12-30 15:13:00.000,"Serious",2,"Car",6,0,"Foggy","Urban Road","Dry","Dark","Signals",119,31,"Male","None","Yes","Straight Road",1813,"Telangana"
"Unknown",2021,"August","Monday",1899-12-30 07:16:00.000,"Serious",4,"Bus",8,0,"Foggy","State Highway","Under Construction","Dawn","Signs",73,33,"Male","None","Yes","Straight Road",1816,"Punjab"
"Unknown",2021,"November","Monday",1899-12-30 06:22:00.000,"Serious",1,"Cycle",1,0,"Hazy","Urban Road","Under Construction","Daylight","Police Checkpost",67,53,"Male","None","Yes","Curve",1834,"Punjab"
"Unknown",2022,"November","Sunday",1899-12-30 18:49:00.000,"Serious",3,"Truck",5,1,"Clear","State Highway","Dry","Dawn","Signals",37,32,"Male","None","No","Intersection",1844,"Odisha"
"Unknown",2022,"January","Monday",1899-12-30 11:17:00.000,"Serious",4,"Car",7,1,"Clear","Urban Road","Dry","Daylight","Police Checkpost",87,56,"Male","None","No","Curve",1874,"Mizoram"
"Unknown",2023,"February","Wednesday",1899-12-30 03:23:00.000,"Serious",3,"Bus",3,3,"Clear","National Highway","Dry","Daylight","Signals",49,30,"Female","None","Yes","Curve",1878,"Meghalaya"
"Unknown",2021,"May","Wednesday",1899-12-30 01:25:00.000,"Serious",5,"Truck",10,1,"Foggy","Urban Road","Wet","Dark","Signs",79,57,"Female","None","Yes","Straight Road",1882,"Kerala"
"Unknown",2022,"June","Monday",1899-12-30 10:49:00.000,"Serious",2,"Cycle",10,0,"Clear","National Highway","Wet","Dusk","Police Checkpost",72,24,"Male","None","Yes","Bridge",1891,"Sikkim"
"Unknown",2023,"October","Saturday",1899-12-30 23:39:00.000,"Serious",3,"Two-Wheeler",5,1,"Clear","Urban Road","Wet","Dawn","None",83,24,"Male","None","Yes","Curve",1903,"Bihar"
"Unknown",2021,"February","Thursday",1899-12-30 21:05:00.000,"Serious",1,"Two-Wheeler",3,0,"Clear","Village Road","Wet","Dusk","Signals",75,52,"Male","None","Yes","Straight Road",1945,"Arunachal Pradesh"
"Unknown",2021,"March","Wednesday",1899-12-30 21:42:00.000,"Serious",1,"Pedestrian",1,3,"Clear","National Highway","Damaged","Daylight","Signs",107,64,"Female","None","No","Bridge",1948,"Tripura"
"Unknown",2022,"February","Thursday",1899-12-30 01:15:00.000,"Serious",4,"Pedestrian",6,1,"Rainy","Village Road","Wet","Dusk","Signals",34,23,"Male","None","No","Intersection",1985,"Sikkim"
"Unknown",2021,"September","Friday",1899-12-30 09:01:00.000,"Serious",2,"Truck",10,3,"Stormy","National Highway","Dry","Dark","None",35,48,"Male","None","No","Bridge",1989,"Meghalaya"
"Unknown",2019,"October","Friday",1899-12-30 17:38:00.000,"Serious",4,"Truck",8,2,"Foggy","State Highway","Damaged","Daylight","Signals",51,49,"Female","None","No","Bridge",2012,"Tripura"
"Unknown",2020,"April","Monday",1899-12-30 00:36:00.000,"Serious",1,"Pedestrian",2,1,"Rainy","National Highway","Wet","Dark","Signals",85,19,"Female","None","No","Straight Road",2014,"Tripura"
"Unknown",2022,"November","Wednesday",1899-12-30 14:43:00.000,"Serious",2,"Truck",8,1,"Rainy","Urban Road","Under Construction","Dawn","None",76,23,"Female","None","No","Bridge",2020,"Arunachal Pradesh"
"Unknown",2019,"October","Thursday",1899-12-30 18:48:00.000,"Serious",2,"Auto-Rickshaw",7,5,"Hazy","State Highway","Damaged","Dawn","Signs",42,39,"Female","None","Yes","Curve",2023,"Bihar"
"Unknown",2021,"January","Tuesday",1899-12-30 05:21:00.000,"Serious",5,"Bus",2,5,"Hazy","National Highway","Wet","Daylight","Signals",101,58,"Male","None","Yes","Curve",2032,"Odisha"
"Unknown",2020,"December","Tuesday",1899-12-30 06:33:00.000,"Serious",2,"Truck",9,1,"Rainy","Village Road","Wet","Daylight","Police Checkpost",80,70,"Male","None","Yes","Curve",2033,"Chhattisgarh"
"Unknown",2022,"December","Tuesday",1899-12-30 05:43:00.000,"Serious",3,"Auto-Rickshaw",2,0,"Foggy","National Highway","Wet","Dusk","Signs",76,22,"Female","None","No","Curve",2060,"Nagaland"
"Unknown",2019,"September","Monday",1899-12-30 22:11:00.000,"Serious",5,"Auto-Rickshaw",5,1,"Foggy","National Highway","Wet","Daylight","Signals",45,53,"Male","None","Yes","Straight Road",2068,"Himachal Pradesh"
"Unknown",2022,"October","Saturday",1899-12-30 19:23:00.000,"Serious",4,"Cycle",0,3,"Hazy","State Highway","Under Construction","Dawn","None",47,23,"Female","None","No","Straight Road",2082,"Mizoram"
"Unknown",2020,"June","Friday",1899-12-30 15:56:00.000,"Serious",4,"Pedestrian",3,5,"Foggy","National Highway","Wet","Dark","Signals",42,36,"Male","None","No","Straight Road",2083,"Manipur"
"Unknown",2019,"October","Wednesday",1899-12-30 18:54:00.000,"Serious",2,"Two-Wheeler",8,2,"Foggy","National Highway","Under Construction","Dark","Signs",67,64,"Male","None","No","Intersection",2092,"Haryana"
"Unknown",2021,"December","Tuesday",1899-12-30 17:01:00.000,"Serious",1,"Bus",7,3,"Foggy","Village Road","Damaged","Daylight","Signals",46,46,"Male","None","No","Straight Road",2093,"Kerala"
"Unknown",2020,"December","Thursday",1899-12-30 01:13:00.000,"Serious",3,"Cycle",1,3,"Rainy","National Highway","Under Construction","Dawn","None",94,51,"Female","None","No","Curve",2109,"Uttarakhand"
"Unknown",2019,"June","Monday",1899-12-30 05:36:00.000,"Serious",3,"Cycle",9,2,"Stormy","State Highway","Damaged","Daylight","None",47,33,"Female","None","No","Bridge",2112,"Meghalaya"
"Unknown",2018,"February","Wednesday",1899-12-30 03:06:00.000,"Serious",3,"Car",3,0,"Clear","National Highway","Dry","Dark","None",70,46,"Male","None","Yes","Straight Road",2120,"Sikkim"
"Unknown",2021,"March","Friday",1899-12-30 05:42:00.000,"Serious",4,"Auto-Rickshaw",2,4,"Rainy","Village Road","Dry","Dark","Police Checkpost",107,67,"Female","None","Yes","Curve",2127,"Kerala"
"Unknown",2022,"March","Tuesday",1899-12-30 22:41:00.000,"Serious",4,"Two-Wheeler",1,5,"Clear","State Highway","Wet","Dusk","Signals",79,25,"Male","None","Yes","Curve",2132,"Chhattisgarh"
"Unknown",2019,"August","Sunday",1899-12-30 08:27:00.000,"Serious",2,"Bus",9,1,"Rainy","National Highway","Wet","Dark","None",58,46,"Male","None","Yes","Intersection",2134,"Bihar"
"Unknown",2021,"November","Friday",1899-12-30 18:01:00.000,"Serious",4,"Cycle",0,4,"Rainy","Urban Road","Dry","Dawn","Police Checkpost",76,46,"Male","None","No","Bridge",2167,"Nagaland"
"Unknown",2019,"August","Friday",1899-12-30 20:32:00.000,"Serious",4,"Truck",6,2,"Foggy","Urban Road","Under Construction","Dawn","Signs",84,62,"Female","None","Yes","Curve",2168,"Jharkhand"
"Unknown",2021,"November","Monday",1899-12-30 07:04:00.000,"Serious",4,"Auto-Rickshaw",0,5,"Foggy","State Highway","Damaged","Dark","Police Checkpost",71,21,"Female","None","No","Intersection",2185,"Himachal Pradesh"
"Unknown",2018,"November","Saturday",1899-12-30 09:30:00.000,"Serious",5,"Two-Wheeler",1,4,"Rainy","National Highway","Damaged","Dusk","None",108,32,"Female","None","No","Straight Road",2195,"Tripura"
"Unknown",2023,"November","Wednesday",1899-12-30 07:53:00.000,"Serious",1,"Truck",10,0,"Foggy","National Highway","Wet","Dusk","Signals",47,24,"Female","None","No","Bridge",2214,"Chhattisgarh"
"Unknown",2023,"September","Wednesday",1899-12-30 01:36:00.000,"Serious",5,"Truck",5,3,"Hazy","State Highway","Dry","Dusk","None",56,41,"Male","None","Yes","Intersection",2230,"Uttarakhand"
"Unknown",2020,"January","Monday",1899-12-30 15:34:00.000,"Serious",3,"Two-Wheeler",3,0,"Hazy","Village Road","Wet","Dawn","Signals",30,23,"Female","None","No","Curve",2242,"Telangana"
"Unknown",2021,"November","Sunday",1899-12-30 21:39:00.000,"Serious",1,"Two-Wheeler",0,2,"Rainy","State Highway","Dry","Dark","Police Checkpost",41,50,"Female","None","No","Intersection",2268,"Jammu and Kashmir"
"Unknown",2019,"May","Saturday",1899-12-30 22:32:00.000,"Serious",1,"Bus",9,5,"Clear","State Highway","Damaged","Dark","Police Checkpost",49,57,"Male","None","Yes","Intersection",2273,"Bihar"
"Unknown",2021,"November","Thursday",1899-12-30 23:58:00.000,"Serious",5,"Pedestrian",9,5,"Clear","State Highway","Dry","Dawn","None",85,31,"Male","None","Yes","Bridge",2288,"Himachal Pradesh"
"Unknown",2018,"April","Thursday",1899-12-30 00:41:00.000,"Serious",2,"Cycle",5,5,"Clear","National Highway","Damaged","Dark","Signs",96,46,"Female","None","No","Bridge",2306,"Puducherry"
"Unknown",2023,"May","Tuesday",1899-12-30 05:34:00.000,"Serious",3,"Truck",7,1,"Hazy","Urban Road","Dry","Dawn","Signs",64,50,"Female","None","No","Straight Road",2309,"Jharkhand"
"Unknown",2020,"May","Monday",1899-12-30 03:21:00.000,"Serious",3,"Auto-Rickshaw",2,3,"Foggy","Urban Road","Under Construction","Daylight","None",85,68,"Female","None","No","Straight Road",2321,"Assam"
"Unknown",2020,"November","Wednesday",1899-12-30 14:36:00.000,"Serious",5,"Car",6,5,"Hazy","National Highway","Damaged","Dawn","Police Checkpost",102,44,"Female","None","No","Curve",2330,"Chandigarh"
"Unknown",2021,"October","Thursday",1899-12-30 08:03:00.000,"Serious",1,"Pedestrian",10,4,"Foggy","Village Road","Under Construction","Dawn","Signs",59,38,"Male","None","No","Straight Road",2332,"Jammu and Kashmir"
"Unknown",2021,"February","Monday",1899-12-30 15:06:00.000,"Serious",3,"Auto-Rickshaw",7,4,"Hazy","State Highway","Damaged","Dark","Signs",75,68,"Male","None","No","Curve",2335,"Tripura"
"Unknown",2020,"December","Friday",1899-12-30 01:52:00.000,"Serious",3,"Pedestrian",5,2,"Clear","State Highway","Under Construction","Dark","Signals",98,44,"Male","None","No","Straight Road",2365,"Assam"
"Unknown",2018,"September","Saturday",1899-12-30 19:22:00.000,"Serious",1,"Truck",0,4,"Hazy","State Highway","Damaged","Dark","None",114,70,"Male","None","Yes","Intersection",2372,"Punjab"
"Unknown",2018,"March","Thursday",1899-12-30 19:14:00.000,"Serious",2,"Two-Wheeler",3,3,"Foggy","State Highway","Under Construction","Daylight","None",81,18,"Female","None","No","Bridge",2426,"Madhya Pradesh"
"Unknown",2022,"September","Thursday",1899-12-30 07:53:00.000,"Serious",2,"Pedestrian",1,3,"Rainy","National Highway","Wet","Daylight","Police Checkpost",37,20,"Male","None","Yes","Curve",2431,"Punjab"
"Unknown",2020,"August","Monday",1899-12-30 18:16:00.000,"Serious",2,"Bus",8,4,"Clear","National Highway","Dry","Dawn","Signs",54,47,"Male","None","Yes","Straight Road",2444,"Nagaland"
"Unknown",2022,"January","Wednesday",1899-12-30 17:30:00.000,"Serious",5,"Auto-Rickshaw",9,5,"Stormy","National Highway","Damaged","Dark","Police Checkpost",48,51,"Female","None","Yes","Curve",2452,"Manipur"
"Unknown",2018,"November","Tuesday",1899-12-30 00:39:00.000,"Serious",4,"Auto-Rickshaw",4,0,"Clear","Village Road","Damaged","Dusk","Signs",82,64,"Female","None","No","Intersection",2475,"Bihar"
"Unknown",2019,"November","Friday",1899-12-30 01:19:00.000,"Serious",1,"Cycle",1,3,"Rainy","Village Road","Under Construction","Dark","Signals",64,25,"Female","None","No","Bridge",2479,"Madhya Pradesh"
"Unknown",2019,"October","Wednesday",1899-12-30 11:26:00.000,"Serious",2,"Bus",6,1,"Hazy","Urban Road","Wet","Dark","None",65,66,"Male","None","Yes","Straight Road",2487,"Arunachal Pradesh"
"Unknown",2018,"February","Wednesday",1899-12-30 18:23:00.000,"Serious",5,"Cycle",8,5,"Stormy","National Highway","Wet","Dusk","None",30,59,"Female","None","No","Curve",2500,"Chhattisgarh"
"Unknown",2020,"September","Thursday",1899-12-30 07:42:00.000,"Serious",2,"Auto-Rickshaw",9,2,"Stormy","State Highway","Dry","Daylight","None",39,43,"Male","None","Yes","Bridge",2509,"Odisha"
"Unknown",2020,"March","Friday",1899-12-30 23:11:00.000,"Serious",3,"Auto-Rickshaw",10,3,"Hazy","State Highway","Wet","Dawn","Signals",48,63,"Female","None","Yes","Straight Road",2524,"Jharkhand"
"Unknown",2021,"January","Friday",1899-12-30 06:46:00.000,"Serious",4,"Auto-Rickshaw",10,3,"Clear","State Highway","Damaged","Dawn","None",60,34,"Male","None","Yes","Intersection",2531,"Puducherry"
"Unknown",2023,"August","Thursday",1899-12-30 21:22:00.000,"Serious",4,"Truck",9,2,"Stormy","State Highway","Damaged","Daylight","Police Checkpost",106,50,"Male","None","No","Bridge",2535,"Punjab"
"Unknown",2019,"November","Wednesday",1899-12-30 02:55:00.000,"Serious",5,"Pedestrian",10,1,"Stormy","National Highway","Dry","Dusk","None",100,40,"Female","None","Yes","Straight Road",2559,"Himachal Pradesh"
"Unknown",2019,"August","Wednesday",1899-12-30 01:10:00.000,"Serious",2,"Auto-Rickshaw",9,2,"Foggy","National Highway","Dry","Dusk","Police Checkpost",32,48,"Female","None","No","Intersection",2584,"Nagaland"
"Unknown",2022,"December","Friday",1899-12-30 11:09:00.000,"Serious",5,"Pedestrian",10,2,"Hazy","National Highway","Wet","Dawn","None",43,19,"Female","None","No","Bridge",2594,"Puducherry"
"Unknown",2020,"April","Monday",1899-12-30 12:36:00.000,"Serious",3,"Car",5,0,"Stormy","State Highway","Dry","Daylight","None",86,42,"Male","None","No","Bridge",2622,"Mizoram"
"Unknown",2021,"October","Wednesday",1899-12-30 18:47:00.000,"Serious",1,"Truck",0,5,"Stormy","State Highway","Dry","Dusk","Signs",82,69,"Male","None","No","Straight Road",2623,"Jammu and Kashmir"
"Unknown",2019,"March","Saturday",1899-12-30 19:05:00.000,"Serious",4,"Bus",5,2,"Stormy","Urban Road","Damaged","Daylight","None",76,20,"Female","None","No","Straight Road",2630,"Goa"
"Unknown",2018,"June","Friday",1899-12-30 06:56:00.000,"Serious",2,"Pedestrian",8,5,"Rainy","State Highway","Wet","Dawn","Police Checkpost",30,23,"Male","None","Yes","Intersection",2642,"Haryana"
"Unknown",2018,"August","Friday",1899-12-30 18:00:00.000,"Serious",5,"Auto-Rickshaw",7,0,"Foggy","Urban Road","Dry","Daylight","Police Checkpost",70,52,"Female","None","Yes","Curve",2663,"Telangana"
"Unknown",2020,"July","Monday",1899-12-30 23:29:00.000,"Serious",4,"Truck",7,0,"Stormy","Village Road","Under Construction","Dusk","Signs",111,62,"Male","None","No","Curve",2669,"Sikkim"
"Unknown",2021,"November","Saturday",1899-12-30 12:14:00.000,"Serious",3,"Car",4,2,"Stormy","Village Road","Wet","Dark","Police Checkpost",61,21,"Female","None","No","Bridge",2671,"Assam"
"Unknown",2020,"April","Tuesday",1899-12-30 03:42:00.000,"Serious",1,"Truck",8,2,"Rainy","National Highway","Wet","Daylight","None",90,55,"Female","None","No","Curve",2688,"Arunachal Pradesh"
"Unknown",2020,"September","Friday",1899-12-30 17:51:00.000,"Serious",5,"Truck",10,5,"Hazy","National Highway","Wet","Dawn","Signals",72,19,"Female","None","No","Straight Road",2703,"Madhya Pradesh"
"Unknown",2019,"March","Wednesday",1899-12-30 09:47:00.000,"Serious",5,"Auto-Rickshaw",4,3,"Hazy","State Highway","Wet","Dawn","Police Checkpost",110,61,"Female","None","Yes","Curve",2704,"Telangana"
"Unknown",2021,"December","Wednesday",1899-12-30 03:12:00.000,"Serious",4,"Two-Wheeler",9,5,"Foggy","National Highway","Wet","Dawn","Signs",109,48,"Female","None","Yes","Curve",2706,"Assam"
"Unknown",2022,"June","Wednesday",1899-12-30 06:32:00.000,"Serious",4,"Car",3,3,"Foggy","Urban Road","Damaged","Dusk","Signs",77,69,"Female","None","No","Bridge",2707,"Haryana"
"Unknown",2023,"August","Monday",1899-12-30 06:41:00.000,"Serious",1,"Two-Wheeler",5,3,"Hazy","Village Road","Under Construction","Dawn","Police Checkpost",64,22,"Female","None","No","Bridge",2708,"Jammu and Kashmir"
"Unknown",2021,"June","Friday",1899-12-30 08:28:00.000,"Serious",4,"Truck",5,2,"Hazy","Village Road","Under Construction","Dusk","Signs",106,23,"Female","None","Yes","Straight Road",2709,"Nagaland"
"Unknown",2022,"August","Wednesday",1899-12-30 14:37:00.000,"Serious",2,"Truck",1,5,"Rainy","Village Road","Under Construction","Dark","Police Checkpost",55,37,"Male","None","No","Curve",2711,"Goa"
"Unknown",2020,"August","Monday",1899-12-30 10:52:00.000,"Serious",3,"Auto-Rickshaw",10,2,"Hazy","National Highway","Dry","Daylight","Signals",30,35,"Male","None","Yes","Curve",2712,"Mizoram"
"Unknown",2019,"July","Monday",1899-12-30 06:31:00.000,"Serious",5,"Bus",2,3,"Foggy","State Highway","Under Construction","Dusk","Signals",101,55,"Female","None","Yes","Intersection",2713,"Meghalaya"
"Unknown",2021,"July","Saturday",1899-12-30 06:06:00.000,"Serious",5,"Pedestrian",1,2,"Foggy","Urban Road","Under Construction","Dusk","Police Checkpost",103,21,"Female","None","No","Straight Road",2728,"Mizoram"
"Unknown",2023,"November","Monday",1899-12-30 04:51:00.000,"Serious",1,"Bus",2,5,"Hazy","Village Road","Damaged","Dawn","Signals",113,69,"Female","None","Yes","Straight Road",2740,"Nagaland"
"Unknown",2018,"June","Thursday",1899-12-30 16:15:00.000,"Serious",2,"Bus",10,4,"Rainy","Urban Road","Wet","Dark","None",95,28,"Male","None","No","Straight Road",2757,"Madhya Pradesh"
"Unknown",2023,"March","Saturday",1899-12-30 16:36:00.000,"Serious",3,"Auto-Rickshaw",10,0,"Hazy","National Highway","Under Construction","Dawn","Signs",62,24,"Female","None","Yes","Straight Road",2777,"Uttarakhand"
"Unknown",2020,"October","Sunday",1899-12-30 02:04:00.000,"Serious",4,"Auto-Rickshaw",6,3,"Stormy","Urban Road","Dry","Dark","Signals",30,61,"Female","None","Yes","Bridge",2823,"Meghalaya"
"Unknown",2021,"June","Tuesday",1899-12-30 07:49:00.000,"Serious",1,"Auto-Rickshaw",10,0,"Rainy","State Highway","Damaged","Dusk","Signals",35,70,"Female","None","Yes","Curve",2836,"Chhattisgarh"
"Unknown",2018,"August","Wednesday",1899-12-30 15:59:00.000,"Serious",4,"Auto-Rickshaw",4,2,"Stormy","Urban Road","Damaged","Dusk","None",107,34,"Female","None","No","Intersection",2861,"Punjab"
"Unknown",2020,"March","Sunday",1899-12-30 12:49:00.000,"Serious",1,"Two-Wheeler",2,0,"Clear","State Highway","Under Construction","Daylight","Signs",78,58,"Female","None","No","Intersection",2867,"Punjab"
"Unknown",2020,"September","Thursday",1899-12-30 02:54:00.000,"Serious",2,"Cycle",5,3,"Stormy","Village Road","Damaged","Dawn","Signs",53,68,"Female","None","Yes","Intersection",2878,"Chandigarh"
"Unknown",2020,"January","Thursday",1899-12-30 03:40:00.000,"Serious",1,"Pedestrian",7,0,"Rainy","Village Road","Wet","Dusk","Signs",108,67,"Male","None","No","Curve",2879,"Meghalaya"
"Unknown",2021,"May","Saturday",1899-12-30 10:24:00.000,"Serious",2,"Pedestrian",1,3,"Clear","Village Road","Dry","Dusk","None",97,19,"Female","None","No","Bridge",2880,"Himachal Pradesh"
"Unknown",2021,"January","Thursday",1899-12-30 08:06:00.000,"Serious",3,"Car",7,2,"Hazy","National Highway","Damaged","Dawn","Signals",36,46,"Male","None","Yes","Bridge",2918,"Haryana"
"Unknown",2022,"February","Monday",1899-12-30 16:20:00.000,"Serious",1,"Truck",9,4,"Foggy","Village Road","Damaged","Dawn","Police Checkpost",109,21,"Female","None","Yes","Bridge",2932,"Kerala"
"Unknown",2021,"November","Sunday",1899-12-30 23:02:00.000,"Serious",3,"Truck",4,0,"Foggy","Urban Road","Damaged","Dawn","None",65,59,"Male","None","No","Straight Road",2949,"Telangana"
"Unknown",2022,"August","Tuesday",1899-12-30 04:41:00.000,"Serious",4,"Auto-Rickshaw",7,0,"Rainy","Village Road","Dry","Daylight","Signs",100,56,"Male","None","Yes","Curve",2956,"Himachal Pradesh"
"Unknown",2021,"June","Thursday",1899-12-30 05:27:00.000,"Serious",2,"Truck",6,2,"Hazy","Urban Road","Dry","Dark","Police Checkpost",81,70,"Female","None","Yes","Bridge",2957,"Arunachal Pradesh"
"Unknown",2022,"March","Wednesday",1899-12-30 09:02:00.000,"Serious",3,"Two-Wheeler",8,4,"Stormy","State Highway","Dry","Dark","None",108,45,"Female","None","Yes","Straight Road",2968,"Jammu and Kashmir"
"Unknown",2020,"March","Tuesday",1899-12-30 09:11:00.000,"Serious",3,"Two-Wheeler",9,1,"Hazy","Village Road","Damaged","Dawn","Signals",88,20,"Female","None","No","Intersection",2976,"Bihar"
"Unknown",2019,"December","Friday",1899-12-30 19:36:00.000,"Serious",5,"Truck",5,4,"Clear","Urban Road","Damaged","Dark","Signs",44,23,"Female","None","Yes","Curve",2985,"Kerala"
"Unknown",2021,"December","Friday",1899-12-30 12:01:00.000,"Serious",1,"Auto-Rickshaw",5,3,"Hazy","State Highway","Damaged","Dusk","None",30,36,"Female","None","No","Straight Road",2986,"Himachal Pradesh"
"Unknown",2020,"July","Thursday",1899-12-30 19:18:00.000,"Minor",2,"Car",1,5,"Foggy","National Highway","Under Construction","Dawn","None",48,69,"Female","Expired","No","Curve",38,"Assam"
"Unknown",2020,"April","Saturday",1899-12-30 16:57:00.000,"Minor",3,"Bus",6,2,"Clear","State Highway","Wet","Dark","Police Checkpost",66,25,"Female","Expired","Yes","Straight Road",76,"Uttarakhand"
"Unknown",2020,"October","Wednesday",1899-12-30 17:06:00.000,"Minor",1,"Car",1,1,"Rainy","Village Road","Damaged","Dusk","None",43,60,"Male","Expired","Yes","Curve",87,"Chandigarh"
"Unknown",2022,"July","Sunday",1899-12-30 02:57:00.000,"Minor",1,"Car",8,2,"Hazy","Urban Road","Dry","Dawn","Signs",81,18,"Female","Expired","Yes","Intersection",88,"Madhya Pradesh"
"Unknown",2021,"November","Tuesday",1899-12-30 23:18:00.000,"Minor",2,"Bus",3,0,"Stormy","Village Road","Dry","Dusk","None",95,36,"Male","Expired","Yes","Intersection",92,"Jharkhand"
"Unknown",2023,"September","Sunday",1899-12-30 13:12:00.000,"Minor",1,"Car",6,3,"Stormy","State Highway","Dry","Dawn","Signs",84,52,"Male","Expired","No","Bridge",101,"Telangana"
"Unknown",2022,"April","Monday",1899-12-30 05:20:00.000,"Minor",3,"Two-Wheeler",10,3,"Clear","Urban Road","Under Construction","Dusk","None",86,30,"Male","Expired","Yes","Curve",104,"Kerala"
"Unknown",2022,"August","Saturday",1899-12-30 11:22:00.000,"Minor",4,"Car",8,4,"Foggy","Village Road","Under Construction","Dark","Signals",41,37,"Male","Expired","Yes","Straight Road",110,"Manipur"
"Unknown",2019,"May","Tuesday",1899-12-30 22:18:00.000,"Minor",5,"Pedestrian",4,4,"Stormy","Village Road","Wet","Dawn","Signs",49,57,"Female","Expired","Yes","Intersection",129,"Punjab"
"Unknown",2021,"September","Thursday",1899-12-30 23:48:00.000,"Minor",3,"Truck",0,3,"Clear","Urban Road","Wet","Daylight","None",119,51,"Male","Expired","Yes","Bridge",147,"Chandigarh"
"Unknown",2018,"July","Friday",1899-12-30 12:56:00.000,"Minor",3,"Truck",0,0,"Clear","National Highway","Under Construction","Dark","Police Checkpost",86,62,"Female","Expired","No","Curve",149,"Puducherry"
"Unknown",2019,"March","Tuesday",1899-12-30 20:20:00.000,"Minor",5,"Car",9,1,"Stormy","National Highway","Dry","Daylight","Signals",67,58,"Male","Expired","Yes","Straight Road",155,"Bihar"
"Unknown",2019,"September","Friday",1899-12-30 07:15:00.000,"Minor",1,"Car",10,1,"Rainy","National Highway","Under Construction","Dawn","Signs",118,44,"Female","Expired","No","Curve",160,"Tripura"
"Unknown",2019,"October","Thursday",1899-12-30 20:47:00.000,"Minor",2,"Pedestrian",1,2,"Hazy","Urban Road","Under Construction","Dawn","None",116,62,"Male","Expired","Yes","Curve",162,"Telangana"
"Unknown",2023,"September","Saturday",1899-12-30 23:11:00.000,"Minor",4,"Bus",9,0,"Rainy","Village Road","Under Construction","Dark","None",108,47,"Male","Expired","Yes","Curve",176,"Madhya Pradesh"
"Unknown",2020,"October","Tuesday",1899-12-30 20:35:00.000,"Minor",5,"Pedestrian",8,1,"Foggy","National Highway","Damaged","Dark","Signs",65,67,"Female","Expired","No","Bridge",177,"Puducherry"
"Unknown",2019,"June","Monday",1899-12-30 05:35:00.000,"Minor",4,"Cycle",6,5,"Foggy","Urban Road","Under Construction","Daylight","Signs",35,47,"Female","Expired","Yes","Straight Road",187,"Mizoram"
"Unknown",2019,"August","Friday",1899-12-30 02:01:00.000,"Minor",5,"Truck",1,4,"Hazy","Urban Road","Wet","Daylight","Signs",120,67,"Female","Expired","No","Straight Road",207,"Manipur"
"Unknown",2021,"October","Friday",1899-12-30 11:52:00.000,"Minor",1,"Two-Wheeler",2,3,"Stormy","Village Road","Under Construction","Dusk","Signals",79,54,"Male","Expired","No","Straight Road",210,"Jammu and Kashmir"
"Unknown",2021,"November","Friday",1899-12-30 04:24:00.000,"Minor",1,"Auto-Rickshaw",0,2,"Stormy","State Highway","Damaged","Daylight","Police Checkpost",111,36,"Male","Expired","Yes","Intersection",213,"Chhattisgarh"
"Unknown",2021,"November","Monday",1899-12-30 13:04:00.000,"Minor",5,"Cycle",1,2,"Rainy","Urban Road","Under Construction","Dawn","None",43,67,"Male","Expired","Yes","Curve",224,"Arunachal Pradesh"
"Unknown",2019,"August","Thursday",1899-12-30 16:07:00.000,"Minor",2,"Car",3,5,"Clear","Village Road","Damaged","Dark","Police Checkpost",62,50,"Male","Expired","No","Intersection",225,"Goa"
"Unknown",2023,"April","Thursday",1899-12-30 16:26:00.000,"Minor",2,"Car",7,4,"Stormy","State Highway","Dry","Dawn","None",54,26,"Female","Expired","No","Bridge",227,"Bihar"
"Unknown",2023,"December","Wednesday",1899-12-30 13:48:00.000,"Minor",1,"Cycle",7,4,"Rainy","Village Road","Damaged","Daylight","Signs",68,19,"Male","Expired","No","Straight Road",229,"Haryana"
"Unknown",2023,"February","Thursday",1899-12-30 22:27:00.000,"Minor",1,"Car",0,1,"Clear","Village Road","Dry","Daylight","Signs",65,19,"Female","Expired","Yes","Straight Road",247,"Jharkhand"
"Unknown",2021,"January","Wednesday",1899-12-30 00:00:00.000,"Minor",4,"Bus",4,3,"Stormy","Village Road","Wet","Dusk","Police Checkpost",91,47,"Male","Expired","No","Bridge",249,"Sikkim"
"Unknown",2021,"November","Friday",1899-12-30 09:13:00.000,"Minor",3,"Two-Wheeler",9,4,"Hazy","Village Road","Damaged","Daylight","None",31,58,"Male","Expired","No","Bridge",258,"Odisha"
"Unknown",2018,"May","Saturday",1899-12-30 07:00:00.000,"Minor",1,"Two-Wheeler",2,4,"Hazy","Village Road","Damaged","Dawn","Signs",42,57,"Female","Expired","No","Straight Road",300,"Punjab"
"Unknown",2019,"September","Thursday",1899-12-30 00:49:00.000,"Minor",3,"Pedestrian",8,0,"Hazy","National Highway","Wet","Daylight","None",99,29,"Male","Expired","Yes","Intersection",307,"Punjab"
"Unknown",2019,"October","Saturday",1899-12-30 08:59:00.000,"Minor",3,"Pedestrian",8,5,"Rainy","Urban Road","Wet","Dusk","Signs",103,62,"Female","Expired","No","Curve",319,"Chhattisgarh"
"Unknown",2019,"December","Saturday",1899-12-30 14:33:00.000,"Minor",4,"Cycle",2,1,"Rainy","Village Road","Under Construction","Dark","Signals",115,48,"Male","Expired","No","Straight Road",365,"Jharkhand"
"Unknown",2023,"August","Sunday",1899-12-30 09:21:00.000,"Minor",4,"Bus",10,1,"Foggy","Urban Road","Wet","Daylight","Signs",37,33,"Female","Expired","Yes","Straight Road",387,"Kerala"
"Unknown",2021,"May","Monday",1899-12-30 15:15:00.000,"Minor",2,"Pedestrian",9,4,"Clear","Village Road","Under Construction","Dusk","Signs",49,50,"Male","Expired","Yes","Intersection",410,"Mizoram"
"Unknown",2022,"November","Wednesday",1899-12-30 23:03:00.000,"Minor",3,"Car",2,5,"Rainy","Village Road","Dry","Daylight","Signals",31,33,"Male","Expired","No","Curve",423,"Odisha"
"Unknown",2022,"October","Thursday",1899-12-30 00:51:00.000,"Minor",3,"Cycle",8,0,"Foggy","Village Road","Damaged","Dark","Signs",45,23,"Male","Expired","Yes","Straight Road",427,"Meghalaya"
"Unknown",2022,"October","Friday",1899-12-30 11:30:00.000,"Minor",2,"Car",0,2,"Rainy","Village Road","Wet","Dusk","Signs",40,42,"Female","Expired","Yes","Straight Road",436,"Mizoram"
"Unknown",2022,"September","Monday",1899-12-30 01:46:00.000,"Minor",5,"Auto-Rickshaw",3,2,"Stormy","National Highway","Under Construction","Dusk","Signs",32,68,"Female","Expired","No","Bridge",445,"Manipur"
"Unknown",2022,"May","Monday",1899-12-30 20:56:00.000,"Minor",2,"Bus",4,3,"Clear","Urban Road","Wet","Dawn","None",98,24,"Male","Expired","Yes","Bridge",458,"Haryana"
"Unknown",2023,"June","Monday",1899-12-30 19:15:00.000,"Minor",3,"Auto-Rickshaw",4,1,"Rainy","State Highway","Wet","Dusk","Signals",54,19,"Male","Expired","Yes","Straight Road",462,"Haryana"
"Unknown",2021,"September","Friday",1899-12-30 02:46:00.000,"Minor",2,"Auto-Rickshaw",2,4,"Clear","Urban Road","Wet","Dawn","None",67,35,"Male","Expired","No","Intersection",465,"Jharkhand"
"Unknown",2020,"June","Tuesday",1899-12-30 18:22:00.000,"Minor",1,"Two-Wheeler",3,1,"Hazy","National Highway","Dry","Dusk","Police Checkpost",91,34,"Female","Expired","No","Straight Road",468,"Nagaland"
"Unknown",2022,"March","Tuesday",1899-12-30 20:13:00.000,"Minor",4,"Auto-Rickshaw",8,3,"Rainy","Village Road","Damaged","Dawn","Signals",32,24,"Female","Expired","No","Curve",473,"Punjab"
"Unknown",2020,"September","Monday",1899-12-30 21:00:00.000,"Minor",2,"Truck",7,1,"Hazy","Urban Road","Under Construction","Dark","Police Checkpost",72,70,"Female","Expired","No","Straight Road",485,"Goa"
"Unknown",2023,"March","Tuesday",1899-12-30 17:37:00.000,"Minor",3,"Bus",0,2,"Rainy","National Highway","Dry","Daylight","Signs",82,50,"Male","Expired","No","Bridge",499,"Arunachal Pradesh"
"Unknown",2020,"August","Friday",1899-12-30 02:10:00.000,"Minor",5,"Two-Wheeler",6,5,"Clear","Urban Road","Damaged","Dawn","Signs",59,33,"Male","Expired","Yes","Intersection",502,"Meghalaya"
"Unknown",2023,"October","Friday",1899-12-30 23:17:00.000,"Minor",1,"Pedestrian",0,1,"Rainy","State Highway","Damaged","Dusk","Police Checkpost",87,34,"Male","Expired","No","Curve",512,"Puducherry"
"Unknown",2020,"May","Wednesday",1899-12-30 05:28:00.000,"Minor",5,"Auto-Rickshaw",8,5,"Rainy","State Highway","Under Construction","Dawn","None",83,38,"Male","Expired","No","Bridge",530,"Odisha"
"Unknown",2019,"March","Monday",1899-12-30 06:58:00.000,"Minor",5,"Car",4,2,"Clear","Village Road","Dry","Daylight","None",117,56,"Male","Expired","No","Straight Road",548,"Bihar"
"Unknown",2019,"December","Wednesday",1899-12-30 09:38:00.000,"Minor",5,"Auto-Rickshaw",6,3,"Hazy","Urban Road","Wet","Daylight","Police Checkpost",59,69,"Male","Expired","Yes","Intersection",572,"Himachal Pradesh"
"Unknown",2020,"January","Thursday",1899-12-30 18:36:00.000,"Minor",2,"Bus",6,4,"Foggy","National Highway","Under Construction","Dawn","Signs",62,33,"Male","Expired","No","Intersection",580,"Assam"
"Unknown",2018,"November","Monday",1899-12-30 00:05:00.000,"Minor",2,"Auto-Rickshaw",5,0,"Hazy","State Highway","Under Construction","Dark","Signs",81,20,"Male","Expired","Yes","Bridge",622,"Bihar"
"Unknown",2018,"December","Sunday",1899-12-30 12:31:00.000,"Minor",2,"Two-Wheeler",4,4,"Hazy","State Highway","Wet","Dawn","Signs",99,60,"Female","Expired","No","Bridge",646,"Punjab"
"Unknown",2022,"April","Thursday",1899-12-30 16:29:00.000,"Minor",5,"Car",7,2,"Clear","State Highway","Under Construction","Dawn","Signs",61,26,"Female","Expired","No","Intersection",647,"Meghalaya"
"Unknown",2020,"August","Friday",1899-12-30 14:56:00.000,"Minor",1,"Truck",7,5,"Clear","Urban Road","Dry","Dark","Signals",94,31,"Male","Expired","Yes","Intersection",659,"Chandigarh"
"Unknown",2023,"July","Monday",1899-12-30 21:28:00.000,"Minor",3,"Cycle",1,4,"Hazy","Urban Road","Under Construction","Dawn","Police Checkpost",35,51,"Female","Expired","Yes","Straight Road",663,"Himachal Pradesh"
"Unknown",2020,"March","Wednesday",1899-12-30 11:36:00.000,"Minor",1,"Pedestrian",1,2,"Clear","Village Road","Dry","Dawn","Signals",110,25,"Female","Expired","Yes","Straight Road",678,"Odisha"
"Unknown",2022,"April","Monday",1899-12-30 15:32:00.000,"Minor",4,"Two-Wheeler",0,3,"Rainy","State Highway","Under Construction","Dawn","Police Checkpost",118,62,"Male","Expired","No","Bridge",682,"Puducherry"
"Unknown",2020,"January","Wednesday",1899-12-30 05:22:00.000,"Minor",2,"Bus",7,0,"Clear","Urban Road","Under Construction","Daylight","Signs",62,70,"Male","Expired","No","Intersection",726,"Bihar"
"Unknown",2021,"November","Wednesday",1899-12-30 01:57:00.000,"Minor",1,"Two-Wheeler",1,3,"Stormy","Urban Road","Damaged","Dark","None",107,62,"Female","Expired","Yes","Straight Road",742,"Himachal Pradesh"
"Unknown",2022,"April","Saturday",1899-12-30 22:16:00.000,"Minor",4,"Bus",9,4,"Foggy","Urban Road","Under Construction","Daylight","None",115,22,"Male","Expired","No","Intersection",758,"Sikkim"
"Unknown",2019,"October","Monday",1899-12-30 22:10:00.000,"Minor",4,"Truck",2,3,"Rainy","State Highway","Damaged","Daylight","None",32,24,"Female","Expired","Yes","Curve",768,"Punjab"
"Unknown",2018,"June","Saturday",1899-12-30 09:44:00.000,"Minor",4,"Truck",9,1,"Hazy","Village Road","Wet","Dusk","Signals",95,18,"Female","Expired","No","Intersection",769,"Arunachal Pradesh"
"Unknown",2021,"December","Friday",1899-12-30 17:36:00.000,"Minor",5,"Truck",2,4,"Rainy","State Highway","Dry","Dark","Police Checkpost",84,45,"Male","Expired","Yes","Straight Road",789,"Sikkim"
"Unknown",2022,"July","Friday",1899-12-30 19:23:00.000,"Minor",1,"Truck",9,0,"Foggy","Village Road","Dry","Dawn","Signals",78,40,"Male","Expired","Yes","Intersection",801,"Puducherry"
"Unknown",2018,"December","Sunday",1899-12-30 18:00:00.000,"Minor",3,"Bus",8,2,"Clear","State Highway","Under Construction","Daylight","None",114,46,"Female","Expired","Yes","Intersection",811,"Telangana"
"Unknown",2020,"August","Thursday",1899-12-30 00:49:00.000,"Minor",1,"Bus",1,0,"Stormy","Urban Road","Under Construction","Daylight","None",86,53,"Female","Expired","Yes","Bridge",825,"Jharkhand"
"Unknown",2020,"April","Tuesday",1899-12-30 02:23:00.000,"Minor",3,"Car",5,4,"Rainy","State Highway","Wet","Daylight","Signs",49,50,"Female","Expired","Yes","Intersection",854,"Chhattisgarh"
"Unknown",2022,"March","Sunday",1899-12-30 16:33:00.000,"Minor",1,"Pedestrian",6,2,"Hazy","Urban Road","Dry","Dusk","Signs",76,18,"Female","Expired","No","Straight Road",859,"Telangana"
"Unknown",2021,"August","Saturday",1899-12-30 11:52:00.000,"Minor",5,"Pedestrian",4,4,"Stormy","Village Road","Wet","Dawn","Signs",100,40,"Female","Expired","Yes","Bridge",868,"Puducherry"
"Unknown",2020,"January","Tuesday",1899-12-30 01:14:00.000,"Minor",4,"Truck",10,2,"Clear","Village Road","Under Construction","Dusk","Police Checkpost",89,58,"Female","Expired","No","Straight Road",894,"Punjab"
"Unknown",2020,"January","Wednesday",1899-12-30 17:33:00.000,"Minor",1,"Cycle",2,1,"Stormy","State Highway","Under Construction","Daylight","Signs",89,54,"Male","Expired","No","Straight Road",895,"Sikkim"
"Unknown",2019,"October","Monday",1899-12-30 19:31:00.000,"Minor",3,"Truck",10,0,"Hazy","State Highway","Under Construction","Dawn","Signs",103,29,"Female","Expired","No","Bridge",898,"Meghalaya"
"Unknown",2023,"December","Monday",1899-12-30 12:51:00.000,"Minor",3,"Cycle",7,0,"Rainy","National Highway","Wet","Daylight","Police Checkpost",104,64,"Female","Expired","No","Curve",907,"Puducherry"
"Unknown",2019,"May","Sunday",1899-12-30 10:35:00.000,"Minor",5,"Cycle",5,1,"Hazy","State Highway","Dry","Dusk","Police Checkpost",45,56,"Male","Expired","Yes","Bridge",913,"Odisha"
"Unknown",2021,"April","Wednesday",1899-12-30 01:39:00.000,"Minor",3,"Truck",7,5,"Rainy","State Highway","Wet","Dark","Police Checkpost",81,58,"Male","Expired","No","Straight Road",916,"Tripura"
"Unknown",2022,"June","Monday",1899-12-30 01:03:00.000,"Minor",4,"Car",7,3,"Foggy","Urban Road","Dry","Dusk","Signals",32,69,"Male","Expired","Yes","Bridge",929,"Madhya Pradesh"
"Unknown",2018,"August","Saturday",1899-12-30 01:43:00.000,"Minor",4,"Pedestrian",1,4,"Hazy","Village Road","Dry","Dawn","Police Checkpost",44,53,"Female","Expired","No","Intersection",944,"Uttarakhand"
"Unknown",2022,"July","Sunday",1899-12-30 05:35:00.000,"Minor",3,"Two-Wheeler",9,2,"Hazy","State Highway","Under Construction","Dusk","None",33,46,"Male","Expired","Yes","Curve",948,"Haryana"
"Unknown",2019,"September","Sunday",1899-12-30 17:29:00.000,"Minor",1,"Cycle",3,4,"Stormy","State Highway","Damaged","Dawn","None",36,51,"Female","Expired","Yes","Intersection",959,"Punjab"
"Unknown",2020,"November","Saturday",1899-12-30 17:57:00.000,"Minor",3,"Bus",10,2,"Foggy","State Highway","Under Construction","Dark","Signals",89,49,"Female","Expired","No","Bridge",962,"Mizoram"
"Unknown",2023,"December","Saturday",1899-12-30 13:40:00.000,"Minor",4,"Car",1,5,"Stormy","Village Road","Damaged","Dusk","Signs",95,18,"Male","Expired","No","Curve",969,"Nagaland"
"Unknown",2020,"January","Monday",1899-12-30 19:51:00.000,"Minor",2,"Auto-Rickshaw",9,1,"Stormy","Village Road","Under Construction","Daylight","Police Checkpost",114,22,"Female","Expired","No","Curve",970,"Goa"
"Unknown",2020,"August","Thursday",1899-12-30 14:50:00.000,"Minor",1,"Two-Wheeler",6,5,"Clear","Urban Road","Under Construction","Dusk","Signals",41,58,"Male","Expired","No","Intersection",979,"Puducherry"
"Unknown",2018,"October","Tuesday",1899-12-30 15:06:00.000,"Minor",3,"Two-Wheeler",1,1,"Clear","Village Road","Under Construction","Dawn","Police Checkpost",75,30,"Female","Expired","No","Curve",1024,"Chhattisgarh"
"Unknown",2018,"December","Wednesday",1899-12-30 12:36:00.000,"Minor",2,"Cycle",9,3,"Rainy","State Highway","Under Construction","Dawn","Signs",49,54,"Female","Expired","No","Intersection",1036,"Arunachal Pradesh"
"Unknown",2020,"March","Wednesday",1899-12-30 18:50:00.000,"Minor",4,"Pedestrian",6,3,"Rainy","Village Road","Under Construction","Dusk","Signals",106,44,"Female","Expired","No","Intersection",1039,"Haryana"
"Unknown",2020,"January","Thursday",1899-12-30 19:08:00.000,"Minor",4,"Truck",0,3,"Stormy","Urban Road","Wet","Dawn","Signs",58,48,"Female","Expired","Yes","Straight Road",1049,"Telangana"
"Unknown",2020,"August","Wednesday",1899-12-30 04:14:00.000,"Minor",5,"Truck",8,3,"Rainy","Village Road","Dry","Dawn","Police Checkpost",97,59,"Female","Expired","No","Straight Road",1056,"Meghalaya"
"Unknown",2018,"October","Wednesday",1899-12-30 22:50:00.000,"Minor",4,"Auto-Rickshaw",1,3,"Clear","State Highway","Dry","Dusk","None",119,23,"Male","Expired","Yes","Bridge",1057,"Manipur"
"Unknown",2018,"September","Monday",1899-12-30 10:31:00.000,"Minor",5,"Cycle",2,5,"Stormy","Urban Road","Wet","Dusk","None",108,39,"Male","Expired","Yes","Bridge",1064,"Punjab"
"Unknown",2018,"May","Wednesday",1899-12-30 01:14:00.000,"Minor",2,"Car",0,0,"Rainy","Urban Road","Damaged","Dark","Police Checkpost",58,45,"Male","Expired","Yes","Straight Road",1077,"Haryana"
"Unknown",2023,"June","Saturday",1899-12-30 23:12:00.000,"Minor",3,"Bus",2,2,"Hazy","State Highway","Wet","Daylight","None",65,52,"Male","Expired","No","Straight Road",1089,"Kerala"
"Unknown",2021,"March","Monday",1899-12-30 09:13:00.000,"Minor",2,"Cycle",8,0,"Foggy","Village Road","Damaged","Daylight","Police Checkpost",82,57,"Male","Expired","Yes","Bridge",1098,"Odisha"
"Unknown",2023,"August","Tuesday",1899-12-30 01:36:00.000,"Minor",5,"Truck",9,0,"Clear","Village Road","Damaged","Dark","Signs",35,27,"Male","Expired","No","Curve",1104,"Jammu and Kashmir"
"Unknown",2022,"December","Wednesday",1899-12-30 02:14:00.000,"Minor",1,"Car",0,1,"Clear","National Highway","Under Construction","Dawn","Signs",78,27,"Female","Expired","Yes","Curve",1128,"Manipur"
"Unknown",2019,"May","Sunday",1899-12-30 07:21:00.000,"Minor",3,"Pedestrian",8,0,"Foggy","Urban Road","Wet","Dark","None",102,67,"Male","Expired","No","Curve",1134,"Kerala"
"Unknown",2022,"January","Tuesday",1899-12-30 07:41:00.000,"Minor",1,"Pedestrian",4,5,"Rainy","Village Road","Dry","Dark","Signals",43,54,"Male","Expired","No","Straight Road",1148,"Tripura"
"Unknown",2019,"June","Thursday",1899-12-30 20:45:00.000,"Minor",1,"Truck",0,3,"Rainy","State Highway","Under Construction","Dawn","None",58,60,"Male","Expired","Yes","Bridge",1150,"Tripura"
"Unknown",2022,"September","Sunday",1899-12-30 18:54:00.000,"Minor",5,"Car",9,5,"Hazy","State Highway","Wet","Dawn","Signals",45,54,"Female","Expired","No","Bridge",1151,"Telangana"
"Unknown",2018,"December","Sunday",1899-12-30 00:10:00.000,"Minor",2,"Two-Wheeler",7,4,"Stormy","State Highway","Under Construction","Dawn","Signals",67,66,"Female","Expired","No","Straight Road",1167,"Bihar"
"Unknown",2019,"July","Tuesday",1899-12-30 16:37:00.000,"Minor",3,"Car",0,3,"Rainy","National Highway","Under Construction","Daylight","Signs",39,45,"Male","Expired","Yes","Straight Road",1223,"Chhattisgarh"
"Unknown",2021,"March","Friday",1899-12-30 16:25:00.000,"Minor",3,"Two-Wheeler",2,5,"Foggy","Village Road","Dry","Dawn","None",53,61,"Male","Expired","Yes","Straight Road",1224,"Puducherry"
"Unknown",2022,"September","Saturday",1899-12-30 14:52:00.000,"Minor",3,"Bus",5,5,"Foggy","Village Road","Dry","Dusk","Signals",67,57,"Female","Expired","Yes","Intersection",1229,"Haryana"
"Unknown",2019,"June","Saturday",1899-12-30 02:25:00.000,"Minor",5,"Truck",9,4,"Hazy","Village Road","Wet","Daylight","Police Checkpost",102,34,"Female","Expired","Yes","Bridge",1243,"Bihar"
"Unknown",2021,"May","Sunday",1899-12-30 16:28:00.000,"Minor",2,"Two-Wheeler",0,5,"Hazy","Village Road","Under Construction","Daylight","Signs",89,32,"Female","Expired","Yes","Curve",1259,"Chandigarh"
"Unknown",2022,"December","Saturday",1899-12-30 15:51:00.000,"Minor",4,"Pedestrian",5,3,"Foggy","Village Road","Dry","Dawn","Signs",111,35,"Male","Expired","No","Curve",1264,"Puducherry"
"Unknown",2019,"November","Friday",1899-12-30 20:40:00.000,"Minor",1,"Two-Wheeler",0,0,"Hazy","Village Road","Damaged","Daylight","None",38,46,"Female","Expired","No","Curve",1269,"Manipur"
"Unknown",2020,"May","Tuesday",1899-12-30 05:13:00.000,"Minor",2,"Cycle",7,3,"Clear","National Highway","Wet","Dark","None",34,19,"Male","Expired","No","Intersection",1277,"Nagaland"
"Unknown",2020,"August","Wednesday",1899-12-30 01:10:00.000,"Minor",2,"Pedestrian",7,1,"Foggy","Village Road","Dry","Daylight","Signals",38,53,"Male","Expired","No","Bridge",1309,"Odisha"
"Unknown",2021,"May","Wednesday",1899-12-30 21:33:00.000,"Minor",5,"Auto-Rickshaw",10,5,"Clear","Urban Road","Wet","Dawn","Police Checkpost",110,54,"Male","Expired","No","Straight Road",1318,"Goa"
"Unknown",2020,"October","Thursday",1899-12-30 23:44:00.000,"Minor",5,"Cycle",3,3,"Foggy","National Highway","Dry","Dusk","Signals",43,28,"Male","Expired","Yes","Bridge",1320,"Telangana"
"Unknown",2021,"September","Friday",1899-12-30 06:03:00.000,"Minor",4,"Truck",1,0,"Clear","Urban Road","Damaged","Daylight","Police Checkpost",39,33,"Male","Expired","No","Intersection",1334,"Goa"
"Unknown",2018,"October","Sunday",1899-12-30 15:54:00.000,"Minor",3,"Auto-Rickshaw",1,2,"Hazy","National Highway","Under Construction","Dusk","Signals",65,40,"Male","Expired","No","Intersection",1345,"Bihar"
"Unknown",2021,"February","Tuesday",1899-12-30 16:07:00.000,"Minor",2,"Truck",6,0,"Foggy","Village Road","Dry","Dawn","Signals",88,70,"Female","Expired","Yes","Intersection",1355,"Nagaland"
"Unknown",2018,"May","Friday",1899-12-30 17:21:00.000,"Minor",3,"Truck",4,2,"Stormy","Village Road","Wet","Dusk","Police Checkpost",41,47,"Female","Expired","Yes","Intersection",1382,"Goa"
"Unknown",2021,"May","Wednesday",1899-12-30 10:02:00.000,"Minor",5,"Auto-Rickshaw",10,4,"Stormy","Urban Road","Wet","Dawn","Signals",57,24,"Male","Expired","No","Bridge",1398,"Odisha"
"Unknown",2019,"January","Thursday",1899-12-30 05:48:00.000,"Minor",5,"Truck",9,1,"Foggy","Urban Road","Dry","Dawn","Signals",103,37,"Female","Expired","Yes","Bridge",1408,"Puducherry"
"Unknown",2020,"January","Wednesday",1899-12-30 11:39:00.000,"Minor",5,"Pedestrian",5,0,"Foggy","State Highway","Damaged","Dusk","Signs",70,70,"Female","Expired","Yes","Intersection",1416,"Uttarakhand"
"Unknown",2018,"February","Monday",1899-12-30 09:45:00.000,"Minor",4,"Truck",0,5,"Foggy","Urban Road","Under Construction","Dark","None",110,70,"Female","Expired","Yes","Intersection",1417,"Goa"
"Unknown",2018,"January","Sunday",1899-12-30 05:07:00.000,"Minor",3,"Truck",2,1,"Rainy","State Highway","Under Construction","Dark","Signals",62,38,"Female","Expired","No","Straight Road",1422,"Punjab"
"Unknown",2019,"May","Tuesday",1899-12-30 03:07:00.000,"Minor",3,"Car",9,4,"Hazy","National Highway","Under Construction","Daylight","Signs",89,43,"Male","Expired","No","Straight Road",1424,"Puducherry"
"Unknown",2023,"November","Sunday",1899-12-30 06:42:00.000,"Minor",4,"Cycle",7,1,"Clear","State Highway","Dry","Dusk","Signs",59,70,"Male","Expired","Yes","Intersection",1426,"Manipur"
"Unknown",2022,"May","Tuesday",1899-12-30 14:01:00.000,"Minor",1,"Two-Wheeler",8,1,"Hazy","National Highway","Wet","Daylight","Police Checkpost",74,59,"Male","Expired","Yes","Intersection",1492,"Chandigarh"
"Unknown",2019,"April","Sunday",1899-12-30 17:59:00.000,"Minor",1,"Auto-Rickshaw",4,1,"Foggy","Urban Road","Dry","Dusk","Police Checkpost",110,62,"Male","Expired","No","Intersection",1509,"Punjab"
"Unknown",2020,"December","Wednesday",1899-12-30 05:04:00.000,"Minor",4,"Two-Wheeler",3,5,"Rainy","Village Road","Damaged","Dawn","None",44,18,"Female","Expired","Yes","Bridge",1517,"Punjab"
"Unknown",2018,"April","Monday",1899-12-30 16:34:00.000,"Minor",2,"Two-Wheeler",3,3,"Stormy","State Highway","Damaged","Dawn","Signals",85,47,"Female","Expired","No","Intersection",1526,"Arunachal Pradesh"
"Unknown",2019,"April","Saturday",1899-12-30 13:17:00.000,"Minor",4,"Auto-Rickshaw",8,0,"Hazy","State Highway","Damaged","Dark","None",99,25,"Male","Expired","Yes","Curve",1527,"Goa"
"Unknown",2022,"January","Wednesday",1899-12-30 20:34:00.000,"Minor",3,"Bus",9,2,"Stormy","State Highway","Dry","Daylight","Police Checkpost",42,60,"Male","Expired","No","Intersection",1539,"Punjab"
"Unknown",2020,"September","Tuesday",1899-12-30 16:43:00.000,"Minor",1,"Pedestrian",2,0,"Stormy","Urban Road","Under Construction","Daylight","Signals",60,52,"Female","Expired","No","Curve",1545,"Himachal Pradesh"
"Unknown",2020,"September","Monday",1899-12-30 21:52:00.000,"Minor",1,"Truck",0,1,"Foggy","Urban Road","Wet","Daylight","None",119,39,"Female","Expired","Yes","Intersection",1546,"Jharkhand"
"Unknown",2020,"June","Tuesday",1899-12-30 06:01:00.000,"Minor",3,"Cycle",5,5,"Hazy","Village Road","Under Construction","Dawn","Police Checkpost",108,38,"Female","Expired","No","Intersection",1548,"Punjab"
"Unknown",2022,"December","Thursday",1899-12-30 22:34:00.000,"Minor",3,"Auto-Rickshaw",8,0,"Rainy","Village Road","Damaged","Daylight","None",87,18,"Male","Expired","Yes","Curve",1550,"Sikkim"
"Unknown",2020,"April","Tuesday",1899-12-30 12:19:00.000,"Minor",5,"Car",7,4,"Foggy","National Highway","Under Construction","Dawn","Signals",73,38,"Female","Expired","No","Curve",1575,"Goa"
"Unknown",2022,"September","Wednesday",1899-12-30 12:07:00.000,"Minor",1,"Truck",0,2,"Stormy","Urban Road","Damaged","Daylight","Police Checkpost",117,57,"Male","Expired","Yes","Curve",1619,"Tripura"
"Unknown",2018,"February","Wednesday",1899-12-30 21:18:00.000,"Minor",3,"Pedestrian",1,1,"Stormy","National Highway","Wet","Dawn","Signals",109,58,"Male","Expired","Yes","Straight Road",1637,"Jharkhand"
"Unknown",2023,"September","Friday",1899-12-30 02:05:00.000,"Minor",4,"Pedestrian",5,2,"Foggy","Village Road","Wet","Dawn","Police Checkpost",30,38,"Male","Expired","No","Intersection",1639,"Puducherry"
"Unknown",2018,"April","Monday",1899-12-30 01:57:00.000,"Minor",1,"Auto-Rickshaw",8,1,"Hazy","Village Road","Under Construction","Dawn","None",97,45,"Female","Expired","Yes","Intersection",1659,"Madhya Pradesh"
"Unknown",2021,"October","Saturday",1899-12-30 06:59:00.000,"Minor",4,"Truck",2,3,"Rainy","Urban Road","Wet","Dawn","Signals",60,46,"Male","Expired","No","Bridge",1660,"Telangana"
"Unknown",2019,"November","Thursday",1899-12-30 10:00:00.000,"Minor",1,"Auto-Rickshaw",8,5,"Hazy","Village Road","Dry","Dark","Police Checkpost",100,69,"Female","Expired","Yes","Curve",1671,"Madhya Pradesh"
"Unknown",2023,"January","Sunday",1899-12-30 09:09:00.000,"Minor",1,"Cycle",9,2,"Hazy","National Highway","Wet","Dusk","Signals",79,63,"Male","Expired","Yes","Straight Road",1682,"Tripura"
"Unknown",2023,"July","Friday",1899-12-30 17:35:00.000,"Minor",5,"Two-Wheeler",3,1,"Rainy","Village Road","Wet","Dawn","Signs",45,29,"Male","Expired","No","Intersection",1685,"Haryana"
"Unknown",2019,"November","Friday",1899-12-30 15:44:00.000,"Minor",3,"Cycle",5,0,"Hazy","State Highway","Damaged","Dawn","Signals",47,55,"Male","Expired","No","Bridge",1694,"Kerala"
"Unknown",2021,"August","Sunday",1899-12-30 21:33:00.000,"Minor",1,"Cycle",3,0,"Rainy","State Highway","Damaged","Dusk","Signals",86,70,"Male","Expired","No","Curve",1699,"Mizoram"
"Unknown",2020,"September","Friday",1899-12-30 06:33:00.000,"Minor",4,"Auto-Rickshaw",6,1,"Clear","Village Road","Wet","Daylight","Signals",56,43,"Male","Expired","Yes","Intersection",1701,"Haryana"
"Unknown",2021,"April","Friday",1899-12-30 15:48:00.000,"Minor",4,"Pedestrian",10,0,"Rainy","National Highway","Damaged","Dusk","Signs",79,39,"Female","Expired","No","Curve",1719,"Punjab"
"Unknown",2022,"August","Thursday",1899-12-30 11:47:00.000,"Minor",4,"Cycle",7,0,"Stormy","National Highway","Damaged","Dark","None",107,45,"Female","Expired","Yes","Straight Road",1739,"Meghalaya"
"Unknown",2021,"January","Monday",1899-12-30 02:53:00.000,"Minor",5,"Cycle",5,3,"Clear","State Highway","Wet","Daylight","Signals",115,19,"Male","Expired","Yes","Intersection",1783,"Nagaland"
"Unknown",2021,"February","Friday",1899-12-30 06:55:00.000,"Minor",4,"Pedestrian",3,0,"Hazy","National Highway","Dry","Dawn","Signals",63,47,"Male","Expired","No","Bridge",1795,"Jharkhand"
"Unknown",2022,"November","Sunday",1899-12-30 16:53:00.000,"Minor",2,"Two-Wheeler",7,4,"Stormy","State Highway","Wet","Dawn","None",100,33,"Male","Expired","No","Straight Road",1806,"Madhya Pradesh"
"Unknown",2021,"December","Monday",1899-12-30 06:37:00.000,"Minor",2,"Bus",2,4,"Hazy","State Highway","Dry","Dark","Signals",40,66,"Male","Expired","Yes","Straight Road",1836,"Nagaland"
"Unknown",2021,"April","Friday",1899-12-30 07:07:00.000,"Minor",5,"Auto-Rickshaw",7,0,"Stormy","State Highway","Wet","Dawn","None",53,24,"Female","Expired","Yes","Bridge",1841,"Arunachal Pradesh"
"Unknown",2018,"October","Sunday",1899-12-30 04:55:00.000,"Minor",3,"Two-Wheeler",9,1,"Foggy","National Highway","Wet","Dawn","Signals",106,63,"Male","Expired","No","Intersection",1855,"Telangana"
"Unknown",2022,"October","Saturday",1899-12-30 22:25:00.000,"Minor",3,"Car",10,4,"Stormy","Urban Road","Dry","Dusk","Signs",105,38,"Female","Expired","Yes","Intersection",1856,"Tripura"
"Unknown",2022,"May","Monday",1899-12-30 19:02:00.000,"Minor",5,"Auto-Rickshaw",8,4,"Clear","State Highway","Wet","Dark","Police Checkpost",103,66,"Male","Expired","No","Straight Road",1859,"Arunachal Pradesh"
"Unknown",2023,"September","Sunday",1899-12-30 19:16:00.000,"Minor",2,"Truck",9,5,"Rainy","National Highway","Under Construction","Dusk","Police Checkpost",86,21,"Female","Expired","Yes","Straight Road",1880,"Himachal Pradesh"
"Unknown",2019,"February","Saturday",1899-12-30 03:49:00.000,"Minor",5,"Two-Wheeler",5,1,"Foggy","National Highway","Damaged","Dark","None",60,33,"Female","Expired","Yes","Bridge",1881,"Uttarakhand"
"Unknown",2018,"June","Wednesday",1899-12-30 16:31:00.000,"Minor",3,"Bus",4,1,"Stormy","Urban Road","Damaged","Dawn","Signals",87,18,"Male","Expired","Yes","Straight Road",1895,"Sikkim"
"Unknown",2023,"November","Friday",1899-12-30 06:15:00.000,"Minor",4,"Bus",3,2,"Stormy","Village Road","Wet","Dawn","Signals",64,31,"Female","Expired","No","Curve",1900,"Haryana"
"Unknown",2020,"April","Wednesday",1899-12-30 01:38:00.000,"Minor",5,"Cycle",5,2,"Stormy","State Highway","Dry","Dusk","None",49,28,"Male","Expired","Yes","Intersection",1934,"Meghalaya"
"Unknown",2021,"June","Monday",1899-12-30 01:18:00.000,"Minor",1,"Car",7,2,"Hazy","State Highway","Wet","Dark","Signals",41,26,"Male","Expired","Yes","Curve",1970,"Goa"
"Unknown",2023,"March","Wednesday",1899-12-30 22:59:00.000,"Minor",4,"Two-Wheeler",2,3,"Rainy","Village Road","Wet","Dawn","Police Checkpost",63,58,"Female","Expired","Yes","Intersection",1971,"Goa"
"Unknown",2019,"June","Monday",1899-12-30 18:08:00.000,"Minor",2,"Truck",4,2,"Hazy","Village Road","Dry","Dawn","None",33,49,"Female","Expired","No","Intersection",1975,"Meghalaya"
"Unknown",2022,"April","Thursday",1899-12-30 16:24:00.000,"Minor",3,"Car",10,3,"Rainy","National Highway","Under Construction","Dusk","Signals",99,28,"Female","Expired","No","Intersection",1980,"Puducherry"
"Unknown",2022,"May","Monday",1899-12-30 15:38:00.000,"Minor",5,"Bus",5,0,"Hazy","Village Road","Damaged","Dawn","Signs",102,48,"Female","Expired","No","Curve",1981,"Sikkim"
"Unknown",2018,"March","Monday",1899-12-30 07:46:00.000,"Minor",3,"Pedestrian",7,3,"Foggy","Village Road","Dry","Daylight","Signals",57,70,"Female","Expired","No","Intersection",2016,"Jammu and Kashmir"
"Unknown",2018,"December","Monday",1899-12-30 16:47:00.000,"Minor",2,"Auto-Rickshaw",9,2,"Rainy","National Highway","Dry","Dawn","Police Checkpost",90,19,"Female","Expired","No","Curve",2021,"Uttarakhand"
"Unknown",2021,"July","Friday",1899-12-30 00:17:00.000,"Minor",5,"Pedestrian",10,0,"Foggy","State Highway","Damaged","Dark","Signs",76,70,"Female","Expired","No","Straight Road",2038,"Chhattisgarh"
"Unknown",2021,"March","Wednesday",1899-12-30 00:05:00.000,"Minor",4,"Pedestrian",7,5,"Clear","State Highway","Damaged","Dawn","Police Checkpost",87,18,"Male","Expired","No","Intersection",2049,"Sikkim"
"Unknown",2021,"August","Sunday",1899-12-30 09:25:00.000,"Minor",4,"Cycle",7,1,"Clear","National Highway","Wet","Dark","Signals",113,50,"Male","Expired","No","Intersection",2051,"Bihar"
"Unknown",2019,"October","Wednesday",1899-12-30 22:16:00.000,"Minor",1,"Cycle",6,5,"Rainy","State Highway","Under Construction","Daylight","Signs",74,38,"Female","Expired","No","Curve",2055,"Jharkhand"
"Unknown",2020,"March","Saturday",1899-12-30 13:59:00.000,"Minor",3,"Two-Wheeler",5,2,"Hazy","Village Road","Damaged","Daylight","None",63,43,"Female","Expired","Yes","Intersection",2086,"Himachal Pradesh"
"Unknown",2021,"July","Monday",1899-12-30 19:06:00.000,"Minor",3,"Truck",8,4,"Foggy","Urban Road","Under Construction","Dark","Signals",105,48,"Male","Expired","No","Straight Road",2111,"Arunachal Pradesh"
"Unknown",2023,"December","Wednesday",1899-12-30 06:41:00.000,"Minor",2,"Bus",6,2,"Clear","State Highway","Damaged","Daylight","Signs",43,32,"Male","Expired","Yes","Intersection",2113,"Nagaland"
"Unknown",2020,"January","Friday",1899-12-30 20:31:00.000,"Minor",4,"Cycle",1,1,"Hazy","Village Road","Wet","Dusk","Signals",43,61,"Female","Expired","Yes","Curve",2114,"Mizoram"
"Unknown",2021,"June","Sunday",1899-12-30 01:06:00.000,"Minor",5,"Car",10,5,"Stormy","National Highway","Under Construction","Daylight","Signals",118,26,"Female","Expired","Yes","Straight Road",2137,"Punjab"
"Unknown",2020,"July","Saturday",1899-12-30 22:32:00.000,"Minor",5,"Cycle",2,5,"Rainy","National Highway","Under Construction","Dark","None",91,48,"Female","Expired","Yes","Intersection",2154,"Meghalaya"
"Unknown",2020,"January","Monday",1899-12-30 05:34:00.000,"Minor",2,"Bus",7,4,"Clear","Urban Road","Under Construction","Dusk","Signs",105,60,"Female","Expired","Yes","Curve",2157,"Tripura"
"Unknown",2023,"November","Wednesday",1899-12-30 03:05:00.000,"Minor",5,"Truck",7,2,"Clear","Urban Road","Damaged","Dark","None",114,19,"Male","Expired","No","Straight Road",2164,"Jammu and Kashmir"
"Unknown",2018,"April","Friday",1899-12-30 04:34:00.000,"Minor",2,"Truck",7,1,"Hazy","Urban Road","Under Construction","Daylight","Signs",42,62,"Male","Expired","Yes","Straight Road",2169,"Haryana"
"Unknown",2023,"July","Monday",1899-12-30 23:00:00.000,"Minor",2,"Auto-Rickshaw",7,2,"Foggy","State Highway","Damaged","Dark","Police Checkpost",100,22,"Male","Expired","No","Straight Road",2175,"Chandigarh"
"Unknown",2022,"June","Saturday",1899-12-30 21:29:00.000,"Minor",5,"Pedestrian",10,2,"Stormy","State Highway","Wet","Dawn","Signs",61,19,"Male","Expired","No","Curve",2177,"Assam"
"Unknown",2018,"April","Thursday",1899-12-30 06:35:00.000,"Minor",1,"Auto-Rickshaw",8,1,"Hazy","Urban Road","Under Construction","Dawn","Signals",75,41,"Male","Expired","Yes","Straight Road",2183,"Chhattisgarh"
"Unknown",2019,"October","Sunday",1899-12-30 15:23:00.000,"Minor",2,"Pedestrian",3,1,"Stormy","Village Road","Dry","Dark","Police Checkpost",80,28,"Female","Expired","No","Intersection",2193,"Punjab"
"Unknown",2023,"June","Friday",1899-12-30 00:05:00.000,"Minor",3,"Two-Wheeler",9,4,"Clear","National Highway","Wet","Daylight","Signs",59,26,"Male","Expired","Yes","Intersection",2222,"Sikkim"
"Unknown",2021,"May","Sunday",1899-12-30 00:39:00.000,"Minor",3,"Two-Wheeler",7,1,"Stormy","Urban Road","Damaged","Dusk","Signals",32,25,"Female","Expired","No","Intersection",2259,"Odisha"
"Unknown",2022,"December","Friday",1899-12-30 10:46:00.000,"Minor",3,"Car",10,3,"Rainy","National Highway","Dry","Dusk","Police Checkpost",61,66,"Male","Expired","No","Intersection",2266,"Odisha"
"Unknown",2023,"August","Saturday",1899-12-30 22:07:00.000,"Minor",3,"Pedestrian",5,0,"Stormy","Village Road","Under Construction","Dark","Signs",36,67,"Male","Expired","No","Curve",2269,"Telangana"
"Unknown",2023,"July","Thursday",1899-12-30 12:43:00.000,"Minor",3,"Pedestrian",4,5,"Rainy","Urban Road","Wet","Dusk","Signs",115,37,"Female","Expired","Yes","Straight Road",2275,"Punjab"
"Unknown",2022,"May","Sunday",1899-12-30 13:11:00.000,"Minor",5,"Car",9,3,"Rainy","Village Road","Damaged","Daylight","Signals",116,30,"Male","Expired","Yes","Bridge",2281,"Meghalaya"
"Unknown",2021,"July","Wednesday",1899-12-30 17:00:00.000,"Minor",1,"Bus",9,2,"Stormy","Urban Road","Wet","Daylight","None",73,44,"Female","Expired","Yes","Curve",2283,"Himachal Pradesh"
"Unknown",2020,"October","Sunday",1899-12-30 01:59:00.000,"Minor",5,"Bus",4,4,"Foggy","Village Road","Dry","Dawn","Signs",114,20,"Female","Expired","Yes","Intersection",2284,"Himachal Pradesh"
"Unknown",2022,"June","Wednesday",1899-12-30 06:34:00.000,"Minor",1,"Truck",6,3,"Hazy","National Highway","Dry","Dark","Police Checkpost",89,33,"Female","Expired","Yes","Bridge",2286,"Mizoram"
"Unknown",2021,"December","Saturday",1899-12-30 11:10:00.000,"Minor",4,"Truck",7,1,"Rainy","State Highway","Damaged","Dusk","Signals",87,33,"Male","Expired","Yes","Curve",2292,"Chhattisgarh"
"Unknown",2023,"February","Sunday",1899-12-30 12:06:00.000,"Minor",4,"Bus",8,4,"Hazy","Village Road","Wet","Dawn","Signals",60,67,"Female","Expired","No","Bridge",2312,"Puducherry"
"Unknown",2019,"June","Sunday",1899-12-30 04:38:00.000,"Minor",5,"Truck",1,0,"Stormy","National Highway","Dry","Dusk","None",114,22,"Female","Expired","No","Curve",2326,"Manipur"
"Unknown",2019,"February","Tuesday",1899-12-30 13:55:00.000,"Minor",5,"Pedestrian",10,5,"Clear","Village Road","Wet","Dawn","Signs",100,69,"Female","Expired","No","Intersection",2339,"Jharkhand"
"Unknown",2022,"December","Friday",1899-12-30 08:52:00.000,"Minor",4,"Bus",2,2,"Foggy","Village Road","Wet","Dark","Signals",102,50,"Female","Expired","Yes","Intersection",2356,"Goa"
"Unknown",2018,"February","Wednesday",1899-12-30 06:21:00.000,"Minor",4,"Cycle",0,3,"Stormy","National Highway","Wet","Daylight","Signs",32,39,"Male","Expired","No","Intersection",2381,"Meghalaya"
"Unknown",2021,"February","Friday",1899-12-30 01:39:00.000,"Minor",4,"Two-Wheeler",0,2,"Clear","National Highway","Dry","Dusk","Signs",119,18,"Male","Expired","No","Intersection",2383,"Madhya Pradesh"
"Unknown",2018,"April","Saturday",1899-12-30 14:10:00.000,"Minor",3,"Auto-Rickshaw",8,1,"Stormy","National Highway","Dry","Dark","Signals",36,18,"Female","Expired","No","Intersection",2392,"Manipur"
"Unknown",2020,"August","Saturday",1899-12-30 16:24:00.000,"Minor",5,"Cycle",7,2,"Hazy","Urban Road","Wet","Daylight","Police Checkpost",83,50,"Female","Expired","No","Straight Road",2397,"Uttarakhand"
"Unknown",2019,"February","Friday",1899-12-30 18:20:00.000,"Minor",1,"Two-Wheeler",6,0,"Clear","National Highway","Under Construction","Dusk","Police Checkpost",120,64,"Female","Expired","Yes","Intersection",2423,"Punjab"
"Unknown",2019,"October","Thursday",1899-12-30 19:16:00.000,"Minor",2,"Pedestrian",9,5,"Clear","National Highway","Wet","Dawn","Police Checkpost",35,61,"Male","Expired","No","Bridge",2510,"Jammu and Kashmir"
"Unknown",2020,"January","Tuesday",1899-12-30 22:38:00.000,"Minor",5,"Car",5,2,"Stormy","Village Road","Under Construction","Dawn","None",114,25,"Male","Expired","Yes","Bridge",2527,"Tripura"
"Unknown",2019,"September","Thursday",1899-12-30 17:16:00.000,"Minor",1,"Pedestrian",3,5,"Stormy","Village Road","Wet","Dusk","Police Checkpost",53,36,"Male","Expired","No","Bridge",2556,"Haryana"
"Unknown",2018,"September","Saturday",1899-12-30 04:00:00.000,"Minor",1,"Pedestrian",10,3,"Foggy","State Highway","Damaged","Dawn","Signs",70,28,"Male","Expired","No","Intersection",2561,"Uttarakhand"
"Unknown",2021,"July","Sunday",1899-12-30 02:53:00.000,"Minor",2,"Auto-Rickshaw",2,5,"Clear","Urban Road","Dry","Dawn","Police Checkpost",108,56,"Female","Expired","Yes","Bridge",2574,"Chhattisgarh"
"Unknown",2020,"February","Monday",1899-12-30 21:06:00.000,"Minor",5,"Car",5,4,"Rainy","Village Road","Wet","Dark","None",70,28,"Female","Expired","No","Curve",2580,"Sikkim"
"Unknown",2018,"November","Wednesday",1899-12-30 04:55:00.000,"Minor",1,"Truck",8,3,"Stormy","Urban Road","Damaged","Daylight","None",116,37,"Male","Expired","No","Bridge",2589,"Mizoram"
"Unknown",2018,"April","Friday",1899-12-30 01:25:00.000,"Minor",2,"Car",6,2,"Rainy","National Highway","Dry","Dusk","Police Checkpost",30,33,"Male","Expired","No","Intersection",2605,"Himachal Pradesh"
"Unknown",2018,"June","Friday",1899-12-30 20:28:00.000,"Minor",5,"Car",3,5,"Stormy","Village Road","Damaged","Dawn","Signs",105,56,"Male","Expired","No","Intersection",2606,"Tripura"
"Unknown",2023,"July","Tuesday",1899-12-30 01:18:00.000,"Minor",1,"Cycle",2,0,"Rainy","Urban Road","Under Construction","Daylight","None",103,30,"Female","Expired","No","Intersection",2633,"Himachal Pradesh"
"Unknown",2020,"November","Sunday",1899-12-30 07:11:00.000,"Minor",5,"Truck",5,1,"Rainy","State Highway","Damaged","Dark","None",36,30,"Female","Expired","No","Bridge",2635,"Nagaland"
"Unknown",2018,"September","Tuesday",1899-12-30 23:21:00.000,"Minor",3,"Truck",2,4,"Stormy","National Highway","Dry","Dusk","Police Checkpost",71,39,"Female","Expired","No","Intersection",2645,"Kerala"
"Unknown",2023,"November","Friday",1899-12-30 05:04:00.000,"Minor",4,"Auto-Rickshaw",9,0,"Foggy","State Highway","Dry","Dawn","Signals",48,55,"Male","Expired","Yes","Straight Road",2682,"Haryana"
"Unknown",2020,"January","Monday",1899-12-30 21:09:00.000,"Minor",3,"Truck",10,2,"Stormy","Village Road","Under Construction","Dawn","Police Checkpost",90,56,"Male","Expired","Yes","Straight Road",2698,"Jammu and Kashmir"
"Unknown",2019,"December","Tuesday",1899-12-30 06:32:00.000,"Minor",5,"Bus",1,2,"Clear","National Highway","Damaged","Dawn","Police Checkpost",43,43,"Female","Expired","No","Straight Road",2714,"Madhya Pradesh"
"Unknown",2021,"May","Friday",1899-12-30 18:36:00.000,"Minor",4,"Truck",4,3,"Foggy","Urban Road","Damaged","Dawn","Signs",32,24,"Female","Expired","No","Curve",2738,"Chhattisgarh"
"Unknown",2023,"February","Monday",1899-12-30 20:29:00.000,"Minor",1,"Car",8,4,"Hazy","National Highway","Under Construction","Dawn","Signals",84,68,"Male","Expired","No","Bridge",2761,"Jharkhand"
"Unknown",2023,"March","Friday",1899-12-30 03:06:00.000,"Minor",4,"Auto-Rickshaw",1,0,"Stormy","Urban Road","Under Construction","Daylight","Signs",66,69,"Male","Expired","No","Curve",2763,"Manipur"
"Unknown",2018,"July","Monday",1899-12-30 20:56:00.000,"Minor",2,"Pedestrian",9,5,"Foggy","Urban Road","Wet","Daylight","Signs",75,48,"Male","Expired","No","Bridge",2764,"Haryana"
"Unknown",2020,"May","Tuesday",1899-12-30 13:37:00.000,"Minor",1,"Auto-Rickshaw",8,5,"Rainy","Village Road","Wet","Dark","Signs",62,60,"Female","Expired","Yes","Straight Road",2779,"Nagaland"
"Unknown",2023,"December","Sunday",1899-12-30 13:02:00.000,"Minor",2,"Two-Wheeler",9,2,"Stormy","Urban Road","Under Construction","Daylight","Signs",87,40,"Female","Expired","No","Straight Road",2780,"Uttarakhand"
"Unknown",2023,"January","Friday",1899-12-30 06:09:00.000,"Minor",3,"Two-Wheeler",9,0,"Foggy","Urban Road","Dry","Dawn","Police Checkpost",36,54,"Female","Expired","Yes","Curve",2796,"Odisha"
"Unknown",2020,"December","Monday",1899-12-30 19:26:00.000,"Minor",1,"Auto-Rickshaw",4,3,"Rainy","Urban Road","Under Construction","Dusk","Signs",47,69,"Female","Expired","Yes","Straight Road",2798,"Himachal Pradesh"
"Unknown",2023,"June","Sunday",1899-12-30 00:40:00.000,"Minor",2,"Two-Wheeler",0,0,"Stormy","Village Road","Wet","Dark","None",48,18,"Male","Expired","Yes","Straight Road",2799,"Chhattisgarh"
"Unknown",2022,"January","Sunday",1899-12-30 08:18:00.000,"Minor",3,"Truck",2,2,"Rainy","Urban Road","Dry","Dark","Signals",69,22,"Female","Expired","Yes","Straight Road",2859,"Uttarakhand"
"Unknown",2018,"March","Sunday",1899-12-30 02:29:00.000,"Minor",1,"Car",7,4,"Rainy","Village Road","Damaged","Dark","None",64,23,"Female","Expired","No","Bridge",2862,"Meghalaya"
"Unknown",2023,"November","Thursday",1899-12-30 05:15:00.000,"Minor",2,"Cycle",3,3,"Stormy","Village Road","Dry","Dawn","Signals",92,70,"Male","Expired","No","Bridge",2868,"Chandigarh"
"Unknown",2019,"March","Monday",1899-12-30 03:32:00.000,"Minor",2,"Pedestrian",8,4,"Clear","Village Road","Wet","Dawn","Signs",47,44,"Female","Expired","No","Straight Road",2881,"Puducherry"
"Unknown",2020,"October","Friday",1899-12-30 08:32:00.000,"Minor",2,"Bus",9,4,"Stormy","National Highway","Under Construction","Dusk","Signs",31,59,"Male","Expired","Yes","Curve",2883,"Meghalaya"
"Unknown",2021,"March","Tuesday",1899-12-30 09:04:00.000,"Minor",4,"Auto-Rickshaw",3,5,"Stormy","State Highway","Wet","Dawn","Signals",31,49,"Male","Expired","Yes","Straight Road",2895,"Jammu and Kashmir"
"Unknown",2022,"June","Saturday",1899-12-30 16:07:00.000,"Minor",5,"Auto-Rickshaw",10,2,"Hazy","National Highway","Dry","Dark","None",99,59,"Male","Expired","No","Straight Road",2904,"Tripura"
"Unknown",2023,"June","Tuesday",1899-12-30 17:54:00.000,"Minor",2,"Auto-Rickshaw",2,3,"Foggy","State Highway","Wet","Dark","None",85,29,"Female","Expired","Yes","Curve",2911,"Uttarakhand"
"Unknown",2018,"January","Saturday",1899-12-30 10:39:00.000,"Minor",5,"Pedestrian",1,1,"Rainy","Village Road","Wet","Dusk","Signs",107,28,"Female","Expired","Yes","Straight Road",2919,"Himachal Pradesh"
"Unknown",2018,"August","Friday",1899-12-30 22:19:00.000,"Minor",5,"Bus",2,5,"Foggy","National Highway","Wet","Daylight","Police Checkpost",41,21,"Male","Expired","No","Intersection",2937,"Bihar"
"Unknown",2022,"January","Thursday",1899-12-30 04:19:00.000,"Minor",4,"Pedestrian",9,5,"Stormy","National Highway","Wet","Dusk","None",45,66,"Female","Expired","Yes","Intersection",2939,"Assam"
"Unknown",2019,"March","Thursday",1899-12-30 03:48:00.000,"Minor",4,"Truck",6,5,"Stormy","Urban Road","Damaged","Dark","Signs",91,22,"Female","Expired","No","Bridge",2946,"Jammu and Kashmir"
"Unknown",2019,"March","Friday",1899-12-30 20:41:00.000,"Minor",3,"Auto-Rickshaw",5,3,"Rainy","National Highway","Under Construction","Dark","Signals",52,52,"Male","Expired","Yes","Intersection",2960,"Manipur"
"Unknown",2022,"December","Friday",1899-12-30 10:02:00.000,"Minor",1,"Bus",8,0,"Hazy","National Highway","Under Construction","Dawn","Signs",59,42,"Male","Expired","No","Intersection",2964,"Odisha"
"Unknown",2021,"November","Wednesday",1899-12-30 13:23:00.000,"Minor",3,"Bus",0,2,"Clear","Village Road","Dry","Dark","Signs",49,30,"Male","Expired","No","Straight Road",2980,"Jammu and Kashmir"
"Unknown",2021,"March","Saturday",1899-12-30 03:00:00.000,"Minor",4,"Two-Wheeler",4,2,"Foggy","State Highway","Damaged","Dark","Signs",72,58,"Female","Expired","No","Straight Road",2990,"Bihar"
"Unknown",2018,"December","Tuesday",1899-12-30 20:47:00.000,"Minor",5,"Car",3,0,"Rainy","National Highway","Dry","Daylight","Signals",33,58,"Male","Expired","Yes","Bridge",2993,"Tripura"
"Unknown",2023,"August","Wednesday",1899-12-30 00:54:00.000,"Fatal",1,"Car",10,1,"Stormy","National Highway","Damaged","Dusk","None",90,64,"Female","Expired","No","Bridge",28,"Madhya Pradesh"
"Unknown",2019,"January","Tuesday",1899-12-30 16:03:00.000,"Fatal",2,"Car",3,1,"Foggy","State Highway","Damaged","Dawn","None",102,32,"Female","Expired","No","Bridge",37,"Kerala"
"Unknown",2022,"February","Wednesday",1899-12-30 17:08:00.000,"Fatal",2,"Truck",5,5,"Rainy","National Highway","Under Construction","Daylight","None",88,53,"Female","Expired","No","Bridge",41,"Chhattisgarh"
"Unknown",2022,"August","Tuesday",1899-12-30 22:43:00.000,"Fatal",4,"Two-Wheeler",1,3,"Foggy","National Highway","Under Construction","Daylight","None",30,57,"Male","Expired","No","Curve",53,"Odisha"
"Unknown",2023,"June","Saturday",1899-12-30 06:10:00.000,"Fatal",2,"Bus",6,0,"Clear","Urban Road","Dry","Dusk","Signals",31,54,"Female","Expired","No","Straight Road",63,"Assam"
"Unknown",2023,"December","Friday",1899-12-30 17:12:00.000,"Fatal",5,"Cycle",10,3,"Rainy","Urban Road","Under Construction","Dark","Signals",68,61,"Female","Expired","Yes","Intersection",82,"Jammu and Kashmir"
"Unknown",2023,"March","Monday",1899-12-30 03:27:00.000,"Fatal",4,"Bus",1,1,"Hazy","Village Road","Dry","Dusk","Signals",67,63,"Female","Expired","No","Bridge",89,"Bihar"
"Unknown",2022,"February","Saturday",1899-12-30 02:35:00.000,"Fatal",4,"Cycle",6,0,"Foggy","State Highway","Under Construction","Dusk","Signals",98,64,"Female","Expired","Yes","Curve",90,"Tripura"
"Unknown",2019,"September","Friday",1899-12-30 20:43:00.000,"Fatal",5,"Bus",2,4,"Hazy","National Highway","Dry","Dusk","None",103,64,"Male","Expired","No","Straight Road",109,"Meghalaya"
"Unknown",2020,"October","Friday",1899-12-30 18:43:00.000,"Fatal",4,"Auto-Rickshaw",3,5,"Clear","State Highway","Damaged","Dusk","Signs",111,59,"Male","Expired","No","Curve",111,"Chhattisgarh"
"Unknown",2018,"October","Tuesday",1899-12-30 18:24:00.000,"Fatal",5,"Two-Wheeler",5,0,"Stormy","State Highway","Damaged","Dusk","None",120,22,"Male","Expired","No","Intersection",116,"Chandigarh"
"Unknown",2023,"July","Monday",1899-12-30 21:40:00.000,"Fatal",4,"Cycle",3,1,"Rainy","State Highway","Wet","Dusk","None",81,45,"Female","Expired","No","Intersection",121,"Madhya Pradesh"
"Unknown",2018,"October","Wednesday",1899-12-30 10:18:00.000,"Fatal",1,"Bus",1,2,"Clear","Urban Road","Wet","Daylight","Police Checkpost",119,49,"Female","Expired","No","Bridge",125,"Chhattisgarh"
"Unknown",2021,"August","Sunday",1899-12-30 23:25:00.000,"Fatal",2,"Pedestrian",5,5,"Rainy","State Highway","Under Construction","Daylight","None",52,51,"Female","Expired","No","Curve",144,"Assam"
"Unknown",2020,"March","Monday",1899-12-30 20:24:00.000,"Fatal",2,"Bus",3,4,"Clear","Urban Road","Under Construction","Dusk","Signals",91,35,"Female","Expired","Yes","Curve",181,"Haryana"
"Unknown",2021,"January","Sunday",1899-12-30 20:17:00.000,"Fatal",3,"Bus",9,3,"Foggy","National Highway","Wet","Daylight","Signs",40,40,"Female","Expired","No","Intersection",194,"Bihar"
"Unknown",2023,"June","Tuesday",1899-12-30 07:02:00.000,"Fatal",5,"Two-Wheeler",2,0,"Stormy","State Highway","Wet","Dawn","None",83,40,"Female","Expired","No","Curve",196,"Jharkhand"
"Unknown",2020,"June","Monday",1899-12-30 13:34:00.000,"Fatal",1,"Auto-Rickshaw",3,0,"Hazy","Urban Road","Under Construction","Dawn","Police Checkpost",50,29,"Female","Expired","Yes","Curve",201,"Uttarakhand"
"Unknown",2022,"October","Saturday",1899-12-30 00:06:00.000,"Fatal",4,"Bus",0,3,"Clear","Urban Road","Dry","Dawn","Signs",98,27,"Male","Expired","No","Straight Road",216,"Manipur"
"Unknown",2020,"June","Monday",1899-12-30 08:07:00.000,"Fatal",3,"Cycle",0,5,"Stormy","National Highway","Under Construction","Dawn","Signals",54,50,"Male","Expired","Yes","Curve",269,"Telangana"
"Unknown",2021,"December","Friday",1899-12-30 21:32:00.000,"Fatal",5,"Bus",7,4,"Stormy","National Highway","Wet","Dark","Signals",109,61,"Female","Expired","Yes","Straight Road",276,"Sikkim"
"Unknown",2022,"January","Sunday",1899-12-30 06:53:00.000,"Fatal",3,"Bus",0,2,"Stormy","Village Road","Damaged","Dawn","Police Checkpost",87,58,"Female","Expired","Yes","Bridge",280,"Uttarakhand"
"Unknown",2019,"February","Tuesday",1899-12-30 17:02:00.000,"Fatal",5,"Two-Wheeler",0,1,"Foggy","Village Road","Dry","Daylight","None",100,52,"Male","Expired","No","Intersection",315,"Meghalaya"
"Unknown",2022,"July","Monday",1899-12-30 19:58:00.000,"Fatal",3,"Bus",10,0,"Clear","State Highway","Dry","Dark","Signs",54,54,"Male","Expired","No","Intersection",316,"Chhattisgarh"
"Unknown",2022,"August","Wednesday",1899-12-30 14:42:00.000,"Fatal",2,"Two-Wheeler",9,2,"Clear","Urban Road","Under Construction","Daylight","None",100,59,"Male","Expired","No","Intersection",324,"Goa"
"Unknown",2020,"June","Tuesday",1899-12-30 00:49:00.000,"Fatal",2,"Two-Wheeler",9,5,"Hazy","Urban Road","Wet","Dark","Signs",79,22,"Female","Expired","No","Bridge",325,"Assam"
"Unknown",2022,"August","Sunday",1899-12-30 14:05:00.000,"Fatal",3,"Two-Wheeler",10,4,"Stormy","Urban Road","Damaged","Dawn","Signals",93,70,"Female","Expired","Yes","Intersection",329,"Manipur"
"Unknown",2018,"December","Tuesday",1899-12-30 14:40:00.000,"Fatal",2,"Car",1,5,"Rainy","National Highway","Damaged","Dusk","Signs",101,45,"Male","Expired","No","Curve",341,"Bihar"
"Unknown",2020,"September","Tuesday",1899-12-30 17:31:00.000,"Fatal",1,"Cycle",8,5,"Rainy","National Highway","Under Construction","Daylight","Police Checkpost",107,20,"Female","Expired","Yes","Straight Road",356,"Goa"
"Unknown",2023,"February","Thursday",1899-12-30 22:05:00.000,"Fatal",1,"Truck",6,3,"Foggy","State Highway","Under Construction","Daylight","None",52,70,"Female","Expired","No","Curve",357,"Manipur"
"Unknown",2019,"February","Monday",1899-12-30 13:27:00.000,"Fatal",2,"Bus",8,5,"Stormy","National Highway","Dry","Dark","Signals",46,43,"Female","Expired","No","Bridge",366,"Nagaland"
"Unknown",2021,"April","Tuesday",1899-12-30 11:37:00.000,"Fatal",1,"Auto-Rickshaw",6,1,"Clear","National Highway","Under Construction","Dawn","Signs",33,28,"Female","Expired","No","Bridge",422,"Arunachal Pradesh"
"Unknown",2021,"November","Wednesday",1899-12-30 09:16:00.000,"Fatal",1,"Cycle",8,2,"Stormy","Village Road","Dry","Daylight","Signals",99,56,"Male","Expired","No","Bridge",425,"Chhattisgarh"
"Unknown",2023,"July","Saturday",1899-12-30 23:16:00.000,"Fatal",1,"Cycle",10,3,"Hazy","Village Road","Dry","Daylight","Signals",101,20,"Female","Expired","Yes","Curve",428,"Himachal Pradesh"
"Unknown",2019,"June","Saturday",1899-12-30 21:18:00.000,"Fatal",3,"Car",5,4,"Rainy","National Highway","Wet","Dusk","Signs",80,19,"Female","Expired","No","Intersection",432,"Chandigarh"
"Unknown",2020,"May","Tuesday",1899-12-30 20:03:00.000,"Fatal",2,"Car",9,0,"Foggy","National Highway","Under Construction","Dusk","Police Checkpost",100,29,"Male","Expired","No","Intersection",456,"Himachal Pradesh"
"Unknown",2021,"November","Friday",1899-12-30 04:30:00.000,"Fatal",1,"Car",2,0,"Stormy","State Highway","Under Construction","Dark","Police Checkpost",34,30,"Male","Expired","Yes","Bridge",472,"Jharkhand"
"Unknown",2022,"January","Thursday",1899-12-30 09:31:00.000,"Fatal",5,"Pedestrian",1,3,"Stormy","Village Road","Damaged","Dawn","Signs",59,36,"Male","Expired","No","Intersection",480,"Sikkim"
"Unknown",2020,"September","Sunday",1899-12-30 21:06:00.000,"Fatal",1,"Truck",5,0,"Foggy","Village Road","Damaged","Daylight","Signs",31,60,"Female","Expired","Yes","Straight Road",509,"Telangana"
"Unknown",2018,"October","Sunday",1899-12-30 15:45:00.000,"Fatal",1,"Truck",6,2,"Rainy","State Highway","Damaged","Dark","Signs",72,35,"Female","Expired","No","Intersection",520,"Puducherry"
"Unknown",2018,"June","Thursday",1899-12-30 01:02:00.000,"Fatal",1,"Auto-Rickshaw",6,4,"Foggy","Urban Road","Wet","Dark","Signals",36,42,"Male","Expired","No","Curve",534,"Punjab"
"Unknown",2019,"September","Wednesday",1899-12-30 12:12:00.000,"Fatal",3,"Cycle",7,1,"Foggy","National Highway","Dry","Dusk","None",95,28,"Female","Expired","No","Intersection",561,"Arunachal Pradesh"
"Unknown",2022,"June","Wednesday",1899-12-30 02:08:00.000,"Fatal",5,"Truck",9,5,"Stormy","Urban Road","Dry","Daylight","None",116,42,"Male","Expired","Yes","Curve",578,"Jharkhand"
"Unknown",2018,"April","Saturday",1899-12-30 15:19:00.000,"Fatal",1,"Auto-Rickshaw",2,4,"Hazy","State Highway","Damaged","Dusk","Police Checkpost",79,55,"Female","Expired","Yes","Straight Road",584,"Haryana"
"Unknown",2019,"August","Sunday",1899-12-30 22:38:00.000,"Fatal",2,"Two-Wheeler",2,2,"Hazy","Urban Road","Under Construction","Dark","None",32,63,"Female","Expired","Yes","Curve",593,"Nagaland"
"Unknown",2019,"May","Sunday",1899-12-30 11:10:00.000,"Fatal",3,"Two-Wheeler",2,0,"Stormy","Urban Road","Wet","Dark","None",118,64,"Female","Expired","Yes","Straight Road",599,"Himachal Pradesh"
"Unknown",2019,"June","Tuesday",1899-12-30 16:44:00.000,"Fatal",4,"Two-Wheeler",0,1,"Clear","Village Road","Damaged","Dusk","Signals",47,45,"Male","Expired","No","Curve",606,"Goa"
"Unknown",2021,"May","Thursday",1899-12-30 11:36:00.000,"Fatal",1,"Auto-Rickshaw",8,4,"Clear","National Highway","Wet","Dark","None",41,46,"Female","Expired","No","Straight Road",613,"Chhattisgarh"
"Unknown",2018,"March","Sunday",1899-12-30 03:33:00.000,"Fatal",5,"Car",4,0,"Foggy","State Highway","Wet","Daylight","None",83,29,"Female","Expired","Yes","Straight Road",635,"Sikkim"
"Unknown",2021,"July","Friday",1899-12-30 15:19:00.000,"Fatal",5,"Cycle",2,2,"Rainy","Village Road","Dry","Dark","Signals",93,43,"Male","Expired","Yes","Intersection",652,"Jammu and Kashmir"
"Unknown",2019,"July","Wednesday",1899-12-30 13:12:00.000,"Fatal",4,"Pedestrian",3,0,"Clear","National Highway","Under Construction","Dark","Signals",62,63,"Female","Expired","Yes","Curve",665,"Jharkhand"
"Unknown",2023,"November","Wednesday",1899-12-30 21:56:00.000,"Fatal",2,"Bus",3,5,"Stormy","National Highway","Dry","Daylight","Signs",75,26,"Male","Expired","No","Curve",668,"Chhattisgarh"
"Unknown",2020,"October","Saturday",1899-12-30 03:32:00.000,"Fatal",2,"Bus",9,4,"Rainy","Village Road","Dry","Daylight","Police Checkpost",35,18,"Male","Expired","No","Curve",711,"Goa"
"Unknown",2018,"December","Monday",1899-12-30 08:53:00.000,"Fatal",1,"Auto-Rickshaw",10,4,"Hazy","Village Road","Dry","Daylight","Police Checkpost",94,70,"Male","Expired","No","Straight Road",717,"Nagaland"
"Unknown",2023,"December","Monday",1899-12-30 11:07:00.000,"Fatal",4,"Two-Wheeler",4,4,"Rainy","State Highway","Wet","Dark","Signals",39,27,"Male","Expired","Yes","Curve",751,"Nagaland"
"Unknown",2020,"January","Wednesday",1899-12-30 04:39:00.000,"Fatal",4,"Two-Wheeler",8,0,"Clear","Urban Road","Dry","Dusk","None",68,59,"Male","Expired","No","Bridge",755,"Meghalaya"
"Unknown",2023,"July","Tuesday",1899-12-30 16:57:00.000,"Fatal",2,"Car",9,4,"Hazy","State Highway","Dry","Dusk","Police Checkpost",39,27,"Female","Expired","Yes","Bridge",766,"Telangana"
"Unknown",2021,"December","Friday",1899-12-30 16:30:00.000,"Fatal",1,"Pedestrian",7,1,"Hazy","Urban Road","Dry","Daylight","None",102,61,"Female","Expired","Yes","Curve",793,"Uttarakhand"
"Unknown",2022,"November","Tuesday",1899-12-30 09:44:00.000,"Fatal",2,"Two-Wheeler",7,0,"Foggy","State Highway","Damaged","Dawn","None",94,22,"Male","Expired","Yes","Bridge",840,"Punjab"
"Unknown",2023,"February","Sunday",1899-12-30 19:40:00.000,"Fatal",3,"Two-Wheeler",0,1,"Hazy","Village Road","Wet","Dark","None",75,63,"Male","Expired","Yes","Curve",865,"Kerala"
"Unknown",2019,"March","Saturday",1899-12-30 02:10:00.000,"Fatal",3,"Cycle",8,0,"Stormy","Village Road","Wet","Dark","Police Checkpost",46,62,"Male","Expired","No","Curve",876,"Nagaland"
"Unknown",2020,"July","Monday",1899-12-30 06:13:00.000,"Fatal",5,"Auto-Rickshaw",5,0,"Rainy","Urban Road","Under Construction","Dusk","None",75,31,"Female","Expired","Yes","Bridge",883,"Nagaland"
"Unknown",2020,"December","Tuesday",1899-12-30 04:51:00.000,"Fatal",3,"Auto-Rickshaw",7,1,"Hazy","State Highway","Damaged","Daylight","Police Checkpost",54,50,"Female","Expired","Yes","Bridge",903,"Mizoram"
"Unknown",2023,"December","Saturday",1899-12-30 02:42:00.000,"Fatal",2,"Auto-Rickshaw",2,1,"Clear","National Highway","Under Construction","Daylight","None",86,24,"Female","Expired","Yes","Intersection",904,"Himachal Pradesh"
"Unknown",2018,"July","Tuesday",1899-12-30 12:16:00.000,"Fatal",1,"Bus",1,1,"Hazy","Urban Road","Damaged","Daylight","Police Checkpost",98,52,"Male","Expired","Yes","Intersection",917,"Goa"
"Unknown",2023,"November","Thursday",1899-12-30 11:52:00.000,"Fatal",2,"Car",3,3,"Rainy","Urban Road","Under Construction","Dawn","None",65,52,"Male","Expired","Yes","Straight Road",918,"Chhattisgarh"
"Unknown",2019,"May","Tuesday",1899-12-30 22:55:00.000,"Fatal",1,"Car",0,1,"Rainy","State Highway","Damaged","Daylight","Signals",37,67,"Female","Expired","No","Bridge",925,"Himachal Pradesh"
"Unknown",2020,"March","Thursday",1899-12-30 16:29:00.000,"Fatal",2,"Two-Wheeler",3,1,"Foggy","State Highway","Dry","Dusk","Police Checkpost",81,42,"Female","Expired","Yes","Curve",947,"Goa"
"Unknown",2022,"August","Sunday",1899-12-30 04:46:00.000,"Fatal",5,"Cycle",1,5,"Foggy","Urban Road","Dry","Dark","None",103,65,"Female","Expired","Yes","Straight Road",983,"Meghalaya"
"Unknown",2020,"August","Wednesday",1899-12-30 19:46:00.000,"Fatal",4,"Auto-Rickshaw",5,4,"Clear","Village Road","Wet","Dark","Signs",60,29,"Female","Expired","Yes","Curve",988,"Madhya Pradesh"
"Unknown",2019,"January","Wednesday",1899-12-30 10:50:00.000,"Fatal",3,"Truck",1,5,"Stormy","State Highway","Under Construction","Dark","None",51,26,"Female","Expired","Yes","Straight Road",1002,"Nagaland"
"Unknown",2018,"July","Wednesday",1899-12-30 03:33:00.000,"Fatal",5,"Bus",9,3,"Clear","Urban Road","Under Construction","Daylight","Signals",73,57,"Female","Expired","Yes","Bridge",1005,"Chandigarh"
"Unknown",2021,"August","Sunday",1899-12-30 04:00:00.000,"Fatal",3,"Auto-Rickshaw",8,5,"Hazy","State Highway","Under Construction","Daylight","None",112,19,"Female","Expired","Yes","Intersection",1016,"Punjab"
"Unknown",2021,"July","Monday",1899-12-30 01:10:00.000,"Fatal",1,"Two-Wheeler",3,1,"Rainy","Urban Road","Wet","Dawn","Signals",110,48,"Female","Expired","Yes","Intersection",1018,"Mizoram"
"Unknown",2020,"September","Friday",1899-12-30 13:56:00.000,"Fatal",1,"Car",2,4,"Rainy","Village Road","Under Construction","Dawn","Signals",46,51,"Male","Expired","Yes","Curve",1052,"Kerala"
"Unknown",2021,"January","Sunday",1899-12-30 16:28:00.000,"Fatal",1,"Cycle",10,4,"Hazy","State Highway","Dry","Daylight","Police Checkpost",66,50,"Female","Expired","No","Intersection",1082,"Odisha"
"Unknown",2019,"March","Wednesday",1899-12-30 10:44:00.000,"Fatal",4,"Truck",10,2,"Rainy","National Highway","Dry","Dawn","None",52,63,"Female","Expired","Yes","Bridge",1093,"Kerala"
"Unknown",2021,"June","Saturday",1899-12-30 23:16:00.000,"Fatal",5,"Auto-Rickshaw",9,0,"Hazy","Urban Road","Dry","Daylight","Signals",96,62,"Male","Expired","Yes","Straight Road",1100,"Mizoram"
"Unknown",2018,"December","Wednesday",1899-12-30 04:22:00.000,"Fatal",1,"Car",10,5,"Stormy","Urban Road","Under Construction","Dawn","Signs",47,63,"Male","Expired","Yes","Straight Road",1110,"Himachal Pradesh"
"Unknown",2023,"June","Sunday",1899-12-30 12:46:00.000,"Fatal",3,"Auto-Rickshaw",2,5,"Clear","Urban Road","Wet","Dawn","Signs",54,23,"Female","Expired","Yes","Intersection",1112,"Telangana"
"Unknown",2021,"November","Thursday",1899-12-30 06:37:00.000,"Fatal",3,"Pedestrian",4,4,"Foggy","Urban Road","Damaged","Dusk","Signs",55,55,"Female","Expired","No","Curve",1129,"Nagaland"
"Unknown",2023,"January","Friday",1899-12-30 00:28:00.000,"Fatal",2,"Auto-Rickshaw",2,2,"Foggy","Urban Road","Under Construction","Daylight","Signs",71,38,"Male","Expired","Yes","Intersection",1135,"Uttarakhand"
"Unknown",2023,"January","Thursday",1899-12-30 20:21:00.000,"Fatal",5,"Bus",10,0,"Clear","National Highway","Damaged","Daylight","Police Checkpost",103,19,"Female","Expired","Yes","Bridge",1136,"Manipur"
"Unknown",2022,"September","Saturday",1899-12-30 10:26:00.000,"Fatal",5,"Car",10,0,"Rainy","State Highway","Wet","Dusk","Signals",120,22,"Female","Expired","Yes","Straight Road",1145,"Assam"
"Unknown",2019,"December","Monday",1899-12-30 20:26:00.000,"Fatal",4,"Two-Wheeler",0,2,"Foggy","State Highway","Damaged","Dusk","Police Checkpost",67,55,"Male","Expired","Yes","Straight Road",1155,"Sikkim"
"Unknown",2022,"January","Wednesday",1899-12-30 03:41:00.000,"Fatal",1,"Car",4,3,"Clear","Urban Road","Damaged","Dark","Police Checkpost",70,25,"Male","Expired","No","Bridge",1164,"Jammu and Kashmir"
"Unknown",2022,"April","Friday",1899-12-30 22:24:00.000,"Fatal",1,"Car",10,1,"Hazy","Urban Road","Damaged","Dark","None",105,44,"Male","Expired","No","Straight Road",1183,"Himachal Pradesh"
"Unknown",2018,"January","Tuesday",1899-12-30 12:50:00.000,"Fatal",4,"Two-Wheeler",9,0,"Stormy","Village Road","Dry","Dusk","Police Checkpost",50,19,"Female","Expired","No","Intersection",1202,"Goa"
"Unknown",2018,"March","Monday",1899-12-30 03:56:00.000,"Fatal",3,"Two-Wheeler",6,4,"Foggy","National Highway","Under Construction","Dark","Signals",106,29,"Male","Expired","No","Curve",1225,"Mizoram"
"Unknown",2018,"July","Wednesday",1899-12-30 14:01:00.000,"Fatal",5,"Auto-Rickshaw",7,2,"Rainy","Village Road","Damaged","Dark","Police Checkpost",37,61,"Male","Expired","Yes","Intersection",1273,"Jammu and Kashmir"
"Unknown",2020,"October","Monday",1899-12-30 19:12:00.000,"Fatal",1,"Auto-Rickshaw",8,0,"Foggy","Village Road","Under Construction","Dusk","Signals",116,52,"Male","Expired","No","Bridge",1294,"Puducherry"
"Unknown",2020,"January","Tuesday",1899-12-30 01:48:00.000,"Fatal",4,"Truck",0,2,"Hazy","National Highway","Dry","Daylight","None",101,50,"Male","Expired","Yes","Curve",1324,"Nagaland"
"Unknown",2023,"June","Thursday",1899-12-30 08:14:00.000,"Fatal",3,"Pedestrian",0,2,"Stormy","Village Road","Damaged","Dusk","Police Checkpost",115,58,"Female","Expired","No","Bridge",1351,"Meghalaya"
"Unknown",2021,"May","Tuesday",1899-12-30 05:25:00.000,"Fatal",3,"Two-Wheeler",7,5,"Hazy","Urban Road","Dry","Daylight","None",33,63,"Male","Expired","No","Bridge",1361,"Arunachal Pradesh"
"Unknown",2019,"December","Saturday",1899-12-30 06:39:00.000,"Fatal",4,"Bus",8,0,"Hazy","Urban Road","Wet","Dusk","Signs",74,33,"Male","Expired","Yes","Straight Road",1363,"Bihar"
"Unknown",2020,"August","Wednesday",1899-12-30 03:59:00.000,"Fatal",3,"Car",3,5,"Foggy","State Highway","Under Construction","Dawn","Signs",38,67,"Male","Expired","Yes","Bridge",1377,"Haryana"
"Unknown",2022,"October","Saturday",1899-12-30 04:10:00.000,"Fatal",4,"Truck",6,1,"Foggy","Urban Road","Under Construction","Daylight","Signals",70,33,"Female","Expired","No","Intersection",1394,"Himachal Pradesh"
"Unknown",2019,"October","Wednesday",1899-12-30 17:33:00.000,"Fatal",1,"Truck",3,5,"Hazy","State Highway","Damaged","Dawn","Police Checkpost",34,51,"Male","Expired","Yes","Bridge",1401,"Nagaland"
"Unknown",2021,"June","Thursday",1899-12-30 03:26:00.000,"Fatal",4,"Bus",3,4,"Foggy","Urban Road","Under Construction","Dark","None",103,39,"Male","Expired","Yes","Bridge",1403,"Puducherry"
"Unknown",2023,"May","Friday",1899-12-30 00:21:00.000,"Fatal",3,"Two-Wheeler",4,0,"Hazy","State Highway","Damaged","Dark","Signals",37,36,"Male","Expired","Yes","Bridge",1410,"Meghalaya"
"Unknown",2022,"August","Saturday",1899-12-30 02:40:00.000,"Fatal",5,"Cycle",3,0,"Foggy","Urban Road","Under Construction","Dusk","Signals",71,48,"Male","Expired","Yes","Bridge",1413,"Goa"
"Unknown",2019,"July","Wednesday",1899-12-30 00:19:00.000,"Fatal",5,"Pedestrian",0,4,"Clear","National Highway","Wet","Dusk","None",108,34,"Male","Expired","No","Bridge",1452,"Uttarakhand"
"Unknown",2021,"August","Sunday",1899-12-30 13:53:00.000,"Fatal",1,"Auto-Rickshaw",1,4,"Clear","National Highway","Under Construction","Dark","Signs",116,41,"Female","Expired","Yes","Curve",1460,"Kerala"
"Unknown",2023,"July","Wednesday",1899-12-30 01:07:00.000,"Fatal",4,"Cycle",6,3,"Clear","National Highway","Wet","Dawn","Police Checkpost",104,44,"Female","Expired","No","Straight Road",1463,"Sikkim"
"Unknown",2021,"June","Saturday",1899-12-30 07:18:00.000,"Fatal",1,"Pedestrian",5,2,"Foggy","Urban Road","Dry","Dawn","Police Checkpost",105,30,"Male","Expired","Yes","Straight Road",1470,"Himachal Pradesh"
"Unknown",2023,"January","Thursday",1899-12-30 09:54:00.000,"Fatal",3,"Cycle",8,1,"Hazy","Village Road","Damaged","Dark","Signs",113,68,"Male","Expired","Yes","Curve",1482,"Kerala"
"Unknown",2022,"April","Wednesday",1899-12-30 01:08:00.000,"Fatal",2,"Car",9,1,"Foggy","State Highway","Under Construction","Dusk","Police Checkpost",95,65,"Female","Expired","No","Curve",1487,"Jharkhand"
"Unknown",2022,"October","Tuesday",1899-12-30 21:56:00.000,"Fatal",5,"Bus",0,1,"Rainy","State Highway","Under Construction","Dark","Signals",43,41,"Female","Expired","No","Straight Road",1499,"Telangana"
"Unknown",2022,"March","Friday",1899-12-30 19:27:00.000,"Fatal",1,"Bus",5,1,"Foggy","Urban Road","Damaged","Daylight","Police Checkpost",72,18,"Female","Expired","No","Bridge",1507,"Uttarakhand"
"Unknown",2021,"December","Monday",1899-12-30 02:30:00.000,"Fatal",5,"Truck",2,2,"Clear","Urban Road","Under Construction","Daylight","Signs",85,28,"Female","Expired","Yes","Bridge",1529,"Assam"
"Unknown",2019,"September","Wednesday",1899-12-30 08:21:00.000,"Fatal",4,"Cycle",2,0,"Rainy","Village Road","Wet","Dawn","Police Checkpost",113,38,"Male","Expired","Yes","Bridge",1541,"Telangana"
"Unknown",2018,"March","Wednesday",1899-12-30 02:43:00.000,"Fatal",2,"Auto-Rickshaw",10,1,"Stormy","Urban Road","Damaged","Dusk","Signals",112,31,"Female","Expired","No","Curve",1552,"Kerala"
"Unknown",2019,"March","Wednesday",1899-12-30 03:58:00.000,"Fatal",4,"Truck",7,2,"Hazy","Urban Road","Under Construction","Dawn","Signs",106,19,"Female","Expired","No","Straight Road",1565,"Jharkhand"
"Unknown",2020,"July","Wednesday",1899-12-30 10:22:00.000,"Fatal",1,"Cycle",7,0,"Hazy","National Highway","Under Construction","Dawn","Police Checkpost",101,70,"Female","Expired","No","Bridge",1571,"Punjab"
"Unknown",2023,"April","Sunday",1899-12-30 18:27:00.000,"Fatal",1,"Bus",3,1,"Clear","National Highway","Under Construction","Dawn","None",32,62,"Male","Expired","Yes","Bridge",1582,"Jammu and Kashmir"
"Unknown",2020,"September","Wednesday",1899-12-30 00:37:00.000,"Fatal",3,"Bus",0,5,"Rainy","Urban Road","Damaged","Dark","Police Checkpost",90,37,"Female","Expired","No","Curve",1590,"Punjab"
"Unknown",2022,"July","Monday",1899-12-30 13:15:00.000,"Fatal",2,"Truck",8,2,"Hazy","Village Road","Dry","Dusk","Signals",98,54,"Female","Expired","Yes","Intersection",1602,"Uttarakhand"
"Unknown",2023,"August","Thursday",1899-12-30 08:19:00.000,"Fatal",2,"Two-Wheeler",8,1,"Foggy","Village Road","Damaged","Daylight","None",112,59,"Male","Expired","Yes","Curve",1605,"Odisha"
"Unknown",2021,"April","Thursday",1899-12-30 05:32:00.000,"Fatal",2,"Car",3,0,"Rainy","Urban Road","Dry","Daylight","Signals",74,35,"Female","Expired","No","Intersection",1612,"Manipur"
"Unknown",2018,"January","Thursday",1899-12-30 21:50:00.000,"Fatal",3,"Auto-Rickshaw",5,3,"Clear","National Highway","Under Construction","Dusk","Police Checkpost",95,21,"Female","Expired","Yes","Curve",1614,"Puducherry"
"Unknown",2022,"July","Thursday",1899-12-30 07:31:00.000,"Fatal",1,"Cycle",5,1,"Rainy","Village Road","Dry","Dusk","Signals",43,70,"Female","Expired","Yes","Curve",1618,"Kerala"
"Unknown",2021,"February","Sunday",1899-12-30 09:52:00.000,"Fatal",2,"Cycle",3,3,"Rainy","National Highway","Wet","Dark","Signs",119,69,"Female","Expired","No","Straight Road",1621,"Chhattisgarh"
"Unknown",2019,"September","Sunday",1899-12-30 18:10:00.000,"Fatal",3,"Car",10,2,"Stormy","State Highway","Under Construction","Daylight","Signals",115,42,"Male","Expired","Yes","Curve",1654,"Tripura"
"Unknown",2020,"December","Tuesday",1899-12-30 12:44:00.000,"Fatal",4,"Cycle",3,5,"Foggy","State Highway","Wet","Dark","None",34,24,"Female","Expired","No","Bridge",1655,"Madhya Pradesh"
"Unknown",2022,"June","Wednesday",1899-12-30 15:53:00.000,"Fatal",5,"Two-Wheeler",3,1,"Clear","Village Road","Damaged","Dark","Signals",92,18,"Female","Expired","Yes","Straight Road",1656,"Madhya Pradesh"
"Unknown",2022,"April","Wednesday",1899-12-30 12:57:00.000,"Fatal",1,"Auto-Rickshaw",2,0,"Clear","State Highway","Damaged","Dawn","Signals",54,19,"Female","Expired","No","Curve",1662,"Mizoram"
"Unknown",2018,"May","Saturday",1899-12-30 02:24:00.000,"Fatal",1,"Auto-Rickshaw",7,4,"Clear","Urban Road","Under Construction","Daylight","Police Checkpost",88,40,"Female","Expired","No","Curve",1679,"Nagaland"
"Unknown",2022,"October","Sunday",1899-12-30 03:01:00.000,"Fatal",2,"Car",10,4,"Stormy","Urban Road","Damaged","Daylight","Police Checkpost",107,46,"Female","Expired","No","Intersection",1687,"Sikkim"
"Unknown",2020,"February","Wednesday",1899-12-30 18:48:00.000,"Fatal",1,"Car",10,0,"Foggy","Urban Road","Wet","Dark","Police Checkpost",106,48,"Female","Expired","Yes","Bridge",1728,"Puducherry"
"Unknown",2021,"December","Wednesday",1899-12-30 09:40:00.000,"Fatal",4,"Auto-Rickshaw",2,0,"Foggy","Village Road","Dry","Dark","None",51,63,"Female","Expired","No","Intersection",1730,"Arunachal Pradesh"
"Unknown",2022,"March","Thursday",1899-12-30 16:43:00.000,"Fatal",2,"Auto-Rickshaw",8,5,"Clear","National Highway","Damaged","Dusk","Signs",95,64,"Male","Expired","No","Straight Road",1740,"Chandigarh"
"Unknown",2021,"February","Sunday",1899-12-30 05:08:00.000,"Fatal",1,"Bus",4,0,"Rainy","Village Road","Under Construction","Dawn","Signs",43,42,"Female","Expired","No","Straight Road",1754,"Kerala"
"Unknown",2023,"December","Wednesday",1899-12-30 03:51:00.000,"Fatal",2,"Cycle",9,0,"Stormy","National Highway","Under Construction","Dawn","None",95,56,"Female","Expired","No","Bridge",1777,"Jammu and Kashmir"
"Unknown",2018,"February","Monday",1899-12-30 20:53:00.000,"Fatal",3,"Car",7,3,"Stormy","State Highway","Under Construction","Daylight","Signs",63,43,"Female","Expired","No","Straight Road",1786,"Telangana"
"Unknown",2022,"March","Wednesday",1899-12-30 09:37:00.000,"Fatal",4,"Bus",5,1,"Rainy","National Highway","Damaged","Dawn","Signs",46,38,"Female","Expired","Yes","Intersection",1787,"Kerala"
"Unknown",2018,"December","Friday",1899-12-30 11:49:00.000,"Fatal",4,"Truck",7,5,"Foggy","Urban Road","Under Construction","Daylight","Signals",117,60,"Female","Expired","No","Straight Road",1801,"Sikkim"
"Unknown",2020,"April","Wednesday",1899-12-30 20:41:00.000,"Fatal",5,"Truck",7,0,"Foggy","National Highway","Dry","Dawn","Police Checkpost",62,47,"Female","Expired","Yes","Bridge",1809,"Goa"
"Unknown",2023,"June","Monday",1899-12-30 07:25:00.000,"Fatal",1,"Car",10,2,"Clear","State Highway","Wet","Dawn","None",117,42,"Female","Expired","Yes","Straight Road",1821,"Kerala"
"Unknown",2023,"August","Wednesday",1899-12-30 19:24:00.000,"Fatal",5,"Car",5,0,"Clear","Urban Road","Wet","Dark","Police Checkpost",84,63,"Female","Expired","Yes","Straight Road",1857,"Goa"
"Unknown",2021,"May","Monday",1899-12-30 23:56:00.000,"Fatal",3,"Cycle",9,5,"Rainy","Village Road","Wet","Dawn","Signals",104,22,"Male","Expired","Yes","Bridge",1876,"Madhya Pradesh"
"Unknown",2023,"September","Saturday",1899-12-30 05:14:00.000,"Fatal",2,"Bus",5,0,"Rainy","Village Road","Wet","Dark","Signs",75,41,"Female","Expired","No","Straight Road",1877,"Jharkhand"
"Unknown",2020,"November","Monday",1899-12-30 20:49:00.000,"Fatal",2,"Bus",3,2,"Foggy","Village Road","Damaged","Daylight","Police Checkpost",106,52,"Female","Expired","Yes","Bridge",1886,"Bihar"
"Unknown",2022,"January","Saturday",1899-12-30 16:05:00.000,"Fatal",3,"Auto-Rickshaw",8,5,"Foggy","State Highway","Wet","Dusk","Signs",98,59,"Female","Expired","No","Intersection",1915,"Goa"
"Unknown",2020,"January","Wednesday",1899-12-30 22:36:00.000,"Fatal",3,"Cycle",6,3,"Hazy","Urban Road","Under Construction","Dawn","None",32,26,"Male","Expired","Yes","Bridge",1918,"Haryana"
"Unknown",2022,"November","Saturday",1899-12-30 14:16:00.000,"Fatal",1,"Cycle",6,1,"Hazy","Village Road","Wet","Dark","Signals",31,43,"Male","Expired","No","Bridge",1919,"Jammu and Kashmir"
"Unknown",2023,"April","Sunday",1899-12-30 00:59:00.000,"Fatal",3,"Auto-Rickshaw",8,0,"Clear","Urban Road","Damaged","Dusk","Signs",65,19,"Female","Expired","Yes","Curve",1920,"Mizoram"
"Unknown",2022,"January","Saturday",1899-12-30 07:06:00.000,"Fatal",1,"Auto-Rickshaw",9,1,"Foggy","Village Road","Damaged","Dark","Signals",32,69,"Female","Expired","No","Curve",1927,"Bihar"
"Unknown",2020,"December","Sunday",1899-12-30 14:53:00.000,"Fatal",1,"Bus",2,5,"Hazy","State Highway","Damaged","Daylight","Police Checkpost",96,43,"Male","Expired","No","Curve",1928,"Kerala"
"Unknown",2022,"January","Thursday",1899-12-30 07:51:00.000,"Fatal",5,"Two-Wheeler",10,2,"Hazy","State Highway","Damaged","Dark","Signals",50,33,"Male","Expired","No","Intersection",1940,"Odisha"
"Unknown",2019,"March","Monday",1899-12-30 08:13:00.000,"Fatal",5,"Truck",1,1,"Rainy","Village Road","Under Construction","Dark","Signs",39,52,"Female","Expired","No","Intersection",1943,"Mizoram"
"Unknown",2021,"May","Saturday",1899-12-30 17:07:00.000,"Fatal",2,"Two-Wheeler",6,0,"Foggy","National Highway","Wet","Daylight","Signals",40,27,"Female","Expired","Yes","Intersection",1946,"Chhattisgarh"
"Unknown",2019,"May","Saturday",1899-12-30 11:21:00.000,"Fatal",4,"Two-Wheeler",3,5,"Hazy","Village Road","Damaged","Dawn","Signals",66,18,"Female","Expired","No","Bridge",1957,"Punjab"
"Unknown",2023,"July","Saturday",1899-12-30 07:12:00.000,"Fatal",1,"Truck",5,0,"Rainy","State Highway","Dry","Dawn","Police Checkpost",34,42,"Female","Expired","Yes","Straight Road",1965,"Tripura"
"Unknown",2018,"December","Saturday",1899-12-30 21:33:00.000,"Fatal",5,"Bus",1,0,"Stormy","Village Road","Under Construction","Dark","None",112,34,"Male","Expired","No","Curve",1968,"Punjab"
"Unknown",2022,"August","Sunday",1899-12-30 01:06:00.000,"Fatal",3,"Truck",8,5,"Rainy","National Highway","Wet","Dusk","Signals",114,41,"Male","Expired","No","Bridge",1987,"Madhya Pradesh"
"Unknown",2021,"September","Tuesday",1899-12-30 19:09:00.000,"Fatal",4,"Truck",8,4,"Hazy","Village Road","Under Construction","Dusk","Signals",104,55,"Female","Expired","No","Straight Road",2017,"Haryana"
"Unknown",2021,"January","Thursday",1899-12-30 06:37:00.000,"Fatal",3,"Truck",3,4,"Rainy","Urban Road","Under Construction","Dark","Police Checkpost",117,41,"Male","Expired","Yes","Curve",2025,"Chandigarh"
"Unknown",2023,"October","Sunday",1899-12-30 05:31:00.000,"Fatal",4,"Cycle",5,3,"Clear","Urban Road","Under Construction","Dawn","Police Checkpost",42,43,"Female","Expired","Yes","Intersection",2041,"Himachal Pradesh"
"Unknown",2022,"August","Monday",1899-12-30 19:57:00.000,"Fatal",3,"Auto-Rickshaw",6,2,"Clear","National Highway","Under Construction","Dusk","Signs",37,50,"Male","Expired","Yes","Bridge",2056,"Mizoram"
"Unknown",2022,"March","Thursday",1899-12-30 04:53:00.000,"Fatal",3,"Two-Wheeler",8,5,"Clear","Urban Road","Damaged","Dark","Police Checkpost",46,55,"Female","Expired","Yes","Intersection",2080,"Kerala"
"Unknown",2019,"December","Thursday",1899-12-30 08:29:00.000,"Fatal",3,"Car",8,5,"Stormy","Urban Road","Dry","Dawn","Signals",73,38,"Female","Expired","Yes","Intersection",2084,"Uttarakhand"
"Unknown",2023,"June","Friday",1899-12-30 13:17:00.000,"Fatal",2,"Cycle",7,2,"Rainy","National Highway","Under Construction","Dark","None",61,39,"Male","Expired","Yes","Intersection",2099,"Jammu and Kashmir"
"Unknown",2018,"November","Friday",1899-12-30 13:27:00.000,"Fatal",5,"Truck",8,5,"Hazy","Urban Road","Wet","Dawn","Police Checkpost",86,55,"Female","Expired","No","Straight Road",2165,"Arunachal Pradesh"
"Unknown",2023,"January","Wednesday",1899-12-30 03:17:00.000,"Fatal",1,"Car",7,1,"Stormy","National Highway","Damaged","Dusk","Signs",58,67,"Female","Expired","No","Curve",2219,"Bihar"
"Unknown",2021,"March","Thursday",1899-12-30 22:33:00.000,"Fatal",3,"Truck",0,1,"Rainy","Village Road","Under Construction","Dark","Police Checkpost",91,57,"Female","Expired","Yes","Straight Road",2220,"Bihar"
"Unknown",2021,"March","Thursday",1899-12-30 08:36:00.000,"Fatal",4,"Bus",3,5,"Hazy","Urban Road","Under Construction","Daylight","Police Checkpost",84,49,"Male","Expired","Yes","Bridge",2228,"Puducherry"
"Unknown",2019,"April","Sunday",1899-12-30 07:21:00.000,"Fatal",1,"Bus",3,1,"Clear","Urban Road","Damaged","Daylight","Police Checkpost",34,42,"Male","Expired","Yes","Straight Road",2237,"Assam"
"Unknown",2018,"July","Saturday",1899-12-30 20:00:00.000,"Fatal",3,"Car",6,1,"Foggy","State Highway","Dry","Dark","Signals",42,62,"Female","Expired","Yes","Bridge",2247,"Nagaland"
"Unknown",2020,"February","Saturday",1899-12-30 07:55:00.000,"Fatal",1,"Car",9,0,"Hazy","State Highway","Under Construction","Dawn","Signals",46,53,"Male","Expired","Yes","Curve",2260,"Himachal Pradesh"
"Unknown",2022,"July","Friday",1899-12-30 20:32:00.000,"Fatal",5,"Auto-Rickshaw",3,0,"Hazy","National Highway","Under Construction","Dark","Police Checkpost",77,53,"Female","Expired","No","Bridge",2298,"Telangana"
"Unknown",2023,"July","Friday",1899-12-30 22:17:00.000,"Fatal",3,"Pedestrian",7,3,"Stormy","State Highway","Damaged","Dusk","Police Checkpost",78,57,"Female","Expired","Yes","Bridge",2303,"Punjab"
"Unknown",2018,"October","Wednesday",1899-12-30 21:52:00.000,"Fatal",5,"Two-Wheeler",4,5,"Foggy","State Highway","Under Construction","Dusk","Signs",77,25,"Male","Expired","No","Curve",2314,"Goa"
"Unknown",2022,"August","Monday",1899-12-30 10:14:00.000,"Fatal",1,"Cycle",3,1,"Rainy","National Highway","Damaged","Dark","Signs",62,29,"Female","Expired","No","Straight Road",2331,"Haryana"
"Unknown",2020,"February","Monday",1899-12-30 02:36:00.000,"Fatal",2,"Two-Wheeler",4,2,"Hazy","State Highway","Wet","Dawn","Police Checkpost",117,59,"Male","Expired","Yes","Intersection",2362,"Kerala"
"Unknown",2018,"July","Tuesday",1899-12-30 19:12:00.000,"Fatal",5,"Truck",9,3,"Clear","National Highway","Dry","Dawn","Signals",38,63,"Male","Expired","Yes","Bridge",2384,"Kerala"
"Unknown",2018,"November","Monday",1899-12-30 09:35:00.000,"Fatal",5,"Auto-Rickshaw",7,4,"Rainy","Urban Road","Under Construction","Dark","Signs",78,38,"Female","Expired","Yes","Curve",2390,"Bihar"
"Unknown",2018,"March","Tuesday",1899-12-30 03:22:00.000,"Fatal",3,"Car",4,3,"Rainy","Village Road","Wet","Dark","Signs",69,51,"Male","Expired","Yes","Bridge",2391,"Chandigarh"
"Unknown",2020,"March","Saturday",1899-12-30 23:35:00.000,"Fatal",2,"Truck",10,0,"Foggy","State Highway","Dry","Dark","None",94,47,"Female","Expired","No","Curve",2395,"Sikkim"
"Unknown",2018,"June","Saturday",1899-12-30 00:58:00.000,"Fatal",1,"Truck",5,2,"Stormy","Village Road","Damaged","Dark","Police Checkpost",78,30,"Male","Expired","No","Intersection",2401,"Kerala"
"Unknown",2021,"September","Monday",1899-12-30 19:37:00.000,"Fatal",1,"Cycle",1,0,"Stormy","Urban Road","Dry","Dark","Signals",82,37,"Male","Expired","No","Straight Road",2402,"Jharkhand"
"Unknown",2020,"August","Sunday",1899-12-30 04:53:00.000,"Fatal",1,"Auto-Rickshaw",5,5,"Rainy","State Highway","Damaged","Dawn","Police Checkpost",106,28,"Female","Expired","No","Straight Road",2407,"Nagaland"
"Unknown",2022,"May","Monday",1899-12-30 09:52:00.000,"Fatal",4,"Car",0,2,"Rainy","National Highway","Wet","Daylight","Signs",92,59,"Female","Expired","No","Intersection",2414,"Himachal Pradesh"
"Unknown",2023,"January","Tuesday",1899-12-30 23:45:00.000,"Fatal",1,"Cycle",6,1,"Clear","National Highway","Dry","Dawn","Signs",118,32,"Male","Expired","Yes","Bridge",2418,"Assam"
"Unknown",2021,"October","Monday",1899-12-30 11:52:00.000,"Fatal",4,"Car",0,3,"Hazy","Urban Road","Wet","Dark","Signals",53,22,"Male","Expired","Yes","Curve",2419,"Jammu and Kashmir"
"Unknown",2019,"September","Wednesday",1899-12-30 12:57:00.000,"Fatal",2,"Car",10,3,"Rainy","National Highway","Wet","Daylight","Signals",41,34,"Female","Expired","Yes","Intersection",2430,"Sikkim"
"Unknown",2023,"June","Wednesday",1899-12-30 02:16:00.000,"Fatal",3,"Car",6,0,"Rainy","Urban Road","Wet","Daylight","Police Checkpost",106,29,"Female","Expired","No","Curve",2441,"Meghalaya"
"Unknown",2022,"March","Saturday",1899-12-30 13:16:00.000,"Fatal",2,"Car",8,5,"Clear","National Highway","Wet","Dusk","None",32,62,"Female","Expired","Yes","Curve",2454,"Himachal Pradesh"
"Unknown",2019,"February","Friday",1899-12-30 01:39:00.000,"Fatal",4,"Two-Wheeler",6,4,"Rainy","State Highway","Dry","Dusk","Police Checkpost",112,62,"Female","Expired","Yes","Straight Road",2455,"Punjab"
"Unknown",2023,"July","Thursday",1899-12-30 07:25:00.000,"Fatal",2,"Pedestrian",0,1,"Hazy","National Highway","Damaged","Daylight","Signs",95,66,"Female","Expired","No","Straight Road",2468,"Tripura"
"Unknown",2019,"December","Thursday",1899-12-30 16:58:00.000,"Fatal",3,"Truck",4,3,"Hazy","Village Road","Under Construction","Dusk","Signals",41,45,"Male","Expired","No","Bridge",2469,"Madhya Pradesh"
"Unknown",2019,"February","Sunday",1899-12-30 11:27:00.000,"Fatal",3,"Cycle",3,0,"Rainy","Village Road","Under Construction","Daylight","Signs",108,24,"Female","Expired","Yes","Curve",2477,"Manipur"
"Unknown",2022,"January","Monday",1899-12-30 23:55:00.000,"Fatal",4,"Truck",10,2,"Stormy","National Highway","Wet","Daylight","Police Checkpost",57,34,"Male","Expired","No","Straight Road",2481,"Meghalaya"
"Unknown",2023,"October","Tuesday",1899-12-30 13:25:00.000,"Fatal",4,"Auto-Rickshaw",9,5,"Stormy","Urban Road","Dry","Dark","Police Checkpost",106,31,"Male","Expired","Yes","Straight Road",2522,"Nagaland"
"Unknown",2020,"September","Tuesday",1899-12-30 18:34:00.000,"Fatal",1,"Cycle",1,3,"Rainy","State Highway","Under Construction","Daylight","Signals",94,53,"Female","Expired","Yes","Straight Road",2538,"Chhattisgarh"
"Unknown",2022,"April","Friday",1899-12-30 23:30:00.000,"Fatal",1,"Bus",8,0,"Foggy","Village Road","Wet","Dusk","Signs",56,54,"Male","Expired","No","Intersection",2544,"Goa"
"Unknown",2022,"September","Friday",1899-12-30 21:24:00.000,"Fatal",3,"Car",0,3,"Clear","Village Road","Under Construction","Dusk","Police Checkpost",79,54,"Male","Expired","No","Bridge",2547,"Haryana"
"Unknown",2018,"March","Wednesday",1899-12-30 08:34:00.000,"Fatal",4,"Truck",10,2,"Rainy","Urban Road","Dry","Dark","None",119,58,"Male","Expired","Yes","Bridge",2548,"Mizoram"
"Unknown",2022,"September","Thursday",1899-12-30 04:24:00.000,"Fatal",3,"Truck",8,1,"Stormy","Village Road","Wet","Dusk","Signs",105,35,"Female","Expired","Yes","Bridge",2564,"Punjab"
"Unknown",2019,"February","Friday",1899-12-30 08:08:00.000,"Fatal",4,"Auto-Rickshaw",7,1,"Rainy","National Highway","Damaged","Daylight","Police Checkpost",104,35,"Male","Expired","Yes","Straight Road",2600,"Uttarakhand"
"Unknown",2019,"October","Wednesday",1899-12-30 00:47:00.000,"Fatal",3,"Auto-Rickshaw",5,2,"Stormy","State Highway","Dry","Dark","Signals",112,27,"Female","Expired","No","Bridge",2649,"Chandigarh"
"Unknown",2023,"July","Tuesday",1899-12-30 13:26:00.000,"Fatal",5,"Truck",10,0,"Clear","National Highway","Wet","Dusk","Police Checkpost",34,59,"Male","Expired","No","Straight Road",2650,"Punjab"
"Unknown",2021,"July","Saturday",1899-12-30 00:49:00.000,"Fatal",4,"Bus",2,0,"Hazy","Urban Road","Under Construction","Dark","None",104,59,"Male","Expired","Yes","Intersection",2679,"Odisha"
"Unknown",2023,"March","Wednesday",1899-12-30 11:58:00.000,"Fatal",4,"Car",3,1,"Hazy","State Highway","Under Construction","Dark","Police Checkpost",41,46,"Female","Expired","Yes","Straight Road",2736,"Himachal Pradesh"
"Unknown",2019,"August","Wednesday",1899-12-30 22:24:00.000,"Fatal",4,"Auto-Rickshaw",6,5,"Stormy","National Highway","Damaged","Dusk","Police Checkpost",50,47,"Male","Expired","Yes","Straight Road",2753,"Manipur"
"Unknown",2023,"October","Monday",1899-12-30 07:37:00.000,"Fatal",5,"Bus",9,1,"Foggy","State Highway","Dry","Dark","None",63,40,"Female","Expired","Yes","Straight Road",2759,"Nagaland"
"Unknown",2022,"February","Saturday",1899-12-30 07:44:00.000,"Fatal",4,"Car",3,1,"Hazy","Urban Road","Under Construction","Daylight","Police Checkpost",39,54,"Female","Expired","No","Intersection",2775,"Haryana"
"Unknown",2018,"August","Friday",1899-12-30 19:11:00.000,"Fatal",3,"Cycle",7,4,"Rainy","Village Road","Dry","Dawn","Signals",75,46,"Male","Expired","Yes","Intersection",2776,"Meghalaya"
"Unknown",2019,"July","Thursday",1899-12-30 19:33:00.000,"Fatal",4,"Cycle",1,0,"Rainy","State Highway","Wet","Dusk","None",102,40,"Male","Expired","No","Curve",2784,"Nagaland"
"Unknown",2022,"July","Saturday",1899-12-30 18:08:00.000,"Fatal",1,"Auto-Rickshaw",9,1,"Foggy","Urban Road","Under Construction","Daylight","Police Checkpost",83,33,"Female","Expired","No","Intersection",2821,"Chhattisgarh"
"Unknown",2019,"June","Tuesday",1899-12-30 13:14:00.000,"Fatal",4,"Car",3,4,"Rainy","State Highway","Under Construction","Dark","Police Checkpost",113,31,"Female","Expired","No","Straight Road",2825,"Odisha"
"Unknown",2022,"April","Saturday",1899-12-30 13:02:00.000,"Fatal",3,"Cycle",4,2,"Foggy","National Highway","Wet","Daylight","Signs",66,32,"Female","Expired","No","Straight Road",2826,"Uttarakhand"
"Unknown",2020,"August","Saturday",1899-12-30 08:35:00.000,"Fatal",3,"Cycle",5,2,"Foggy","National Highway","Under Construction","Dark","Police Checkpost",70,19,"Male","Expired","Yes","Curve",2832,"Mizoram"
"Unknown",2022,"May","Thursday",1899-12-30 01:19:00.000,"Fatal",4,"Car",4,2,"Rainy","Village Road","Under Construction","Daylight","Police Checkpost",100,26,"Female","Expired","No","Straight Road",2838,"Puducherry"
"Unknown",2020,"July","Thursday",1899-12-30 23:07:00.000,"Fatal",5,"Bus",10,5,"Stormy","State Highway","Dry","Daylight","Police Checkpost",115,38,"Male","Expired","Yes","Intersection",2851,"Meghalaya"
"Unknown",2019,"July","Friday",1899-12-30 22:20:00.000,"Fatal",5,"Truck",1,5,"Clear","National Highway","Damaged","Daylight","Signs",87,57,"Female","Expired","Yes","Curve",2856,"Kerala"
"Unknown",2018,"June","Monday",1899-12-30 07:38:00.000,"Fatal",1,"Cycle",1,4,"Foggy","National Highway","Wet","Dark","Police Checkpost",80,46,"Male","Expired","Yes","Intersection",2873,"Telangana"
"Unknown",2019,"December","Tuesday",1899-12-30 07:49:00.000,"Fatal",1,"Car",2,0,"Stormy","Urban Road","Dry","Daylight","None",49,45,"Male","Expired","Yes","Straight Road",2897,"Madhya Pradesh"
"Unknown",2022,"May","Wednesday",1899-12-30 06:27:00.000,"Fatal",5,"Bus",0,3,"Hazy","State Highway","Wet","Dawn","Signs",120,53,"Female","Expired","No","Intersection",2981,"Meghalaya"
"Unknown",2018,"March","Sunday",1899-12-30 10:16:00.000,"Fatal",3,"Car",8,4,"Hazy","State Highway","Wet","Dark","Police Checkpost",76,33,"Male","Expired","No","Intersection",2983,"Uttarakhand"
"Unknown",2021,"February","Monday",1899-12-30 10:47:00.000,"Fatal",5,"Cycle",5,4,"Hazy","Urban Road","Dry","Daylight","Signs",78,56,"Female","Expired","No","Intersection",2995,"Uttarakhand"
"Unknown",2023,"June","Sunday",1899-12-30 20:54:00.000,"Fatal",1,"Cycle",9,2,"Stormy","Urban Road","Under Construction","Daylight","Signs",60,28,"Female","Expired","Yes","Bridge",2999,"Meghalaya"
"Unknown",2019,"March","Friday",1899-12-30 15:42:00.000,"Serious",2,"Bus",8,0,"Stormy","Village Road","Wet","Daylight","Signals",83,31,"Female","Expired","No","Curve",29,"Chandigarh"
"Unknown",2021,"February","Thursday",1899-12-30 20:23:00.000,"Serious",1,"Auto-Rickshaw",5,0,"Foggy","Urban Road","Wet","Dark","None",61,35,"Male","Expired","No","Straight Road",67,"Uttarakhand"
"Unknown",2018,"April","Tuesday",1899-12-30 02:42:00.000,"Serious",5,"Auto-Rickshaw",6,2,"Hazy","State Highway","Under Construction","Dawn","Signs",94,45,"Female","Expired","Yes","Straight Road",74,"Meghalaya"
"Unknown",2018,"October","Tuesday",1899-12-30 11:17:00.000,"Serious",2,"Bus",4,3,"Clear","Village Road","Under Construction","Daylight","Signs",73,18,"Female","Expired","No","Curve",91,"Madhya Pradesh"
"Unknown",2018,"August","Sunday",1899-12-30 14:45:00.000,"Serious",1,"Cycle",3,1,"Rainy","Village Road","Wet","Daylight","Signals",74,57,"Male","Expired","No","Curve",94,"Punjab"
"Unknown",2021,"May","Monday",1899-12-30 03:50:00.000,"Serious",3,"Truck",9,5,"Rainy","State Highway","Under Construction","Dusk","Signs",83,34,"Female","Expired","Yes","Intersection",115,"Mizoram"
"Unknown",2019,"September","Friday",1899-12-30 08:19:00.000,"Serious",2,"Two-Wheeler",4,4,"Stormy","Village Road","Damaged","Dark","Signals",68,43,"Male","Expired","Yes","Curve",139,"Odisha"
"Unknown",2019,"May","Sunday",1899-12-30 20:55:00.000,"Serious",3,"Truck",7,0,"Clear","National Highway","Under Construction","Dark","Signals",100,31,"Female","Expired","No","Bridge",168,"Assam"
"Unknown",2018,"April","Wednesday",1899-12-30 20:12:00.000,"Serious",1,"Bus",8,3,"Foggy","National Highway","Damaged","Dawn","None",90,43,"Female","Expired","No","Curve",193,"Tripura"
"Unknown",2021,"November","Saturday",1899-12-30 19:19:00.000,"Serious",2,"Truck",1,0,"Hazy","Urban Road","Under Construction","Dawn","Signs",67,33,"Female","Expired","Yes","Straight Road",226,"Punjab"
"Unknown",2021,"August","Thursday",1899-12-30 13:11:00.000,"Serious",1,"Auto-Rickshaw",0,4,"Clear","State Highway","Wet","Dusk","Police Checkpost",59,60,"Male","Expired","Yes","Straight Road",235,"Sikkim"
"Unknown",2023,"December","Wednesday",1899-12-30 21:33:00.000,"Serious",3,"Auto-Rickshaw",4,2,"Clear","Village Road","Under Construction","Dark","Signs",86,67,"Female","Expired","No","Straight Road",236,"Puducherry"
"Unknown",2020,"January","Monday",1899-12-30 08:09:00.000,"Serious",5,"Truck",2,4,"Stormy","State Highway","Wet","Dusk","None",85,52,"Male","Expired","Yes","Bridge",243,"Punjab"
"Unknown",2022,"January","Saturday",1899-12-30 02:23:00.000,"Serious",4,"Two-Wheeler",3,5,"Hazy","National Highway","Under Construction","Dusk","Police Checkpost",103,29,"Male","Expired","No","Curve",255,"Jammu and Kashmir"
"Unknown",2018,"July","Friday",1899-12-30 06:40:00.000,"Serious",5,"Cycle",3,0,"Hazy","State Highway","Damaged","Dusk","Signs",61,18,"Male","Expired","Yes","Bridge",260,"Uttarakhand"
"Unknown",2023,"May","Tuesday",1899-12-30 00:12:00.000,"Serious",4,"Truck",7,0,"Foggy","Village Road","Under Construction","Daylight","None",103,70,"Female","Expired","Yes","Curve",289,"Assam"
"Unknown",2020,"August","Friday",1899-12-30 08:34:00.000,"Serious",4,"Two-Wheeler",8,4,"Rainy","National Highway","Wet","Dark","Police Checkpost",73,70,"Male","Expired","No","Curve",313,"Sikkim"
"Unknown",2020,"June","Sunday",1899-12-30 13:47:00.000,"Serious",1,"Auto-Rickshaw",10,2,"Hazy","Village Road","Wet","Dusk","Signals",40,60,"Female","Expired","No","Bridge",327,"Nagaland"
"Unknown",2021,"March","Saturday",1899-12-30 03:39:00.000,"Serious",2,"Bus",6,4,"Hazy","Village Road","Under Construction","Dark","Signals",30,66,"Male","Expired","No","Curve",348,"Goa"
"Unknown",2020,"May","Wednesday",1899-12-30 16:58:00.000,"Serious",2,"Auto-Rickshaw",2,5,"Clear","Village Road","Wet","Dusk","Police Checkpost",107,60,"Female","Expired","No","Bridge",350,"Chandigarh"
"Unknown",2019,"October","Wednesday",1899-12-30 02:18:00.000,"Serious",5,"Two-Wheeler",6,5,"Clear","State Highway","Under Construction","Dusk","None",64,29,"Male","Expired","No","Bridge",402,"Jharkhand"
"Unknown",2021,"March","Thursday",1899-12-30 22:06:00.000,"Serious",5,"Truck",5,3,"Hazy","National Highway","Damaged","Daylight","None",50,45,"Female","Expired","Yes","Intersection",440,"Punjab"
"Unknown",2021,"May","Monday",1899-12-30 00:09:00.000,"Serious",3,"Cycle",6,5,"Clear","State Highway","Wet","Dawn","Signals",108,27,"Female","Expired","No","Bridge",461,"Mizoram"
"Unknown",2018,"August","Wednesday",1899-12-30 07:02:00.000,"Serious",4,"Bus",10,2,"Hazy","National Highway","Wet","Daylight","None",45,64,"Female","Expired","No","Bridge",479,"Jammu and Kashmir"
"Unknown",2021,"June","Wednesday",1899-12-30 21:12:00.000,"Serious",3,"Two-Wheeler",1,5,"Stormy","National Highway","Under Construction","Dawn","Signs",111,43,"Female","Expired","Yes","Intersection",482,"Mizoram"
"Unknown",2020,"October","Thursday",1899-12-30 04:23:00.000,"Serious",1,"Bus",9,5,"Foggy","National Highway","Damaged","Dusk","Police Checkpost",108,40,"Male","Expired","Yes","Straight Road",532,"Jharkhand"
"Unknown",2023,"September","Wednesday",1899-12-30 12:05:00.000,"Serious",1,"Auto-Rickshaw",8,1,"Rainy","Village Road","Damaged","Dark","None",80,20,"Male","Expired","No","Bridge",537,"Goa"
"Unknown",2022,"March","Sunday",1899-12-30 03:56:00.000,"Serious",2,"Car",4,4,"Stormy","Urban Road","Wet","Dark","Signals",49,34,"Male","Expired","No","Intersection",544,"Manipur"
"Unknown",2018,"November","Monday",1899-12-30 03:33:00.000,"Serious",5,"Car",8,5,"Rainy","State Highway","Damaged","Dusk","Signals",38,45,"Female","Expired","Yes","Curve",547,"Meghalaya"
"Unknown",2022,"November","Thursday",1899-12-30 14:39:00.000,"Serious",1,"Pedestrian",8,4,"Rainy","National Highway","Wet","Dawn","Signs",66,24,"Female","Expired","Yes","Straight Road",579,"Meghalaya"
"Unknown",2019,"August","Sunday",1899-12-30 17:49:00.000,"Serious",4,"Auto-Rickshaw",7,3,"Rainy","State Highway","Wet","Dusk","Signs",118,38,"Female","Expired","Yes","Intersection",611,"Mizoram"
"Unknown",2022,"February","Friday",1899-12-30 18:39:00.000,"Serious",1,"Pedestrian",5,1,"Hazy","Urban Road","Under Construction","Dusk","Signals",74,50,"Male","Expired","No","Curve",619,"Uttarakhand"
"Unknown",2021,"August","Tuesday",1899-12-30 04:25:00.000,"Serious",5,"Two-Wheeler",8,3,"Stormy","Village Road","Wet","Dusk","Police Checkpost",116,67,"Male","Expired","No","Straight Road",662,"Uttarakhand"
"Unknown",2021,"December","Thursday",1899-12-30 17:05:00.000,"Serious",1,"Auto-Rickshaw",9,2,"Hazy","Village Road","Under Construction","Daylight","Police Checkpost",61,32,"Male","Expired","Yes","Straight Road",664,"Arunachal Pradesh"
"Unknown",2022,"February","Sunday",1899-12-30 15:38:00.000,"Serious",4,"Bus",10,4,"Hazy","National Highway","Damaged","Dawn","Signs",120,35,"Male","Expired","No","Intersection",669,"Madhya Pradesh"
"Unknown",2020,"August","Monday",1899-12-30 04:33:00.000,"Serious",2,"Auto-Rickshaw",9,1,"Clear","National Highway","Damaged","Dusk","Signs",51,25,"Male","Expired","No","Curve",673,"Sikkim"
"Unknown",2019,"March","Friday",1899-12-30 17:16:00.000,"Serious",2,"Pedestrian",9,3,"Stormy","Village Road","Under Construction","Daylight","None",55,36,"Female","Expired","No","Straight Road",737,"Jharkhand"
"Unknown",2021,"February","Friday",1899-12-30 05:46:00.000,"Serious",1,"Two-Wheeler",0,3,"Stormy","National Highway","Wet","Dusk","None",88,67,"Male","Expired","Yes","Bridge",773,"Assam"
"Unknown",2020,"March","Thursday",1899-12-30 19:29:00.000,"Serious",1,"Two-Wheeler",10,2,"Foggy","State Highway","Under Construction","Dark","None",119,27,"Female","Expired","Yes","Curve",802,"Meghalaya"
"Unknown",2022,"January","Saturday",1899-12-30 16:40:00.000,"Serious",1,"Car",8,2,"Hazy","Village Road","Wet","Dawn","None",109,51,"Female","Expired","No","Intersection",813,"Chhattisgarh"
"Unknown",2020,"December","Monday",1899-12-30 05:34:00.000,"Serious",5,"Cycle",4,2,"Hazy","Urban Road","Wet","Daylight","Police Checkpost",43,40,"Female","Expired","No","Curve",828,"Bihar"
"Unknown",2019,"September","Monday",1899-12-30 16:12:00.000,"Serious",4,"Bus",6,5,"Hazy","Urban Road","Under Construction","Daylight","Signs",44,68,"Female","Expired","Yes","Straight Road",842,"Odisha"
"Unknown",2019,"November","Sunday",1899-12-30 20:56:00.000,"Serious",2,"Pedestrian",3,2,"Clear","National Highway","Wet","Daylight","Signals",50,54,"Male","Expired","Yes","Bridge",860,"Arunachal Pradesh"
"Unknown",2023,"May","Monday",1899-12-30 13:06:00.000,"Serious",1,"Auto-Rickshaw",3,5,"Rainy","Village Road","Damaged","Dark","Police Checkpost",55,45,"Female","Expired","Yes","Bridge",869,"Telangana"
"Unknown",2021,"June","Thursday",1899-12-30 16:41:00.000,"Serious",5,"Bus",5,2,"Rainy","Urban Road","Under Construction","Daylight","None",82,70,"Female","Expired","Yes","Curve",872,"Odisha"
"Unknown",2023,"August","Sunday",1899-12-30 07:19:00.000,"Serious",4,"Car",0,1,"Stormy","State Highway","Wet","Dusk","Signs",59,23,"Male","Expired","Yes","Intersection",939,"Sikkim"
"Unknown",2019,"March","Friday",1899-12-30 13:38:00.000,"Serious",4,"Two-Wheeler",1,4,"Stormy","Village Road","Wet","Dark","Signals",39,53,"Male","Expired","No","Straight Road",981,"Chandigarh"
"Unknown",2019,"June","Friday",1899-12-30 01:48:00.000,"Serious",4,"Truck",0,4,"Foggy","National Highway","Damaged","Dusk","Signals",36,25,"Male","Expired","No","Curve",990,"Assam"
"Unknown",2020,"February","Monday",1899-12-30 12:47:00.000,"Serious",2,"Truck",9,1,"Clear","Village Road","Under Construction","Dusk","None",41,22,"Male","Expired","No","Intersection",997,"Jammu and Kashmir"
"Unknown",2022,"July","Monday",1899-12-30 13:06:00.000,"Serious",4,"Auto-Rickshaw",9,1,"Foggy","National Highway","Wet","Dusk","Police Checkpost",119,60,"Male","Expired","No","Bridge",1048,"Tripura"
"Unknown",2020,"May","Friday",1899-12-30 07:42:00.000,"Serious",1,"Truck",10,3,"Rainy","Urban Road","Wet","Dawn","Police Checkpost",52,32,"Female","Expired","No","Intersection",1066,"Arunachal Pradesh"
"Unknown",2020,"March","Wednesday",1899-12-30 06:11:00.000,"Serious",1,"Two-Wheeler",1,4,"Stormy","National Highway","Damaged","Dusk","Signs",66,30,"Female","Expired","No","Straight Road",1069,"Chandigarh"
"Unknown",2021,"June","Friday",1899-12-30 03:25:00.000,"Serious",3,"Car",0,3,"Stormy","State Highway","Under Construction","Dusk","Signs",107,66,"Male","Expired","No","Intersection",1094,"Jammu and Kashmir"
"Unknown",2019,"May","Thursday",1899-12-30 08:29:00.000,"Serious",4,"Pedestrian",10,0,"Rainy","National Highway","Wet","Dawn","None",49,56,"Female","Expired","No","Intersection",1142,"Himachal Pradesh"
"Unknown",2019,"December","Monday",1899-12-30 16:30:00.000,"Serious",4,"Auto-Rickshaw",5,2,"Clear","State Highway","Wet","Daylight","Signals",100,59,"Female","Expired","Yes","Intersection",1143,"Punjab"
"Unknown",2021,"May","Monday",1899-12-30 09:54:00.000,"Serious",2,"Pedestrian",0,5,"Rainy","State Highway","Under Construction","Daylight","Police Checkpost",114,30,"Female","Expired","Yes","Straight Road",1146,"Kerala"
"Unknown",2018,"April","Sunday",1899-12-30 05:44:00.000,"Serious",2,"Car",5,5,"Rainy","Urban Road","Under Construction","Daylight","Police Checkpost",118,56,"Male","Expired","No","Intersection",1153,"Assam"
"Unknown",2021,"June","Thursday",1899-12-30 03:35:00.000,"Serious",5,"Auto-Rickshaw",0,5,"Stormy","State Highway","Under Construction","Dusk","None",51,29,"Male","Expired","Yes","Bridge",1179,"Odisha"
"Unknown",2018,"August","Wednesday",1899-12-30 17:43:00.000,"Serious",3,"Car",5,0,"Clear","National Highway","Wet","Dark","None",120,47,"Male","Expired","Yes","Intersection",1197,"Sikkim"
"Unknown",2018,"November","Sunday",1899-12-30 07:10:00.000,"Serious",5,"Auto-Rickshaw",7,0,"Foggy","Village Road","Under Construction","Dusk","Signs",54,19,"Male","Expired","Yes","Intersection",1209,"Chandigarh"
"Unknown",2020,"September","Wednesday",1899-12-30 04:08:00.000,"Serious",2,"Auto-Rickshaw",2,4,"Rainy","Village Road","Damaged","Dusk","Signs",70,34,"Female","Expired","No","Bridge",1213,"Jharkhand"
"Unknown",2021,"June","Thursday",1899-12-30 16:55:00.000,"Serious",2,"Pedestrian",3,1,"Clear","Village Road","Damaged","Dawn","Signs",108,57,"Female","Expired","Yes","Bridge",1247,"Kerala"
"Unknown",2019,"August","Sunday",1899-12-30 00:28:00.000,"Serious",2,"Auto-Rickshaw",8,2,"Clear","Village Road","Damaged","Dusk","None",36,24,"Male","Expired","Yes","Straight Road",1281,"Chhattisgarh"
"Unknown",2023,"February","Monday",1899-12-30 00:06:00.000,"Serious",5,"Auto-Rickshaw",2,1,"Rainy","Village Road","Wet","Dawn","Police Checkpost",52,50,"Male","Expired","Yes","Bridge",1346,"Jammu and Kashmir"
"Unknown",2020,"March","Wednesday",1899-12-30 17:12:00.000,"Serious",2,"Pedestrian",8,5,"Rainy","Urban Road","Under Construction","Dawn","Police Checkpost",113,34,"Female","Expired","No","Intersection",1373,"Haryana"
"Unknown",2019,"October","Wednesday",1899-12-30 13:54:00.000,"Serious",5,"Truck",7,2,"Clear","Urban Road","Wet","Dawn","Signals",103,43,"Female","Expired","Yes","Bridge",1379,"Jammu and Kashmir"
"Unknown",2018,"April","Monday",1899-12-30 19:54:00.000,"Serious",4,"Two-Wheeler",2,3,"Clear","Urban Road","Under Construction","Dawn","Signs",110,50,"Female","Expired","No","Bridge",1381,"Tripura"
"Unknown",2021,"February","Friday",1899-12-30 15:04:00.000,"Serious",2,"Car",8,0,"Stormy","National Highway","Damaged","Dusk","Signs",32,60,"Male","Expired","Yes","Intersection",1386,"Bihar"
"Unknown",2022,"September","Friday",1899-12-30 23:52:00.000,"Serious",4,"Auto-Rickshaw",8,3,"Hazy","Village Road","Wet","Dawn","None",64,54,"Female","Expired","Yes","Bridge",1389,"Manipur"
"Unknown",2022,"February","Saturday",1899-12-30 06:08:00.000,"Serious",2,"Car",5,4,"Foggy","Village Road","Wet","Dark","Police Checkpost",47,37,"Male","Expired","Yes","Curve",1396,"Arunachal Pradesh"
"Unknown",2023,"January","Tuesday",1899-12-30 16:13:00.000,"Serious",1,"Car",10,3,"Foggy","State Highway","Wet","Dark","None",102,33,"Male","Expired","No","Straight Road",1402,"Telangana"
"Unknown",2020,"April","Friday",1899-12-30 21:30:00.000,"Serious",5,"Cycle",7,5,"Hazy","Village Road","Wet","Dusk","Signals",54,37,"Female","Expired","No","Intersection",1405,"Puducherry"
"Unknown",2023,"January","Saturday",1899-12-30 19:53:00.000,"Serious",3,"Cycle",1,2,"Hazy","Urban Road","Under Construction","Dawn","Police Checkpost",67,36,"Female","Expired","No","Curve",1418,"Chandigarh"
"Unknown",2023,"October","Tuesday",1899-12-30 07:49:00.000,"Serious",1,"Bus",8,3,"Hazy","Urban Road","Damaged","Dark","Signals",119,64,"Male","Expired","Yes","Bridge",1435,"Kerala"
"Unknown",2022,"July","Saturday",1899-12-30 06:37:00.000,"Serious",2,"Car",2,2,"Foggy","National Highway","Under Construction","Dawn","Signs",120,46,"Female","Expired","No","Intersection",1437,"Jharkhand"
"Unknown",2021,"January","Wednesday",1899-12-30 14:53:00.000,"Serious",4,"Bus",9,1,"Rainy","Urban Road","Wet","Daylight","Signals",103,58,"Female","Expired","No","Intersection",1443,"Tripura"
"Unknown",2020,"June","Wednesday",1899-12-30 20:34:00.000,"Serious",2,"Auto-Rickshaw",9,5,"Clear","National Highway","Wet","Dawn","None",53,45,"Male","Expired","Yes","Bridge",1447,"Kerala"
"Unknown",2022,"November","Sunday",1899-12-30 09:38:00.000,"Serious",4,"Truck",1,3,"Stormy","Village Road","Wet","Dark","Signs",83,42,"Female","Expired","Yes","Straight Road",1462,"Manipur"
"Unknown",2018,"January","Monday",1899-12-30 16:51:00.000,"Serious",4,"Two-Wheeler",9,3,"Clear","National Highway","Damaged","Dusk","None",114,26,"Male","Expired","Yes","Bridge",1498,"Chandigarh"
"Unknown",2022,"July","Wednesday",1899-12-30 20:23:00.000,"Serious",1,"Truck",0,5,"Hazy","Urban Road","Wet","Daylight","None",50,30,"Male","Expired","No","Intersection",1525,"Manipur"
"Unknown",2019,"June","Sunday",1899-12-30 23:32:00.000,"Serious",5,"Truck",4,4,"Rainy","National Highway","Damaged","Daylight","Police Checkpost",76,46,"Female","Expired","No","Intersection",1540,"Jharkhand"
"Unknown",2020,"July","Monday",1899-12-30 12:31:00.000,"Serious",5,"Pedestrian",7,5,"Foggy","Village Road","Under Construction","Dawn","Signals",69,56,"Female","Expired","Yes","Straight Road",1542,"Telangana"
"Unknown",2020,"February","Saturday",1899-12-30 20:55:00.000,"Serious",1,"Truck",7,2,"Foggy","Village Road","Damaged","Dusk","Police Checkpost",58,53,"Male","Expired","No","Curve",1551,"Bihar"
"Unknown",2021,"July","Thursday",1899-12-30 15:42:00.000,"Serious",4,"Two-Wheeler",6,2,"Foggy","Urban Road","Wet","Dawn","Police Checkpost",88,49,"Male","Expired","No","Straight Road",1564,"Punjab"
"Unknown",2022,"October","Monday",1899-12-30 01:45:00.000,"Serious",2,"Bus",2,2,"Hazy","National Highway","Damaged","Dark","Signs",94,56,"Female","Expired","No","Intersection",1573,"Himachal Pradesh"
"Unknown",2019,"September","Saturday",1899-12-30 10:10:00.000,"Serious",4,"Auto-Rickshaw",4,1,"Hazy","Urban Road","Under Construction","Dark","None",57,52,"Male","Expired","No","Intersection",1597,"Mizoram"
"Unknown",2020,"December","Sunday",1899-12-30 22:39:00.000,"Serious",3,"Bus",0,5,"Hazy","National Highway","Under Construction","Dark","None",51,34,"Male","Expired","Yes","Bridge",1698,"Jammu and Kashmir"
"Unknown",2023,"September","Thursday",1899-12-30 05:38:00.000,"Serious",1,"Auto-Rickshaw",6,0,"Rainy","State Highway","Damaged","Daylight","Signals",52,33,"Male","Expired","Yes","Intersection",1711,"Puducherry"
"Unknown",2022,"October","Friday",1899-12-30 00:30:00.000,"Serious",5,"Cycle",7,5,"Foggy","National Highway","Under Construction","Dawn","Police Checkpost",55,63,"Male","Expired","No","Curve",1734,"Chhattisgarh"
"Unknown",2018,"March","Wednesday",1899-12-30 20:02:00.000,"Serious",2,"Two-Wheeler",1,3,"Clear","National Highway","Wet","Dusk","None",92,21,"Male","Expired","Yes","Straight Road",1761,"Chandigarh"
"Unknown",2021,"August","Monday",1899-12-30 21:34:00.000,"Serious",4,"Bus",5,1,"Stormy","State Highway","Damaged","Dark","Police Checkpost",91,69,"Female","Expired","Yes","Curve",1762,"Himachal Pradesh"
"Unknown",2018,"May","Wednesday",1899-12-30 13:46:00.000,"Serious",2,"Bus",4,0,"Rainy","Village Road","Under Construction","Dusk","None",99,68,"Male","Expired","No","Intersection",1799,"Goa"
"Unknown",2019,"February","Sunday",1899-12-30 07:43:00.000,"Serious",3,"Two-Wheeler",7,1,"Foggy","State Highway","Under Construction","Dawn","Signs",85,29,"Male","Expired","Yes","Intersection",1825,"Odisha"
"Unknown",2023,"September","Saturday",1899-12-30 07:48:00.000,"Serious",4,"Bus",7,1,"Clear","Urban Road","Damaged","Dusk","None",44,59,"Male","Expired","Yes","Bridge",1827,"Jharkhand"
"Unknown",2018,"August","Friday",1899-12-30 03:41:00.000,"Serious",1,"Pedestrian",0,1,"Foggy","Village Road","Under Construction","Daylight","None",91,68,"Male","Expired","No","Bridge",1870,"Odisha"
"Unknown",2020,"February","Monday",1899-12-30 07:43:00.000,"Serious",4,"Two-Wheeler",10,5,"Foggy","National Highway","Wet","Dusk","Signs",81,50,"Male","Expired","No","Straight Road",1871,"Assam"
"Unknown",2019,"February","Sunday",1899-12-30 18:06:00.000,"Serious",1,"Car",6,5,"Rainy","State Highway","Under Construction","Daylight","None",44,20,"Male","Expired","No","Straight Road",1916,"Uttarakhand"
"Unknown",2018,"August","Tuesday",1899-12-30 07:41:00.000,"Serious",4,"Pedestrian",1,2,"Foggy","Village Road","Damaged","Dawn","None",30,69,"Male","Expired","Yes","Intersection",1953,"Punjab"
"Unknown",2019,"May","Monday",1899-12-30 19:01:00.000,"Serious",3,"Auto-Rickshaw",8,0,"Foggy","Village Road","Damaged","Dark","Signals",99,43,"Male","Expired","Yes","Curve",1959,"Puducherry"
"Unknown",2023,"June","Saturday",1899-12-30 02:50:00.000,"Serious",1,"Pedestrian",7,4,"Rainy","Village Road","Under Construction","Dark","Signals",89,55,"Male","Expired","No","Straight Road",2001,"Tripura"
"Unknown",2022,"July","Wednesday",1899-12-30 02:03:00.000,"Serious",4,"Auto-Rickshaw",10,3,"Rainy","Village Road","Damaged","Dawn","Police Checkpost",87,54,"Female","Expired","No","Curve",2011,"Jharkhand"
"Unknown",2022,"July","Wednesday",1899-12-30 04:35:00.000,"Serious",3,"Bus",1,1,"Hazy","State Highway","Damaged","Dusk","Signals",93,50,"Male","Expired","Yes","Curve",2018,"Jammu and Kashmir"
"Unknown",2022,"July","Thursday",1899-12-30 08:45:00.000,"Serious",1,"Car",1,3,"Foggy","Urban Road","Wet","Daylight","Signs",93,61,"Female","Expired","No","Intersection",2048,"Nagaland"
"Unknown",2022,"November","Monday",1899-12-30 11:58:00.000,"Serious",3,"Auto-Rickshaw",1,4,"Stormy","National Highway","Under Construction","Dark","Signals",36,21,"Male","Expired","Yes","Straight Road",2071,"Nagaland"
"Unknown",2023,"April","Sunday",1899-12-30 04:58:00.000,"Serious",2,"Auto-Rickshaw",6,4,"Rainy","National Highway","Damaged","Dawn","Signals",104,41,"Female","Expired","Yes","Straight Road",2081,"Assam"
"Unknown",2018,"April","Monday",1899-12-30 12:17:00.000,"Serious",1,"Pedestrian",10,0,"Foggy","State Highway","Damaged","Daylight","Signals",90,48,"Male","Expired","No","Intersection",2094,"Manipur"
"Unknown",2018,"December","Sunday",1899-12-30 16:46:00.000,"Serious",1,"Bus",6,1,"Rainy","Village Road","Damaged","Dark","Signals",92,18,"Male","Expired","No","Bridge",2126,"Haryana"
"Unknown",2020,"April","Thursday",1899-12-30 09:42:00.000,"Serious",4,"Auto-Rickshaw",6,3,"Hazy","Urban Road","Under Construction","Dusk","Signs",114,45,"Female","Expired","Yes","Straight Road",2142,"Goa"
"Unknown",2022,"November","Tuesday",1899-12-30 18:17:00.000,"Serious",4,"Cycle",6,0,"Stormy","Village Road","Under Construction","Dark","Signals",112,47,"Male","Expired","Yes","Curve",2156,"Arunachal Pradesh"
"Unknown",2020,"November","Monday",1899-12-30 07:34:00.000,"Serious",3,"Truck",4,2,"Clear","National Highway","Damaged","Dark","Police Checkpost",42,25,"Female","Expired","Yes","Curve",2160,"Assam"
"Unknown",2022,"August","Wednesday",1899-12-30 23:00:00.000,"Serious",4,"Car",5,3,"Hazy","Village Road","Under Construction","Dark","None",80,22,"Female","Expired","Yes","Curve",2172,"Sikkim"
"Unknown",2023,"August","Wednesday",1899-12-30 23:40:00.000,"Serious",1,"Pedestrian",0,1,"Stormy","National Highway","Wet","Dark","Signs",65,41,"Female","Expired","No","Intersection",2199,"Arunachal Pradesh"
"Unknown",2018,"August","Monday",1899-12-30 13:44:00.000,"Serious",3,"Truck",5,2,"Rainy","State Highway","Damaged","Dawn","None",81,57,"Male","Expired","Yes","Curve",2206,"Kerala"
"Unknown",2019,"November","Tuesday",1899-12-30 10:03:00.000,"Serious",4,"Bus",4,0,"Clear","State Highway","Damaged","Dawn","None",49,31,"Female","Expired","Yes","Bridge",2223,"Chandigarh"
"Unknown",2019,"May","Monday",1899-12-30 03:24:00.000,"Serious",4,"Two-Wheeler",4,0,"Clear","Urban Road","Wet","Daylight","Signs",78,38,"Female","Expired","No","Curve",2227,"Sikkim"
"Unknown",2018,"February","Wednesday",1899-12-30 04:55:00.000,"Serious",4,"Pedestrian",2,0,"Rainy","State Highway","Under Construction","Dawn","Police Checkpost",119,59,"Female","Expired","No","Bridge",2239,"Bihar"
"Unknown",2020,"April","Monday",1899-12-30 10:35:00.000,"Serious",4,"Bus",7,4,"Foggy","Village Road","Wet","Dusk","Signs",88,18,"Male","Expired","No","Intersection",2246,"Tripura"
"Unknown",2022,"March","Thursday",1899-12-30 18:37:00.000,"Serious",5,"Pedestrian",10,2,"Hazy","State Highway","Under Construction","Daylight","Police Checkpost",90,66,"Male","Expired","Yes","Intersection",2253,"Manipur"
"Unknown",2018,"October","Saturday",1899-12-30 14:10:00.000,"Serious",5,"Auto-Rickshaw",8,2,"Rainy","State Highway","Wet","Dawn","Signs",90,39,"Male","Expired","Yes","Curve",2261,"Arunachal Pradesh"
"Unknown",2020,"May","Monday",1899-12-30 21:51:00.000,"Serious",4,"Truck",2,2,"Foggy","Urban Road","Under Construction","Dark","Police Checkpost",104,57,"Male","Expired","Yes","Straight Road",2267,"Goa"
"Unknown",2023,"April","Sunday",1899-12-30 04:10:00.000,"Serious",5,"Bus",8,1,"Clear","Village Road","Damaged","Dark","Signs",113,37,"Female","Expired","Yes","Straight Road",2276,"Himachal Pradesh"
"Unknown",2021,"February","Tuesday",1899-12-30 17:07:00.000,"Serious",2,"Cycle",7,2,"Rainy","National Highway","Damaged","Daylight","Signs",93,43,"Male","Expired","No","Bridge",2293,"Kerala"
"Unknown",2020,"May","Thursday",1899-12-30 16:24:00.000,"Serious",2,"Pedestrian",0,0,"Stormy","State Highway","Damaged","Dawn","Signs",82,56,"Male","Expired","Yes","Intersection",2297,"Haryana"
"Unknown",2022,"May","Thursday",1899-12-30 00:21:00.000,"Serious",4,"Auto-Rickshaw",9,1,"Stormy","National Highway","Wet","Dusk","Signs",106,29,"Female","Expired","Yes","Bridge",2333,"Chandigarh"
"Unknown",2020,"May","Saturday",1899-12-30 18:51:00.000,"Serious",3,"Bus",8,1,"Clear","National Highway","Damaged","Dusk","None",37,60,"Female","Expired","Yes","Straight Road",2344,"Tripura"
"Unknown",2021,"March","Friday",1899-12-30 09:51:00.000,"Serious",5,"Car",5,0,"Foggy","Village Road","Wet","Dark","Signals",92,32,"Female","Expired","Yes","Straight Road",2379,"Madhya Pradesh"
"Unknown",2022,"August","Monday",1899-12-30 06:21:00.000,"Serious",4,"Pedestrian",0,0,"Foggy","Urban Road","Wet","Dusk","Signals",75,37,"Female","Expired","No","Straight Road",2413,"Arunachal Pradesh"
"Unknown",2022,"March","Friday",1899-12-30 11:58:00.000,"Serious",4,"Cycle",10,5,"Rainy","National Highway","Under Construction","Daylight","Signals",84,56,"Female","Expired","No","Curve",2429,"Jharkhand"
"Unknown",2023,"March","Monday",1899-12-30 07:38:00.000,"Serious",4,"Pedestrian",2,5,"Stormy","State Highway","Wet","Dark","Signs",83,59,"Female","Expired","No","Bridge",2443,"Meghalaya"
"Unknown",2023,"September","Thursday",1899-12-30 18:08:00.000,"Serious",1,"Auto-Rickshaw",5,0,"Rainy","National Highway","Under Construction","Dawn","Police Checkpost",115,20,"Male","Expired","Yes","Bridge",2462,"Madhya Pradesh"
"Unknown",2021,"May","Sunday",1899-12-30 16:54:00.000,"Serious",3,"Auto-Rickshaw",3,4,"Clear","Village Road","Wet","Daylight","None",80,60,"Male","Expired","Yes","Intersection",2486,"Mizoram"
"Unknown",2020,"July","Tuesday",1899-12-30 16:20:00.000,"Serious",5,"Pedestrian",7,5,"Stormy","National Highway","Wet","Daylight","Police Checkpost",111,63,"Female","Expired","No","Curve",2517,"Sikkim"
"Unknown",2021,"September","Sunday",1899-12-30 03:21:00.000,"Serious",5,"Cycle",0,2,"Rainy","Urban Road","Wet","Dawn","Police Checkpost",49,36,"Male","Expired","No","Bridge",2526,"Telangana"
"Unknown",2018,"July","Saturday",1899-12-30 15:56:00.000,"Serious",2,"Two-Wheeler",5,5,"Stormy","National Highway","Under Construction","Daylight","Signals",45,44,"Female","Expired","No","Intersection",2562,"Uttarakhand"
"Unknown",2019,"August","Friday",1899-12-30 15:47:00.000,"Serious",1,"Car",6,3,"Clear","Urban Road","Under Construction","Dusk","Signs",57,37,"Female","Expired","No","Bridge",2566,"Manipur"
"Unknown",2023,"March","Wednesday",1899-12-30 15:21:00.000,"Serious",1,"Truck",5,1,"Clear","Urban Road","Wet","Daylight","Signs",54,32,"Female","Expired","No","Intersection",2576,"Puducherry"
"Unknown",2023,"March","Saturday",1899-12-30 08:19:00.000,"Serious",4,"Auto-Rickshaw",6,0,"Hazy","National Highway","Under Construction","Dusk","Police Checkpost",56,38,"Female","Expired","Yes","Straight Road",2588,"Chandigarh"
"Unknown",2023,"February","Saturday",1899-12-30 15:38:00.000,"Serious",1,"Pedestrian",5,4,"Clear","Urban Road","Damaged","Dark","Signals",59,39,"Male","Expired","No","Intersection",2608,"Goa"
"Unknown",2019,"July","Thursday",1899-12-30 22:25:00.000,"Serious",4,"Pedestrian",2,5,"Foggy","Urban Road","Damaged","Dusk","Signs",48,18,"Female","Expired","Yes","Curve",2648,"Himachal Pradesh"
"Unknown",2021,"June","Thursday",1899-12-30 23:27:00.000,"Serious",3,"Pedestrian",0,5,"Hazy","State Highway","Wet","Dawn","Signs",89,51,"Female","Expired","Yes","Curve",2670,"Jammu and Kashmir"
"Unknown",2018,"March","Thursday",1899-12-30 22:38:00.000,"Serious",3,"Pedestrian",10,3,"Rainy","State Highway","Damaged","Dark","Signs",96,41,"Male","Expired","Yes","Bridge",2705,"Tripura"
"Unknown",2021,"September","Friday",1899-12-30 05:43:00.000,"Serious",5,"Truck",4,3,"Foggy","Urban Road","Wet","Dawn","Signals",34,53,"Male","Expired","No","Straight Road",2715,"Kerala"
"Unknown",2019,"January","Saturday",1899-12-30 11:44:00.000,"Serious",3,"Auto-Rickshaw",2,5,"Foggy","State Highway","Under Construction","Dawn","None",72,60,"Female","Expired","No","Bridge",2724,"Manipur"
"Unknown",2022,"September","Thursday",1899-12-30 04:36:00.000,"Serious",4,"Auto-Rickshaw",2,2,"Hazy","National Highway","Damaged","Dawn","Police Checkpost",44,65,"Female","Expired","No","Curve",2765,"Jharkhand"
"Unknown",2021,"September","Friday",1899-12-30 10:20:00.000,"Serious",2,"Bus",9,3,"Stormy","National Highway","Wet","Dark","Signs",84,67,"Female","Expired","No","Bridge",2804,"Jammu and Kashmir"
"Unknown",2022,"May","Tuesday",1899-12-30 16:19:00.000,"Serious",1,"Two-Wheeler",4,0,"Hazy","State Highway","Damaged","Dusk","Signs",91,39,"Female","Expired","Yes","Bridge",2865,"Sikkim"
"Unknown",2019,"August","Saturday",1899-12-30 08:45:00.000,"Serious",4,"Auto-Rickshaw",5,5,"Hazy","State Highway","Damaged","Dark","None",115,61,"Male","Expired","Yes","Intersection",2875,"Nagaland"
"Unknown",2022,"January","Monday",1899-12-30 05:07:00.000,"Serious",5,"Auto-Rickshaw",0,1,"Clear","Village Road","Wet","Daylight","Police Checkpost",53,35,"Female","Expired","Yes","Intersection",2884,"Uttarakhand"
"Unknown",2018,"September","Saturday",1899-12-30 01:49:00.000,"Serious",1,"Cycle",4,1,"Clear","Urban Road","Damaged","Dark","None",71,19,"Male","Expired","Yes","Curve",2889,"Jammu and Kashmir"
"Unknown",2022,"February","Friday",1899-12-30 10:00:00.000,"Serious",3,"Cycle",8,4,"Rainy","State Highway","Damaged","Dark","Signals",115,58,"Female","Expired","Yes","Curve",2890,"Madhya Pradesh"
"Unknown",2020,"June","Saturday",1899-12-30 13:07:00.000,"Serious",4,"Car",0,2,"Foggy","National Highway","Under Construction","Dusk","Signals",54,19,"Male","Expired","No","Intersection",2907,"Uttarakhand"
"Unknown",2022,"June","Sunday",1899-12-30 19:06:00.000,"Serious",1,"Truck",1,2,"Foggy","Village Road","Under Construction","Dawn","Signs",113,28,"Male","Expired","Yes","Straight Road",2953,"Odisha"
"Unknown",2021,"July","Thursday",1899-12-30 01:55:00.000,"Serious",4,"Auto-Rickshaw",4,0,"Stormy","Urban Road","Wet","Daylight","Police Checkpost",111,32,"Male","Expired","Yes","Straight Road",2963,"Haryana"
"Unknown",2022,"November","Tuesday",1899-12-30 18:10:00.000,"Serious",4,"Truck",8,4,"Clear","State Highway","Damaged","Dusk","Signs",46,50,"Female","Expired","Yes","Straight Road",2966,"Meghalaya"
"Unknown",2020,"December","Sunday",1899-12-30 02:40:00.000,"Serious",5,"Auto-Rickshaw",6,4,"Rainy","Urban Road","Wet","Daylight","Signals",99,60,"Female","Expired","Yes","Curve",2991,"Meghalaya"
"Unknown",2020,"November","Tuesday",1899-12-30 08:04:00.000,"Serious",1,"Truck",6,2,"Stormy","Village Road","Dry","Daylight","Police Checkpost",48,44,"Male","Expired","Yes","Bridge",6,"Meghalaya"
"Unknown",2018,"June","Tuesday",1899-12-30 08:10:00.000,"Serious",5,"Two-Wheeler",6,3,"Rainy","Urban Road","Dry","Dusk","Signals",30,20,"Female","Expired","Yes","Bridge",21,"Madhya Pradesh"
"Unknown",2020,"August","Monday",1899-12-30 16:40:00.000,"Serious",5,"Cycle",10,5,"Rainy","National Highway","Dry","Dusk","Police Checkpost",37,40,"Female","Expired","No","Straight Road",98,"Tripura"
"Unknown",2019,"March","Sunday",1899-12-30 07:50:00.000,"Serious",1,"Car",0,0,"Hazy","National Highway","Dry","Daylight","Police Checkpost",50,20,"Male","Expired","Yes","Bridge",105,"Jammu and Kashmir"
"Unknown",2020,"November","Sunday",1899-12-30 20:49:00.000,"Serious",3,"Cycle",0,4,"Foggy","National Highway","Dry","Daylight","Police Checkpost",79,54,"Female","Expired","Yes","Intersection",131,"Nagaland"
"Unknown",2019,"July","Wednesday",1899-12-30 19:50:00.000,"Serious",4,"Bus",4,5,"Hazy","State Highway","Dry","Daylight","Police Checkpost",69,44,"Female","Expired","No","Curve",157,"Uttarakhand"
"Unknown",2019,"June","Wednesday",1899-12-30 14:59:00.000,"Serious",2,"Cycle",0,4,"Foggy","Urban Road","Dry","Dark","Police Checkpost",109,48,"Male","Expired","No","Straight Road",234,"Goa"
"Unknown",2020,"January","Thursday",1899-12-30 19:54:00.000,"Serious",3,"Bus",3,3,"Clear","National Highway","Dry","Dark","Police Checkpost",44,56,"Female","Expired","No","Intersection",262,"Kerala"
"Unknown",2021,"February","Friday",1899-12-30 22:04:00.000,"Serious",2,"Two-Wheeler",4,3,"Clear","National Highway","Dry","Daylight","Police Checkpost",60,56,"Female","Expired","No","Curve",273,"Telangana"
"Unknown",2018,"January","Tuesday",1899-12-30 18:22:00.000,"Serious",4,"Pedestrian",4,5,"Rainy","State Highway","Dry","Daylight","Police Checkpost",46,62,"Female","Expired","Yes","Curve",333,"Mizoram"
"Unknown",2023,"January","Saturday",1899-12-30 13:07:00.000,"Serious",5,"Truck",10,0,"Clear","State Highway","Dry","Daylight","Signals",78,44,"Female","Expired","No","Curve",352,"Odisha"
"Unknown",2019,"October","Friday",1899-12-30 12:24:00.000,"Serious",5,"Bus",1,4,"Stormy","Urban Road","Dry","Dark","Signs",75,39,"Male","Expired","No","Intersection",373,"Kerala"
"Unknown",2023,"May","Saturday",1899-12-30 23:01:00.000,"Serious",4,"Bus",3,3,"Clear","National Highway","Dry","Dusk","None",116,28,"Male","Expired","Yes","Bridge",433,"Jammu and Kashmir"
"Unknown",2018,"September","Friday",1899-12-30 12:45:00.000,"Serious",3,"Pedestrian",5,0,"Foggy","Village Road","Dry","Dawn","Signals",120,53,"Female","Expired","Yes","Straight Road",447,"Manipur"
"Unknown",2020,"November","Thursday",1899-12-30 09:30:00.000,"Serious",4,"Two-Wheeler",1,3,"Clear","State Highway","Dry","Dark","None",70,65,"Female","Expired","Yes","Intersection",452,"Puducherry"
"Unknown",2023,"June","Thursday",1899-12-30 20:10:00.000,"Serious",2,"Truck",10,5,"Foggy","Urban Road","Dry","Daylight","Signs",69,43,"Female","Expired","Yes","Straight Road",522,"Sikkim"
"Unknown",2021,"September","Wednesday",1899-12-30 17:18:00.000,"Serious",4,"Bus",9,2,"Rainy","National Highway","Dry","Dawn","None",45,50,"Male","Expired","Yes","Bridge",557,"Puducherry"
"Unknown",2023,"November","Sunday",1899-12-30 04:25:00.000,"Serious",2,"Truck",2,3,"Stormy","State Highway","Dry","Dawn","None",106,36,"Male","Expired","No","Straight Road",567,"Mizoram"
"Unknown",2023,"April","Monday",1899-12-30 02:02:00.000,"Serious",1,"Truck",4,3,"Hazy","National Highway","Dry","Dusk","Signs",60,35,"Male","Expired","Yes","Straight Road",576,"Kerala"
"Unknown",2022,"May","Sunday",1899-12-30 10:42:00.000,"Serious",3,"Car",8,2,"Hazy","National Highway","Dry","Daylight","None",69,54,"Female","Expired","Yes","Curve",601,"Madhya Pradesh"
"Unknown",2021,"August","Tuesday",1899-12-30 04:08:00.000,"Serious",2,"Truck",6,5,"Hazy","Village Road","Dry","Dark","None",93,31,"Male","Expired","Yes","Intersection",645,"Nagaland"
"Unknown",2019,"August","Tuesday",1899-12-30 10:55:00.000,"Serious",4,"Cycle",5,3,"Stormy","State Highway","Dry","Dusk","Signals",65,49,"Female","Expired","Yes","Intersection",650,"Himachal Pradesh"
"Unknown",2022,"November","Friday",1899-12-30 17:15:00.000,"Serious",2,"Cycle",2,4,"Rainy","State Highway","Dry","Daylight","Signals",56,22,"Male","Expired","Yes","Bridge",674,"Haryana"
"Unknown",2018,"June","Monday",1899-12-30 02:57:00.000,"Serious",3,"Bus",5,5,"Stormy","State Highway","Dry","Dark","None",60,56,"Female","Expired","No","Bridge",692,"Chandigarh"
"Unknown",2020,"January","Wednesday",1899-12-30 11:42:00.000,"Serious",3,"Bus",2,5,"Rainy","Village Road","Dry","Dusk","Signals",46,43,"Male","Expired","No","Straight Road",753,"Tripura"
"Unknown",2019,"January","Thursday",1899-12-30 02:34:00.000,"Serious",5,"Pedestrian",6,0,"Foggy","Village Road","Dry","Daylight","Signals",30,59,"Male","Expired","No","Straight Road",783,"Manipur"
"Unknown",2021,"May","Friday",1899-12-30 16:04:00.000,"Serious",5,"Cycle",5,1,"Foggy","National Highway","Dry","Daylight","Signals",45,49,"Female","Expired","No","Curve",791,"Chhattisgarh"
"Unknown",2018,"June","Thursday",1899-12-30 22:37:00.000,"Serious",4,"Auto-Rickshaw",9,0,"Rainy","Village Road","Dry","Dark","Police Checkpost",102,50,"Female","Expired","Yes","Straight Road",880,"Uttarakhand"
"Unknown",2023,"February","Thursday",1899-12-30 04:25:00.000,"Serious",1,"Bus",9,5,"Clear","State Highway","Dry","Dark","Signals",81,46,"Male","Expired","Yes","Curve",922,"Nagaland"
"Unknown",2021,"January","Friday",1899-12-30 02:56:00.000,"Serious",3,"Truck",1,4,"Foggy","State Highway","Dry","Dark","Police Checkpost",51,21,"Female","Expired","No","Intersection",935,"Arunachal Pradesh"
"Unknown",2022,"December","Saturday",1899-12-30 17:58:00.000,"Serious",4,"Auto-Rickshaw",7,2,"Clear","Urban Road","Dry","Daylight","Police Checkpost",64,67,"Male","Expired","No","Straight Road",940,"Chandigarh"
"Unknown",2020,"March","Thursday",1899-12-30 06:53:00.000,"Serious",5,"Pedestrian",6,3,"Clear","State Highway","Dry","Dawn","Police Checkpost",118,68,"Female","Expired","No","Intersection",1071,"Jharkhand"
"Unknown",2023,"May","Sunday",1899-12-30 20:00:00.000,"Serious",1,"Two-Wheeler",3,4,"Rainy","Urban Road","Dry","Dusk","Police Checkpost",84,25,"Male","Expired","Yes","Bridge",1250,"Arunachal Pradesh"
"Unknown",2022,"November","Friday",1899-12-30 01:10:00.000,"Serious",4,"Two-Wheeler",1,1,"Stormy","National Highway","Dry","Dark","Police Checkpost",104,45,"Female","Expired","No","Straight Road",1252,"Manipur"
"Unknown",2021,"August","Sunday",1899-12-30 01:37:00.000,"Serious",3,"Cycle",3,2,"Stormy","National Highway","Dry","Dusk","Signals",35,27,"Female","Expired","No","Curve",1255,"Mizoram"
"Unknown",2018,"July","Friday",1899-12-30 22:02:00.000,"Serious",3,"Pedestrian",2,4,"Stormy","National Highway","Dry","Daylight","Signs",117,52,"Female","Expired","No","Bridge",1282,"Puducherry"
"Unknown",2021,"April","Monday",1899-12-30 15:39:00.000,"Serious",5,"Cycle",3,0,"Hazy","Village Road","Dry","Dawn","None",42,38,"Male","Expired","Yes","Straight Road",1378,"Meghalaya"
"Unknown",2020,"March","Thursday",1899-12-30 16:18:00.000,"Serious",5,"Truck",8,0,"Stormy","State Highway","Dry","Dusk","Signs",48,45,"Male","Expired","Yes","Intersection",1465,"Tripura"
"Unknown",2020,"June","Sunday",1899-12-30 21:02:00.000,"Serious",5,"Truck",1,0,"Foggy","National Highway","Dry","Dark","Police Checkpost",54,47,"Female","Expired","Yes","Bridge",1468,"Arunachal Pradesh"
"Unknown",2023,"May","Wednesday",1899-12-30 17:30:00.000,"Serious",1,"Two-Wheeler",5,3,"Rainy","Urban Road","Dry","Dark","Signs",89,35,"Female","Expired","Yes","Straight Road",1567,"Kerala"
"Unknown",2018,"December","Wednesday",1899-12-30 16:28:00.000,"Serious",1,"Car",3,0,"Clear","Village Road","Dry","Daylight","Signals",73,67,"Female","Expired","Yes","Intersection",1580,"Meghalaya"
"Unknown",2018,"May","Saturday",1899-12-30 15:16:00.000,"Serious",5,"Two-Wheeler",10,3,"Foggy","National Highway","Dry","Daylight","Police Checkpost",83,68,"Female","Expired","No","Intersection",1725,"Jammu and Kashmir"
"Unknown",2019,"November","Sunday",1899-12-30 00:51:00.000,"Serious",2,"Auto-Rickshaw",8,2,"Clear","Village Road","Dry","Dawn","None",50,33,"Male","Expired","Yes","Straight Road",1729,"Jammu and Kashmir"
"Unknown",2018,"October","Wednesday",1899-12-30 23:54:00.000,"Serious",5,"Auto-Rickshaw",3,2,"Rainy","Village Road","Dry","Daylight","Signals",62,51,"Female","Expired","No","Straight Road",1749,"Uttarakhand"
"Unknown",2019,"October","Monday",1899-12-30 20:38:00.000,"Serious",4,"Cycle",0,1,"Stormy","State Highway","Dry","Daylight","Signs",31,44,"Female","Expired","Yes","Straight Road",1904,"Haryana"
"Unknown",2022,"October","Monday",1899-12-30 01:04:00.000,"Serious",2,"Truck",4,0,"Stormy","Urban Road","Dry","Dusk","Police Checkpost",114,48,"Male","Expired","No","Curve",1913,"Haryana"
"Unknown",2021,"June","Wednesday",1899-12-30 17:22:00.000,"Serious",1,"Pedestrian",0,5,"Rainy","National Highway","Dry","Dark","Signals",79,23,"Female","Expired","Yes","Curve",1966,"Meghalaya"
"Unknown",2021,"March","Friday",1899-12-30 09:14:00.000,"Serious",3,"Two-Wheeler",8,1,"Foggy","Urban Road","Dry","Dusk","Signals",106,53,"Male","Expired","No","Intersection",1994,"Chandigarh"
"Unknown",2019,"August","Saturday",1899-12-30 16:58:00.000,"Serious",4,"Car",4,0,"Hazy","National Highway","Dry","Dawn","Signals",57,25,"Female","Expired","No","Bridge",2069,"Odisha"
"Unknown",2021,"April","Thursday",1899-12-30 20:00:00.000,"Serious",1,"Truck",6,1,"Hazy","National Highway","Dry","Dusk","Police Checkpost",79,67,"Male","Expired","Yes","Bridge",2101,"Himachal Pradesh"
"Unknown",2022,"February","Wednesday",1899-12-30 23:44:00.000,"Serious",3,"Car",6,3,"Clear","Village Road","Dry","Daylight","Signals",51,55,"Male","Expired","No","Bridge",2235,"Kerala"
"Unknown",2021,"June","Thursday",1899-12-30 13:31:00.000,"Serious",2,"Bus",1,3,"Hazy","State Highway","Dry","Dawn","Signs",107,35,"Male","Expired","Yes","Intersection",2262,"Meghalaya"
"Unknown",2018,"October","Wednesday",1899-12-30 18:09:00.000,"Serious",2,"Bus",9,5,"Clear","Village Road","Dry","Dawn","Signals",46,26,"Male","Expired","No","Straight Road",2320,"Goa"
"Unknown",2020,"July","Saturday",1899-12-30 13:31:00.000,"Serious",5,"Auto-Rickshaw",9,0,"Clear","Village Road","Dry","Dawn","None",76,19,"Female","Expired","Yes","Bridge",2398,"Sikkim"
"Unknown",2022,"August","Wednesday",1899-12-30 21:37:00.000,"Serious",3,"Pedestrian",1,1,"Rainy","Village Road","Dry","Daylight","Police Checkpost",105,23,"Female","Expired","No","Straight Road",2465,"Puducherry"
"Unknown",2023,"March","Tuesday",1899-12-30 02:43:00.000,"Serious",1,"Truck",6,5,"Stormy","National Highway","Dry","Daylight","Signals",71,36,"Male","Expired","No","Bridge",2484,"Tripura"
"Unknown",2022,"October","Friday",1899-12-30 04:39:00.000,"Serious",4,"Cycle",3,3,"Hazy","Village Road","Dry","Dawn","Signs",80,47,"Male","Expired","Yes","Straight Road",2489,"Assam"
"Unknown",2022,"September","Monday",1899-12-30 06:01:00.000,"Serious",2,"Cycle",4,1,"Stormy","State Highway","Dry","Dark","Signals",102,23,"Male","Expired","No","Bridge",2546,"Assam"
"Unknown",2018,"March","Friday",1899-12-30 13:34:00.000,"Serious",4,"Two-Wheeler",9,1,"Stormy","Village Road","Dry","Dusk","Signals",111,52,"Female","Expired","Yes","Straight Road",2612,"Madhya Pradesh"
"Unknown",2020,"May","Monday",1899-12-30 02:00:00.000,"Serious",1,"Car",8,4,"Foggy","Village Road","Dry","Daylight","Signals",36,18,"Female","Expired","Yes","Intersection",2730,"Bihar"
"Unknown",2023,"November","Sunday",1899-12-30 04:42:00.000,"Serious",5,"Cycle",8,1,"Clear","Village Road","Dry","Daylight","Police Checkpost",68,30,"Female","Expired","No","Bridge",2770,"Odisha"
"Unknown",2021,"October","Saturday",1899-12-30 02:44:00.000,"Serious",5,"Auto-Rickshaw",9,4,"Clear","Urban Road","Dry","Daylight","Signs",32,27,"Male","Expired","Yes","Bridge",2815,"Kerala"
"Unknown",2022,"October","Wednesday",1899-12-30 06:15:00.000,"Serious",5,"Bus",9,1,"Rainy","Village Road","Dry","Dusk","None",114,44,"Female","Expired","Yes","Intersection",2928,"Puducherry"
"Unknown",2020,"August","Monday",1899-12-30 21:02:00.000,"Serious",3,"Car",8,2,"Clear","State Highway","Dry","Dusk","None",101,68,"Male","Expired","Yes","Straight Road",2961,"Sikkim"
"Bangalore",2023,"October","Thursday",1899-12-30 18:59:00.000,"Fatal",5,"Car",10,2,"Hazy","Village Road","Wet","Dark","Signs",114,51,"Female","Expired","No","Intersection",18,"Karnataka"
"Durgapur",2023,"February","Sunday",1899-12-30 11:02:00.000,"Serious",3,"Cycle",9,5,"Hazy","Village Road","Damaged","Dark","None",106,25,"Female","Expired","Yes","Straight Road",36,"West Bengal"
"Mangalore",2020,"October","Thursday",1899-12-30 20:21:00.000,"Serious",2,"Bus",1,5,"Hazy","State Highway","Under Construction","Dark","Signs",50,44,"Male","Expired","No","Straight Road",56,"Karnataka"
"Vadodara",2023,"March","Wednesday",1899-12-30 13:40:00.000,"Fatal",3,"Truck",2,3,"Foggy","Urban Road","Wet","Dawn","Signs",105,59,"Male","Expired","No","Intersection",73,"Gujarat"
"Vadodara",2018,"August","Thursday",1899-12-30 09:03:00.000,"Minor",4,"Pedestrian",10,0,"Foggy","National Highway","Dry","Dawn","Signals",74,21,"Female","Expired","No","Bridge",83,"Gujarat"
"Nagpur",2023,"May","Wednesday",1899-12-30 12:02:00.000,"Fatal",4,"Two-Wheeler",7,1,"Hazy","Urban Road","Under Construction","Dusk","Signs",57,49,"Female","Expired","No","Straight Road",86,"Maharashtra"
"Lucknow",2020,"April","Saturday",1899-12-30 01:29:00.000,"Minor",4,"Car",5,3,"Clear","National Highway","Damaged","Daylight","None",36,34,"Female","Expired","No","Curve",96,"Uttar Pradesh"
"Mysore",2020,"December","Tuesday",1899-12-30 12:46:00.000,"Fatal",2,"Car",9,0,"Foggy","Urban Road","Dry","Dusk","None",60,58,"Male","Expired","Yes","Straight Road",100,"Karnataka"
"Rohini",2019,"April","Monday",1899-12-30 16:44:00.000,"Fatal",5,"Bus",7,3,"Stormy","State Highway","Under Construction","Daylight","None",77,63,"Male","Expired","No","Intersection",124,"Delhi"
"Durgapur",2021,"July","Saturday",1899-12-30 03:30:00.000,"Minor",3,"Auto-Rickshaw",0,2,"Clear","State Highway","Under Construction","Dark","Signals",38,69,"Male","Expired","No","Intersection",191,"West Bengal"
"Udaipur",2023,"December","Tuesday",1899-12-30 22:00:00.000,"Minor",5,"Car",6,4,"Clear","Village Road","Wet","Dusk","Police Checkpost",62,38,"Female","Expired","Yes","Straight Road",192,"Rajasthan"
"New Delhi",2023,"October","Tuesday",1899-12-30 22:37:00.000,"Serious",3,"Pedestrian",6,3,"Clear","National Highway","Damaged","Daylight","Signs",55,64,"Male","Expired","Yes","Straight Road",197,"Delhi"
"Chennai",2018,"May","Tuesday",1899-12-30 12:58:00.000,"Minor",4,"Pedestrian",9,2,"Foggy","Urban Road","Under Construction","Dusk","None",117,60,"Female","Expired","Yes","Straight Road",200,"Tamil Nadu"
"Varanasi",2018,"October","Tuesday",1899-12-30 19:42:00.000,"Serious",2,"Car",7,0,"Stormy","State Highway","Dry","Dusk","Signs",106,22,"Male","Expired","No","Curve",204,"Uttar Pradesh"
"Mangalore",2019,"January","Tuesday",1899-12-30 12:21:00.000,"Fatal",3,"Cycle",6,2,"Hazy","State Highway","Damaged","Dark","Police Checkpost",41,22,"Female","Expired","No","Curve",206,"Karnataka"
"Mysore",2023,"March","Friday",1899-12-30 21:18:00.000,"Serious",3,"Two-Wheeler",7,3,"Clear","Urban Road","Wet","Dark","Signs",118,47,"Female","Expired","Yes","Curve",220,"Karnataka"
"Ahmedabad",2020,"April","Sunday",1899-12-30 17:25:00.000,"Minor",2,"Auto-Rickshaw",10,2,"Foggy","State Highway","Damaged","Dusk","Signals",110,38,"Female","Expired","Yes","Bridge",230,"Gujarat"
"Bangalore",2022,"June","Friday",1899-12-30 20:12:00.000,"Fatal",4,"Auto-Rickshaw",1,0,"Clear","Village Road","Wet","Dawn","Signals",39,40,"Female","Expired","Yes","Straight Road",266,"Karnataka"
"Siliguri",2018,"September","Friday",1899-12-30 08:31:00.000,"Fatal",4,"Truck",5,0,"Stormy","State Highway","Wet","Dusk","None",76,26,"Male","Expired","Yes","Bridge",271,"West Bengal"
"Siliguri",2020,"August","Saturday",1899-12-30 06:27:00.000,"Fatal",2,"Car",10,4,"Foggy","National Highway","Under Construction","Daylight","None",103,51,"Male","Expired","Yes","Intersection",274,"West Bengal"
"Coimbatore",2021,"October","Wednesday",1899-12-30 08:38:00.000,"Fatal",3,"Bus",5,4,"Clear","State Highway","Damaged","Dusk","Signals",67,51,"Female","Expired","No","Bridge",281,"Tamil Nadu"
"Mumbai",2022,"February","Tuesday",1899-12-30 00:14:00.000,"Minor",5,"Car",9,1,"Hazy","Village Road","Wet","Dusk","None",105,59,"Female","Expired","Yes","Straight Road",282,"Maharashtra"
"Surat",2023,"June","Thursday",1899-12-30 04:39:00.000,"Minor",2,"Pedestrian",1,3,"Clear","State Highway","Dry","Dark","None",40,41,"Female","Expired","No","Intersection",286,"Gujarat"
"Tirupati",2020,"December","Saturday",1899-12-30 21:46:00.000,"Fatal",2,"Cycle",8,4,"Stormy","Urban Road","Wet","Dawn","None",40,23,"Male","Expired","No","Straight Road",287,"Andhra Pradesh"
"Kolkata",2023,"May","Tuesday",1899-12-30 13:36:00.000,"Minor",5,"Two-Wheeler",0,4,"Hazy","Urban Road","Damaged","Dark","Signals",61,53,"Female","Expired","No","Intersection",295,"West Bengal"
"Nagpur",2023,"December","Sunday",1899-12-30 15:36:00.000,"Fatal",2,"Cycle",6,2,"Clear","Urban Road","Damaged","Daylight","Police Checkpost",46,49,"Female","Expired","Yes","Intersection",331,"Maharashtra"
"Nagpur",2022,"July","Wednesday",1899-12-30 05:39:00.000,"Fatal",5,"Pedestrian",10,0,"Stormy","State Highway","Damaged","Daylight","Signals",75,37,"Female","Expired","Yes","Straight Road",338,"Maharashtra"
"Rohini",2018,"January","Friday",1899-12-30 13:21:00.000,"Fatal",5,"Pedestrian",9,5,"Foggy","State Highway","Damaged","Dark","None",45,52,"Female","Expired","Yes","Straight Road",376,"Delhi"
"Rohini",2020,"October","Tuesday",1899-12-30 23:18:00.000,"Fatal",5,"Two-Wheeler",7,1,"Stormy","National Highway","Dry","Dark","Signs",112,21,"Male","Expired","No","Curve",381,"Delhi"
"Visakhapatnam",2019,"May","Wednesday",1899-12-30 21:23:00.000,"Fatal",2,"Truck",9,0,"Stormy","National Highway","Damaged","Daylight","None",61,62,"Female","Expired","Yes","Straight Road",429,"Andhra Pradesh"
"Siliguri",2020,"March","Friday",1899-12-30 23:04:00.000,"Fatal",3,"Two-Wheeler",10,5,"Hazy","National Highway","Dry","Dusk","Police Checkpost",104,67,"Female","Expired","No","Bridge",430,"West Bengal"
"Mangalore",2020,"December","Thursday",1899-12-30 21:53:00.000,"Minor",4,"Truck",6,3,"Rainy","Urban Road","Under Construction","Dark","Signals",74,64,"Female","Expired","Yes","Straight Road",455,"Karnataka"
"Nagpur",2020,"April","Tuesday",1899-12-30 02:05:00.000,"Serious",2,"Pedestrian",0,4,"Rainy","Village Road","Wet","Dark","Signs",106,46,"Female","Expired","No","Straight Road",492,"Maharashtra"
"Surat",2021,"November","Sunday",1899-12-30 11:41:00.000,"Serious",5,"Car",0,1,"Stormy","National Highway","Wet","Dawn","Signals",109,31,"Female","Expired","No","Intersection",505,"Gujarat"
"Visakhapatnam",2022,"September","Tuesday",1899-12-30 08:35:00.000,"Minor",5,"Truck",7,3,"Hazy","State Highway","Under Construction","Dusk","Signals",107,63,"Male","Expired","No","Straight Road",515,"Andhra Pradesh"
"Lucknow",2022,"February","Monday",1899-12-30 12:37:00.000,"Serious",2,"Truck",4,1,"Foggy","State Highway","Wet","Dark","Police Checkpost",33,18,"Female","Expired","Yes","Straight Road",517,"Uttar Pradesh"
"Madurai",2022,"January","Monday",1899-12-30 02:08:00.000,"Fatal",2,"Auto-Rickshaw",2,2,"Clear","State Highway","Damaged","Dawn","Police Checkpost",105,23,"Female","Expired","Yes","Bridge",535,"Tamil Nadu"
"Ahmedabad",2018,"September","Thursday",1899-12-30 10:10:00.000,"Minor",2,"Auto-Rickshaw",4,4,"Stormy","Village Road","Under Construction","Dark","Police Checkpost",86,62,"Female","Expired","No","Straight Road",536,"Gujarat"
"Pune",2018,"September","Wednesday",1899-12-30 12:26:00.000,"Minor",4,"Two-Wheeler",6,0,"Clear","Urban Road","Under Construction","Dusk","None",107,22,"Male","Expired","Yes","Intersection",552,"Maharashtra"
"Lucknow",2020,"May","Tuesday",1899-12-30 19:55:00.000,"Minor",3,"Pedestrian",8,2,"Hazy","National Highway","Dry","Dawn","Signs",93,19,"Female","Expired","Yes","Bridge",583,"Uttar Pradesh"
"Jodhpur",2022,"August","Wednesday",1899-12-30 00:42:00.000,"Serious",4,"Truck",6,4,"Stormy","Village Road","Damaged","Dusk","Police Checkpost",115,48,"Female","Expired","No","Curve",595,"Rajasthan"
"Surat",2022,"November","Sunday",1899-12-30 10:37:00.000,"Serious",5,"Bus",6,0,"Stormy","State Highway","Wet","Dusk","Police Checkpost",54,43,"Female","Expired","No","Straight Road",596,"Gujarat"
"Jodhpur",2018,"January","Monday",1899-12-30 12:47:00.000,"Fatal",2,"Cycle",0,2,"Hazy","State Highway","Under Construction","Dark","None",89,61,"Male","Expired","No","Bridge",628,"Rajasthan"
"Mysore",2023,"November","Wednesday",1899-12-30 08:07:00.000,"Serious",3,"Truck",3,3,"Hazy","Village Road","Under Construction","Daylight","Signs",37,32,"Female","Expired","No","Bridge",641,"Karnataka"
"Lucknow",2023,"May","Tuesday",1899-12-30 05:18:00.000,"Serious",3,"Pedestrian",0,2,"Clear","State Highway","Wet","Dark","Signals",89,27,"Male","Expired","No","Bridge",676,"Uttar Pradesh"
"Durgapur",2021,"September","Monday",1899-12-30 14:41:00.000,"Fatal",2,"Pedestrian",3,5,"Stormy","National Highway","Dry","Dusk","Police Checkpost",41,61,"Male","Expired","Yes","Straight Road",694,"West Bengal"
"Pune",2019,"June","Friday",1899-12-30 08:34:00.000,"Serious",2,"Cycle",3,1,"Rainy","Urban Road","Wet","Daylight","Signs",91,47,"Female","Expired","Yes","Curve",723,"Maharashtra"
"Mangalore",2020,"February","Monday",1899-12-30 10:07:00.000,"Serious",3,"Bus",2,0,"Foggy","National Highway","Wet","Dusk","None",55,37,"Female","Expired","Yes","Bridge",724,"Karnataka"
"Vijayawada",2021,"May","Thursday",1899-12-30 20:27:00.000,"Minor",3,"Auto-Rickshaw",5,4,"Foggy","National Highway","Wet","Dusk","Signs",85,29,"Female","Expired","Yes","Intersection",725,"Andhra Pradesh"
"Surat",2022,"March","Monday",1899-12-30 15:39:00.000,"Fatal",3,"Cycle",9,3,"Rainy","Village Road","Under Construction","Dusk","Police Checkpost",48,45,"Female","Expired","No","Straight Road",734,"Gujarat"
"Kolkata",2020,"October","Thursday",1899-12-30 03:43:00.000,"Minor",3,"Car",10,4,"Hazy","State Highway","Dry","Dark","None",63,27,"Female","Expired","No","Straight Road",763,"West Bengal"
"Vadodara",2021,"April","Wednesday",1899-12-30 05:56:00.000,"Serious",5,"Bus",7,3,"Rainy","Village Road","Wet","Dark","Police Checkpost",33,43,"Female","Expired","Yes","Straight Road",775,"Gujarat"
"Durgapur",2022,"July","Saturday",1899-12-30 20:52:00.000,"Minor",2,"Bus",0,4,"Hazy","Village Road","Dry","Dark","Police Checkpost",53,65,"Male","Expired","Yes","Curve",790,"West Bengal"
"Tirupati",2023,"August","Thursday",1899-12-30 18:08:00.000,"Serious",4,"Bus",1,1,"Stormy","Village Road","Dry","Dawn","Signs",45,53,"Female","Expired","No","Bridge",800,"Andhra Pradesh"
"Dwarka",2021,"October","Wednesday",1899-12-30 05:12:00.000,"Serious",5,"Two-Wheeler",8,4,"Foggy","Village Road","Damaged","Daylight","None",72,19,"Female","Expired","No","Intersection",819,"Delhi"
"Siliguri",2022,"March","Sunday",1899-12-30 07:43:00.000,"Minor",5,"Pedestrian",6,0,"Rainy","Village Road","Under Construction","Dark","Signals",41,43,"Male","Expired","Yes","Curve",820,"West Bengal"
"Ahmedabad",2022,"December","Friday",1899-12-30 11:41:00.000,"Fatal",3,"Auto-Rickshaw",3,2,"Foggy","Urban Road","Damaged","Dark","Signals",117,57,"Female","Expired","Yes","Curve",830,"Gujarat"
"Pune",2019,"February","Saturday",1899-12-30 17:31:00.000,"Minor",5,"Car",10,2,"Rainy","National Highway","Under Construction","Daylight","None",60,38,"Female","Expired","No","Intersection",831,"Maharashtra"
"Surat",2021,"June","Saturday",1899-12-30 01:42:00.000,"Fatal",3,"Two-Wheeler",9,0,"Clear","Urban Road","Wet","Dawn","None",37,63,"Female","Expired","No","Bridge",832,"Gujarat"
"Kolkata",2021,"December","Thursday",1899-12-30 08:32:00.000,"Serious",4,"Truck",5,1,"Stormy","Village Road","Dry","Dawn","Police Checkpost",100,61,"Male","Expired","No","Curve",833,"West Bengal"
"Pune",2022,"February","Wednesday",1899-12-30 11:27:00.000,"Fatal",5,"Car",6,2,"Stormy","State Highway","Wet","Dawn","None",44,36,"Female","Expired","Yes","Intersection",834,"Maharashtra"
"Tirupati",2021,"April","Monday",1899-12-30 06:26:00.000,"Minor",5,"Pedestrian",4,4,"Stormy","Village Road","Under Construction","Daylight","Signs",106,36,"Female","Expired","No","Intersection",850,"Andhra Pradesh"
"Surat",2022,"March","Monday",1899-12-30 16:36:00.000,"Minor",5,"Two-Wheeler",6,2,"Hazy","National Highway","Wet","Dark","Signals",100,26,"Female","Expired","No","Straight Road",871,"Gujarat"
"Surat",2022,"January","Wednesday",1899-12-30 21:10:00.000,"Serious",4,"Truck",6,1,"Rainy","State Highway","Dry","Dawn","Signs",110,52,"Male","Expired","Yes","Curve",877,"Gujarat"
"Dwarka",2023,"September","Saturday",1899-12-30 14:20:00.000,"Minor",3,"Truck",10,0,"Rainy","Urban Road","Dry","Dawn","Signals",113,65,"Female","Expired","No","Straight Road",885,"Delhi"
"Kolkata",2021,"March","Saturday",1899-12-30 04:35:00.000,"Minor",4,"Cycle",10,2,"Hazy","Village Road","Dry","Daylight","None",32,68,"Male","Expired","Yes","Curve",905,"West Bengal"
"Pune",2021,"May","Saturday",1899-12-30 19:55:00.000,"Fatal",5,"Auto-Rickshaw",9,4,"Stormy","Urban Road","Dry","Dark","Signals",85,21,"Male","Expired","Yes","Intersection",945,"Maharashtra"
"Lucknow",2020,"May","Thursday",1899-12-30 03:23:00.000,"Minor",5,"Two-Wheeler",5,0,"Foggy","Village Road","Wet","Daylight","Signs",44,49,"Female","Expired","No","Bridge",985,"Uttar Pradesh"
"Dwarka",2018,"June","Saturday",1899-12-30 10:49:00.000,"Fatal",5,"Bus",7,1,"Stormy","National Highway","Damaged","Dark","Signs",109,24,"Female","Expired","No","Bridge",999,"Delhi"
"Surat",2020,"August","Saturday",1899-12-30 00:25:00.000,"Minor",2,"Bus",4,2,"Hazy","National Highway","Damaged","Dark","Signals",76,55,"Female","Expired","Yes","Bridge",1010,"Gujarat"
"Pune",2021,"December","Wednesday",1899-12-30 07:21:00.000,"Fatal",3,"Truck",5,2,"Rainy","National Highway","Wet","Dusk","Signs",96,39,"Female","Expired","Yes","Curve",1011,"Maharashtra"
"Mysore",2020,"August","Saturday",1899-12-30 07:13:00.000,"Fatal",4,"Two-Wheeler",0,1,"Clear","State Highway","Damaged","Dark","Signals",96,18,"Male","Expired","Yes","Curve",1022,"Karnataka"
"Rohini",2020,"January","Friday",1899-12-30 03:25:00.000,"Minor",5,"Cycle",8,2,"Clear","Village Road","Wet","Dark","None",89,41,"Female","Expired","No","Curve",1037,"Delhi"
"Visakhapatnam",2019,"June","Saturday",1899-12-30 19:12:00.000,"Minor",5,"Auto-Rickshaw",4,3,"Clear","Urban Road","Damaged","Daylight","None",103,67,"Male","Expired","Yes","Bridge",1040,"Andhra Pradesh"
"Vijayawada",2018,"August","Thursday",1899-12-30 06:01:00.000,"Serious",3,"Cycle",8,4,"Hazy","National Highway","Wet","Daylight","Police Checkpost",75,36,"Male","Expired","Yes","Curve",1051,"Andhra Pradesh"
"Pune",2018,"July","Sunday",1899-12-30 01:49:00.000,"Serious",4,"Car",3,3,"Stormy","Urban Road","Damaged","Daylight","Signs",63,39,"Male","Expired","Yes","Bridge",1070,"Maharashtra"
"Siliguri",2021,"July","Thursday",1899-12-30 18:12:00.000,"Serious",3,"Bus",8,2,"Stormy","National Highway","Dry","Dawn","Signs",53,68,"Female","Expired","Yes","Straight Road",1080,"West Bengal"
"Bangalore",2020,"March","Friday",1899-12-30 16:30:00.000,"Fatal",5,"Pedestrian",9,3,"Clear","Urban Road","Wet","Daylight","Signals",46,27,"Female","Expired","Yes","Curve",1081,"Karnataka"
"Siliguri",2023,"October","Monday",1899-12-30 02:23:00.000,"Serious",3,"Cycle",0,5,"Rainy","Urban Road","Wet","Dusk","Signals",88,69,"Female","Expired","Yes","Bridge",1099,"West Bengal"
"Mysore",2020,"February","Friday",1899-12-30 23:22:00.000,"Minor",5,"Car",1,3,"Foggy","Village Road","Wet","Dawn","Signals",45,66,"Female","Expired","No","Straight Road",1102,"Karnataka"
"Rohini",2020,"May","Friday",1899-12-30 18:03:00.000,"Minor",5,"Bus",0,1,"Stormy","Village Road","Under Construction","Dusk","None",83,40,"Male","Expired","Yes","Straight Road",1103,"Delhi"
"Mysore",2021,"February","Sunday",1899-12-30 00:52:00.000,"Minor",4,"Bus",8,1,"Stormy","Village Road","Under Construction","Daylight","Police Checkpost",44,29,"Female","Expired","Yes","Intersection",1105,"Karnataka"
"Ahmedabad",2019,"September","Saturday",1899-12-30 05:18:00.000,"Minor",4,"Cycle",6,3,"Hazy","Village Road","Under Construction","Dawn","Police Checkpost",90,26,"Female","Expired","No","Intersection",1106,"Gujarat"
"Tirupati",2023,"December","Friday",1899-12-30 14:33:00.000,"Fatal",2,"Truck",1,2,"Clear","Village Road","Dry","Dusk","None",54,24,"Female","Expired","No","Curve",1113,"Andhra Pradesh"
"Coimbatore",2018,"August","Thursday",1899-12-30 12:45:00.000,"Serious",5,"Pedestrian",8,2,"Rainy","National Highway","Wet","Dawn","Signs",60,58,"Female","Expired","No","Curve",1119,"Tamil Nadu"
"Durgapur",2023,"November","Tuesday",1899-12-30 06:31:00.000,"Serious",4,"Truck",0,3,"Hazy","Urban Road","Damaged","Dawn","None",82,27,"Male","Expired","No","Intersection",1124,"West Bengal"
"New Delhi",2022,"March","Sunday",1899-12-30 13:56:00.000,"Fatal",3,"Two-Wheeler",5,0,"Foggy","Urban Road","Wet","Dusk","Signals",78,28,"Male","Expired","No","Bridge",1139,"Delhi"
"Vijayawada",2021,"November","Wednesday",1899-12-30 05:53:00.000,"Fatal",3,"Bus",0,3,"Foggy","Village Road","Damaged","Dark","Police Checkpost",84,48,"Female","Expired","No","Straight Road",1156,"Andhra Pradesh"
"Rohini",2019,"September","Tuesday",1899-12-30 15:13:00.000,"Minor",4,"Truck",5,0,"Stormy","Urban Road","Dry","Dawn","None",117,51,"Female","Expired","Yes","Curve",1163,"Delhi"
"Jaipur",2020,"September","Monday",1899-12-30 12:54:00.000,"Serious",4,"Auto-Rickshaw",6,1,"Clear","National Highway","Dry","Dawn","Signals",62,46,"Male","Expired","Yes","Intersection",1174,"Rajasthan"
"Chennai",2021,"March","Tuesday",1899-12-30 10:28:00.000,"Fatal",2,"Auto-Rickshaw",2,4,"Rainy","Urban Road","Dry","Dusk","None",45,64,"Male","Expired","No","Straight Road",1175,"Tamil Nadu"
"Lucknow",2022,"January","Sunday",1899-12-30 13:40:00.000,"Serious",2,"Pedestrian",3,0,"Hazy","Urban Road","Damaged","Dawn","Signs",62,59,"Male","Expired","No","Bridge",1184,"Uttar Pradesh"
"Visakhapatnam",2020,"November","Monday",1899-12-30 07:13:00.000,"Serious",2,"Car",9,0,"Stormy","Village Road","Under Construction","Dark","None",104,37,"Female","Expired","No","Intersection",1251,"Andhra Pradesh"
"Mangalore",2022,"May","Saturday",1899-12-30 21:05:00.000,"Serious",4,"Auto-Rickshaw",2,3,"Foggy","Urban Road","Under Construction","Dawn","Signals",98,21,"Female","Expired","Yes","Curve",1261,"Karnataka"
"Durgapur",2018,"February","Sunday",1899-12-30 08:14:00.000,"Fatal",5,"Truck",6,0,"Hazy","National Highway","Wet","Daylight","Police Checkpost",81,25,"Male","Expired","Yes","Straight Road",1271,"West Bengal"
"Siliguri",2021,"June","Saturday",1899-12-30 11:09:00.000,"Serious",2,"Cycle",4,4,"Foggy","State Highway","Dry","Dawn","Signs",89,31,"Male","Expired","Yes","Straight Road",1289,"West Bengal"
"Nagpur",2022,"July","Monday",1899-12-30 22:51:00.000,"Serious",2,"Truck",10,2,"Clear","State Highway","Under Construction","Dawn","Police Checkpost",90,39,"Female","Expired","Yes","Bridge",1291,"Maharashtra"
"Nagpur",2022,"December","Sunday",1899-12-30 22:36:00.000,"Serious",5,"Two-Wheeler",1,3,"Foggy","State Highway","Wet","Dawn","None",68,33,"Male","Expired","No","Intersection",1317,"Maharashtra"
"Vadodara",2021,"June","Friday",1899-12-30 02:27:00.000,"Minor",5,"Bus",2,3,"Clear","National Highway","Dry","Dusk","None",118,35,"Female","Expired","No","Bridge",1340,"Gujarat"
"Rohini",2023,"March","Tuesday",1899-12-30 09:02:00.000,"Minor",2,"Truck",7,5,"Foggy","Urban Road","Wet","Daylight","Police Checkpost",40,32,"Female","Expired","Yes","Intersection",1353,"Delhi"
"Ahmedabad",2019,"July","Wednesday",1899-12-30 07:25:00.000,"Minor",3,"Bus",10,0,"Rainy","National Highway","Wet","Daylight","Police Checkpost",35,68,"Male","Expired","No","Intersection",1376,"Gujarat"
"Siliguri",2023,"November","Thursday",1899-12-30 18:19:00.000,"Serious",5,"Car",7,4,"Hazy","National Highway","Damaged","Dawn","None",70,49,"Male","Expired","Yes","Curve",1384,"West Bengal"
"Coimbatore",2020,"April","Sunday",1899-12-30 10:19:00.000,"Fatal",2,"Auto-Rickshaw",1,5,"Rainy","Village Road","Dry","Dawn","Signals",73,51,"Male","Expired","No","Bridge",1395,"Tamil Nadu"
"Dwarka",2019,"August","Tuesday",1899-12-30 22:40:00.000,"Serious",5,"Auto-Rickshaw",10,2,"Clear","Village Road","Wet","Dusk","Signals",97,60,"Male","Expired","Yes","Curve",1397,"Delhi"
"Mysore",2021,"May","Friday",1899-12-30 10:18:00.000,"Minor",5,"Cycle",5,3,"Clear","Urban Road","Dry","Dark","Police Checkpost",53,47,"Female","Expired","Yes","Intersection",1399,"Karnataka"
"Jaipur",2020,"June","Thursday",1899-12-30 03:25:00.000,"Fatal",4,"Truck",0,4,"Stormy","State Highway","Wet","Daylight","Signs",43,22,"Male","Expired","Yes","Straight Road",1412,"Rajasthan"
"Jodhpur",2019,"August","Friday",1899-12-30 07:39:00.000,"Fatal",2,"Car",5,2,"Clear","State Highway","Dry","Daylight","Signs",67,47,"Male","Expired","No","Straight Road",1415,"Rajasthan"
"Tirupati",2022,"March","Sunday",1899-12-30 05:09:00.000,"Fatal",4,"Auto-Rickshaw",4,5,"Hazy","National Highway","Under Construction","Daylight","None",92,49,"Female","Expired","No","Straight Road",1451,"Andhra Pradesh"
"Vijayawada",2020,"December","Tuesday",1899-12-30 06:33:00.000,"Minor",4,"Bus",8,1,"Stormy","State Highway","Under Construction","Daylight","None",115,44,"Female","Expired","No","Straight Road",1472,"Andhra Pradesh"
"Ahmedabad",2018,"November","Thursday",1899-12-30 13:07:00.000,"Minor",4,"Two-Wheeler",0,2,"Hazy","Urban Road","Dry","Dawn","None",107,57,"Female","Expired","No","Straight Road",1474,"Gujarat"
"Jaipur",2023,"December","Saturday",1899-12-30 05:53:00.000,"Fatal",4,"Pedestrian",5,1,"Hazy","National Highway","Under Construction","Dark","Signals",41,56,"Female","Expired","No","Bridge",1493,"Rajasthan"
"Rohini",2021,"December","Wednesday",1899-12-30 05:47:00.000,"Serious",5,"Two-Wheeler",8,0,"Foggy","Village Road","Damaged","Dusk","None",103,31,"Female","Expired","Yes","Intersection",1496,"Delhi"
"Mumbai",2023,"October","Tuesday",1899-12-30 21:37:00.000,"Minor",2,"Auto-Rickshaw",7,1,"Stormy","Village Road","Dry","Dark","Signs",32,19,"Female","Expired","No","Intersection",1501,"Maharashtra"
"Varanasi",2018,"September","Sunday",1899-12-30 19:32:00.000,"Minor",3,"Cycle",1,5,"Stormy","Village Road","Dry","Dusk","Signs",109,36,"Male","Expired","Yes","Curve",1502,"Uttar Pradesh"
"Vadodara",2019,"October","Saturday",1899-12-30 14:16:00.000,"Minor",4,"Car",5,0,"Rainy","State Highway","Under Construction","Daylight","Signals",33,63,"Male","Expired","Yes","Straight Road",1528,"Gujarat"
"Jodhpur",2018,"December","Thursday",1899-12-30 12:21:00.000,"Minor",2,"Car",7,3,"Hazy","State Highway","Dry","Dark","Signals",43,44,"Female","Expired","No","Straight Road",1530,"Rajasthan"
"Coimbatore",2022,"April","Sunday",1899-12-30 07:32:00.000,"Serious",4,"Bus",1,4,"Hazy","Urban Road","Under Construction","Dark","Signs",34,43,"Male","Expired","Yes","Intersection",1563,"Tamil Nadu"
"New Delhi",2022,"March","Tuesday",1899-12-30 23:47:00.000,"Minor",4,"Pedestrian",2,0,"Stormy","Urban Road","Dry","Dusk","None",45,66,"Male","Expired","Yes","Straight Road",1620,"Delhi"
"Tirupati",2020,"March","Sunday",1899-12-30 06:45:00.000,"Serious",4,"Truck",5,2,"Hazy","National Highway","Wet","Daylight","Signals",88,21,"Male","Expired","No","Straight Road",1625,"Andhra Pradesh"
"New Delhi",2023,"July","Tuesday",1899-12-30 09:22:00.000,"Fatal",4,"Cycle",4,1,"Foggy","State Highway","Wet","Daylight","Signs",100,33,"Male","Expired","Yes","Straight Road",1641,"Delhi"
"Pune",2018,"July","Saturday",1899-12-30 08:57:00.000,"Minor",3,"Car",10,4,"Stormy","National Highway","Damaged","Dawn","Signals",42,54,"Female","Expired","No","Bridge",1663,"Maharashtra"
"Siliguri",2018,"December","Sunday",1899-12-30 19:34:00.000,"Minor",5,"Auto-Rickshaw",5,0,"Hazy","Urban Road","Dry","Dark","None",106,24,"Male","Expired","Yes","Bridge",1674,"West Bengal"
"Nagpur",2023,"March","Tuesday",1899-12-30 11:29:00.000,"Fatal",2,"Bus",4,3,"Stormy","State Highway","Under Construction","Daylight","Signs",30,22,"Male","Expired","Yes","Curve",1691,"Maharashtra"
"Siliguri",2021,"April","Friday",1899-12-30 04:04:00.000,"Serious",2,"Two-Wheeler",2,2,"Clear","Urban Road","Dry","Dark","None",36,26,"Male","Expired","No","Curve",1695,"West Bengal"
"Kanpur",2020,"March","Friday",1899-12-30 12:31:00.000,"Minor",5,"Cycle",0,2,"Foggy","Village Road","Damaged","Dusk","Signals",108,33,"Male","Expired","Yes","Straight Road",1704,"Uttar Pradesh"
"Madurai",2021,"May","Wednesday",1899-12-30 21:47:00.000,"Minor",4,"Bus",4,1,"Clear","National Highway","Damaged","Dawn","Signals",40,70,"Female","Expired","No","Intersection",1708,"Tamil Nadu"
"Bangalore",2021,"March","Wednesday",1899-12-30 03:38:00.000,"Minor",3,"Car",7,4,"Rainy","Village Road","Damaged","Dusk","Police Checkpost",86,48,"Male","Expired","Yes","Bridge",1746,"Karnataka"
"Mumbai",2023,"April","Sunday",1899-12-30 08:15:00.000,"Fatal",5,"Two-Wheeler",8,5,"Stormy","Village Road","Damaged","Dark","Signals",105,20,"Female","Expired","Yes","Curve",1778,"Maharashtra"
"Mysore",2022,"June","Friday",1899-12-30 21:24:00.000,"Minor",5,"Cycle",7,0,"Stormy","National Highway","Damaged","Dusk","Signals",53,21,"Male","Expired","Yes","Straight Road",1784,"Karnataka"
"Vadodara",2018,"March","Friday",1899-12-30 13:47:00.000,"Serious",5,"Two-Wheeler",3,2,"Stormy","Village Road","Dry","Dark","None",45,46,"Female","Expired","No","Curve",1798,"Gujarat"
"Pune",2020,"October","Thursday",1899-12-30 20:01:00.000,"Fatal",2,"Auto-Rickshaw",8,5,"Rainy","Urban Road","Under Construction","Dawn","Police Checkpost",45,53,"Male","Expired","No","Intersection",1802,"Maharashtra"
"Ahmedabad",2019,"January","Monday",1899-12-30 22:17:00.000,"Minor",3,"Truck",7,5,"Stormy","National Highway","Damaged","Dawn","None",104,23,"Male","Expired","Yes","Bridge",1818,"Gujarat"
"Siliguri",2021,"April","Thursday",1899-12-30 22:58:00.000,"Serious",2,"Pedestrian",6,2,"Rainy","National Highway","Under Construction","Dark","Signs",94,48,"Female","Expired","No","Bridge",1820,"West Bengal"
"Bangalore",2019,"July","Tuesday",1899-12-30 05:40:00.000,"Minor",5,"Truck",5,0,"Clear","Village Road","Damaged","Dark","Signs",52,36,"Male","Expired","Yes","Straight Road",1824,"Karnataka"
"Jodhpur",2019,"December","Sunday",1899-12-30 14:13:00.000,"Fatal",2,"Auto-Rickshaw",7,1,"Hazy","National Highway","Damaged","Dusk","Signs",51,36,"Female","Expired","Yes","Curve",1842,"Rajasthan"
"Kanpur",2018,"June","Monday",1899-12-30 05:40:00.000,"Fatal",4,"Bus",1,0,"Foggy","Village Road","Wet","Dark","Signs",32,58,"Male","Expired","No","Intersection",1845,"Uttar Pradesh"
"Mysore",2021,"October","Saturday",1899-12-30 11:32:00.000,"Minor",3,"Car",1,3,"Foggy","State Highway","Wet","Dusk","Police Checkpost",57,60,"Female","Expired","Yes","Straight Road",1858,"Karnataka"
"Vadodara",2021,"October","Thursday",1899-12-30 18:39:00.000,"Fatal",3,"Bus",2,0,"Foggy","Urban Road","Dry","Daylight","Police Checkpost",57,60,"Male","Expired","Yes","Curve",1862,"Gujarat"
"Mumbai",2019,"January","Friday",1899-12-30 14:28:00.000,"Minor",3,"Car",4,0,"Rainy","Village Road","Wet","Dusk","Signals",39,23,"Female","Expired","No","Intersection",1863,"Maharashtra"
"Siliguri",2018,"April","Wednesday",1899-12-30 20:59:00.000,"Serious",4,"Cycle",10,1,"Foggy","State Highway","Damaged","Dawn","Signals",37,35,"Female","Expired","No","Curve",1889,"West Bengal"
"Vijayawada",2022,"December","Friday",1899-12-30 06:30:00.000,"Serious",2,"Bus",8,4,"Rainy","National Highway","Dry","Dusk","Signals",59,56,"Male","Expired","No","Curve",1923,"Andhra Pradesh"
"Bangalore",2023,"March","Tuesday",1899-12-30 14:07:00.000,"Fatal",3,"Car",4,0,"Hazy","National Highway","Under Construction","Dusk","Signals",42,30,"Male","Expired","Yes","Curve",1933,"Karnataka"
"Kanpur",2022,"November","Friday",1899-12-30 12:08:00.000,"Fatal",2,"Truck",3,5,"Clear","State Highway","Damaged","Daylight","Police Checkpost",73,54,"Female","Expired","Yes","Curve",1986,"Uttar Pradesh"
"Coimbatore",2023,"January","Monday",1899-12-30 09:47:00.000,"Fatal",5,"Car",7,5,"Clear","Village Road","Under Construction","Dusk","Police Checkpost",44,21,"Female","Expired","No","Intersection",1993,"Tamil Nadu"
"Visakhapatnam",2023,"September","Tuesday",1899-12-30 20:07:00.000,"Fatal",3,"Car",2,1,"Stormy","National Highway","Wet","Dusk","Signs",91,38,"Female","Expired","No","Bridge",2007,"Andhra Pradesh"
"Lucknow",2021,"December","Thursday",1899-12-30 06:25:00.000,"Fatal",3,"Pedestrian",7,2,"Foggy","State Highway","Wet","Dark","Police Checkpost",51,49,"Male","Expired","Yes","Straight Road",2019,"Uttar Pradesh"
"Chennai",2019,"May","Friday",1899-12-30 06:32:00.000,"Serious",5,"Bus",9,4,"Stormy","Urban Road","Damaged","Daylight","Signals",55,39,"Male","Expired","No","Straight Road",2030,"Tamil Nadu"
"Vijayawada",2018,"December","Thursday",1899-12-30 18:18:00.000,"Serious",5,"Cycle",3,2,"Stormy","Village Road","Damaged","Dawn","Police Checkpost",58,33,"Male","Expired","No","Curve",2046,"Andhra Pradesh"
"Jodhpur",2022,"June","Thursday",1899-12-30 07:52:00.000,"Minor",5,"Bus",8,5,"Clear","State Highway","Wet","Dawn","Signals",112,23,"Female","Expired","Yes","Straight Road",2057,"Rajasthan"
"Udaipur",2020,"January","Thursday",1899-12-30 08:27:00.000,"Serious",2,"Two-Wheeler",3,2,"Rainy","National Highway","Under Construction","Dawn","None",67,29,"Female","Expired","Yes","Straight Road",2064,"Rajasthan"
"Chennai",2022,"November","Thursday",1899-12-30 10:22:00.000,"Serious",5,"Pedestrian",2,4,"Stormy","Village Road","Dry","Daylight","Signals",74,44,"Female","Expired","No","Bridge",2073,"Tamil Nadu"
"Mangalore",2023,"July","Thursday",1899-12-30 10:57:00.000,"Minor",5,"Auto-Rickshaw",9,3,"Hazy","Village Road","Under Construction","Dawn","None",91,29,"Female","Expired","No","Bridge",2091,"Karnataka"
"New Delhi",2021,"February","Monday",1899-12-30 13:20:00.000,"Serious",2,"Truck",0,3,"Clear","Village Road","Wet","Dawn","Police Checkpost",72,63,"Female","Expired","No","Curve",2097,"Delhi"
"Mumbai",2020,"October","Thursday",1899-12-30 08:28:00.000,"Fatal",3,"Truck",1,3,"Rainy","National Highway","Dry","Daylight","Signals",63,59,"Female","Expired","No","Intersection",2102,"Maharashtra"
"Kanpur",2021,"May","Wednesday",1899-12-30 09:39:00.000,"Fatal",4,"Truck",3,5,"Clear","Village Road","Wet","Dark","Police Checkpost",109,43,"Female","Expired","No","Intersection",2123,"Uttar Pradesh"
"Siliguri",2023,"January","Thursday",1899-12-30 07:57:00.000,"Fatal",4,"Pedestrian",2,4,"Foggy","National Highway","Under Construction","Dusk","Signals",88,23,"Male","Expired","Yes","Bridge",2145,"West Bengal"
"Durgapur",2023,"September","Friday",1899-12-30 09:42:00.000,"Minor",4,"Auto-Rickshaw",10,4,"Hazy","Urban Road","Dry","Dark","Police Checkpost",77,32,"Female","Expired","Yes","Curve",2147,"West Bengal"
"Siliguri",2019,"April","Sunday",1899-12-30 03:12:00.000,"Minor",2,"Bus",10,1,"Foggy","National Highway","Under Construction","Dusk","None",55,20,"Male","Expired","Yes","Bridge",2194,"West Bengal"
"Jodhpur",2020,"November","Thursday",1899-12-30 05:17:00.000,"Serious",5,"Auto-Rickshaw",6,1,"Stormy","Village Road","Under Construction","Daylight","Police Checkpost",50,35,"Male","Expired","No","Curve",2212,"Rajasthan"
"Lucknow",2021,"December","Saturday",1899-12-30 05:26:00.000,"Serious",2,"Bus",9,3,"Hazy","State Highway","Damaged","Dusk","Police Checkpost",75,52,"Female","Expired","No","Curve",2234,"Uttar Pradesh"
"Coimbatore",2019,"January","Friday",1899-12-30 05:49:00.000,"Serious",3,"Cycle",10,1,"Foggy","Village Road","Under Construction","Dark","None",112,62,"Male","Expired","Yes","Intersection",2287,"Tamil Nadu"
"Coimbatore",2020,"July","Tuesday",1899-12-30 11:50:00.000,"Fatal",2,"Two-Wheeler",5,1,"Stormy","State Highway","Dry","Dawn","Signals",46,18,"Female","Expired","Yes","Bridge",2296,"Tamil Nadu"
"Mumbai",2019,"October","Thursday",1899-12-30 19:01:00.000,"Serious",2,"Cycle",3,5,"Stormy","Urban Road","Under Construction","Dark","Signals",41,35,"Female","Expired","No","Bridge",2317,"Maharashtra"
"Mumbai",2018,"April","Friday",1899-12-30 17:55:00.000,"Fatal",5,"Truck",1,2,"Stormy","National Highway","Dry","Dark","Signals",85,31,"Female","Expired","No","Curve",2329,"Maharashtra"
"Madurai",2018,"May","Wednesday",1899-12-30 11:22:00.000,"Minor",3,"Cycle",5,0,"Foggy","National Highway","Dry","Dawn","Signs",79,43,"Male","Expired","Yes","Straight Road",2336,"Tamil Nadu"
"Coimbatore",2021,"September","Tuesday",1899-12-30 05:17:00.000,"Minor",3,"Two-Wheeler",6,2,"Rainy","Urban Road","Wet","Dusk","None",72,32,"Female","Expired","Yes","Bridge",2354,"Tamil Nadu"
"Jodhpur",2023,"September","Monday",1899-12-30 03:43:00.000,"Fatal",5,"Bus",9,3,"Foggy","Urban Road","Dry","Daylight","Signals",42,19,"Male","Expired","Yes","Straight Road",2396,"Rajasthan"
"Lucknow",2021,"December","Sunday",1899-12-30 14:14:00.000,"Minor",4,"Two-Wheeler",1,1,"Stormy","National Highway","Wet","Dusk","Signals",79,57,"Female","Expired","No","Straight Road",2416,"Uttar Pradesh"
"Vijayawada",2019,"December","Thursday",1899-12-30 19:40:00.000,"Fatal",4,"Truck",2,1,"Stormy","Urban Road","Damaged","Dark","Signals",105,60,"Male","Expired","No","Curve",2417,"Andhra Pradesh"
"Mumbai",2021,"December","Monday",1899-12-30 21:47:00.000,"Serious",3,"Two-Wheeler",10,1,"Rainy","Urban Road","Wet","Dark","Police Checkpost",100,70,"Male","Expired","Yes","Curve",2422,"Maharashtra"
"Varanasi",2020,"October","Saturday",1899-12-30 12:43:00.000,"Minor",3,"Truck",5,0,"Foggy","State Highway","Under Construction","Dark","Police Checkpost",105,49,"Male","Expired","No","Intersection",2425,"Uttar Pradesh"
"Visakhapatnam",2022,"October","Friday",1899-12-30 05:05:00.000,"Minor",4,"Auto-Rickshaw",1,5,"Rainy","National Highway","Under Construction","Dusk","Signs",33,26,"Male","Expired","Yes","Bridge",2427,"Andhra Pradesh"
"Durgapur",2020,"February","Tuesday",1899-12-30 10:34:00.000,"Fatal",2,"Truck",5,1,"Rainy","National Highway","Wet","Dawn","Police Checkpost",108,68,"Male","Expired","Yes","Bridge",2432,"West Bengal"
"Tirupati",2023,"July","Sunday",1899-12-30 16:34:00.000,"Serious",3,"Truck",10,3,"Hazy","State Highway","Dry","Dark","Signals",40,27,"Male","Expired","Yes","Curve",2438,"Andhra Pradesh"
"Mysore",2023,"June","Friday",1899-12-30 04:36:00.000,"Fatal",4,"Two-Wheeler",6,2,"Clear","Urban Road","Damaged","Dusk","Signs",113,37,"Female","Expired","Yes","Intersection",2446,"Karnataka"
"Lucknow",2019,"February","Monday",1899-12-30 21:20:00.000,"Minor",5,"Pedestrian",3,4,"Stormy","Village Road","Damaged","Dusk","Police Checkpost",65,21,"Female","Expired","Yes","Intersection",2456,"Uttar Pradesh"
"Udaipur",2023,"July","Friday",1899-12-30 11:38:00.000,"Minor",3,"Car",0,4,"Clear","State Highway","Dry","Dark","Signals",32,25,"Male","Expired","Yes","Straight Road",2458,"Rajasthan"
"Jaipur",2022,"February","Friday",1899-12-30 21:55:00.000,"Fatal",3,"Truck",4,4,"Hazy","Village Road","Wet","Dusk","Signals",39,39,"Female","Expired","No","Curve",2466,"Rajasthan"
"Mumbai",2019,"July","Tuesday",1899-12-30 12:22:00.000,"Serious",2,"Bus",10,5,"Hazy","State Highway","Dry","Daylight","Signs",111,60,"Female","Expired","No","Bridge",2473,"Maharashtra"
"New Delhi",2022,"December","Friday",1899-12-30 10:59:00.000,"Serious",2,"Two-Wheeler",6,0,"Stormy","State Highway","Wet","Dark","Signals",43,37,"Female","Expired","Yes","Curve",2476,"Delhi"
"Kolkata",2023,"July","Wednesday",1899-12-30 17:55:00.000,"Fatal",4,"Cycle",2,1,"Hazy","Urban Road","Wet","Dusk","Signals",86,20,"Female","Expired","Yes","Curve",2480,"West Bengal"
"Surat",2021,"January","Friday",1899-12-30 07:24:00.000,"Serious",2,"Auto-Rickshaw",4,5,"Rainy","State Highway","Wet","Dusk","Signs",94,48,"Female","Expired","Yes","Curve",2503,"Gujarat"
"Jodhpur",2020,"December","Monday",1899-12-30 01:15:00.000,"Minor",5,"Two-Wheeler",2,4,"Clear","State Highway","Under Construction","Dusk","Signs",74,26,"Male","Expired","No","Curve",2511,"Rajasthan"
"Kanpur",2022,"February","Sunday",1899-12-30 23:41:00.000,"Serious",4,"Truck",3,4,"Foggy","Village Road","Damaged","Dawn","Police Checkpost",35,44,"Female","Expired","Yes","Curve",2513,"Uttar Pradesh"
"Lucknow",2020,"November","Wednesday",1899-12-30 18:31:00.000,"Minor",4,"Auto-Rickshaw",1,0,"Rainy","State Highway","Dry","Daylight","Police Checkpost",77,19,"Male","Expired","Yes","Intersection",2519,"Uttar Pradesh"
"Chennai",2023,"August","Sunday",1899-12-30 02:37:00.000,"Fatal",5,"Car",9,0,"Foggy","Urban Road","Dry","Dawn","Signals",64,66,"Female","Expired","No","Bridge",2530,"Tamil Nadu"
"New Delhi",2021,"April","Wednesday",1899-12-30 01:16:00.000,"Fatal",4,"Two-Wheeler",7,4,"Clear","National Highway","Under Construction","Dawn","None",119,56,"Male","Expired","Yes","Curve",2558,"Delhi"
"Chennai",2022,"June","Saturday",1899-12-30 19:22:00.000,"Serious",4,"Pedestrian",2,0,"Foggy","State Highway","Dry","Daylight","Signs",119,62,"Female","Expired","No","Intersection",2571,"Tamil Nadu"
"Dwarka",2018,"April","Wednesday",1899-12-30 06:02:00.000,"Serious",3,"Cycle",3,0,"Stormy","Village Road","Wet","Daylight","Signs",61,63,"Female","Expired","Yes","Straight Road",2575,"Delhi"
"Jodhpur",2022,"November","Sunday",1899-12-30 00:51:00.000,"Serious",4,"Pedestrian",1,2,"Clear","Village Road","Under Construction","Dusk","Police Checkpost",115,64,"Female","Expired","Yes","Straight Road",2597,"Rajasthan"
"Bangalore",2023,"December","Saturday",1899-12-30 15:23:00.000,"Minor",4,"Pedestrian",2,1,"Foggy","Urban Road","Damaged","Daylight","Police Checkpost",69,70,"Female","Expired","No","Bridge",2598,"Karnataka"
"Ahmedabad",2022,"November","Friday",1899-12-30 19:57:00.000,"Serious",3,"Two-Wheeler",7,3,"Hazy","State Highway","Under Construction","Dusk","Police Checkpost",107,27,"Female","Expired","Yes","Straight Road",2602,"Gujarat"
"Vadodara",2018,"February","Monday",1899-12-30 10:59:00.000,"Serious",3,"Two-Wheeler",5,1,"Clear","State Highway","Dry","Daylight","Police Checkpost",87,23,"Male","Expired","Yes","Curve",2662,"Gujarat"
"Lucknow",2022,"September","Thursday",1899-12-30 20:23:00.000,"Minor",3,"Two-Wheeler",8,3,"Rainy","State Highway","Damaged","Dawn","Signals",114,29,"Female","Expired","Yes","Bridge",2672,"Uttar Pradesh"
"Kanpur",2018,"November","Sunday",1899-12-30 18:21:00.000,"Serious",2,"Two-Wheeler",9,2,"Foggy","Village Road","Dry","Dawn","None",107,58,"Male","Expired","Yes","Curve",2680,"Uttar Pradesh"
"Coimbatore",2022,"May","Saturday",1899-12-30 13:58:00.000,"Fatal",3,"Car",8,4,"Clear","State Highway","Dry","Dark","Signs",109,37,"Male","Expired","No","Bridge",2686,"Tamil Nadu"
"Jaipur",2022,"April","Sunday",1899-12-30 19:34:00.000,"Minor",3,"Truck",6,5,"Clear","State Highway","Dry","Dark","Signs",42,39,"Female","Expired","No","Curve",2732,"Rajasthan"
"Kolkata",2021,"November","Saturday",1899-12-30 03:04:00.000,"Minor",2,"Two-Wheeler",3,5,"Stormy","National Highway","Dry","Dawn","Signals",103,70,"Female","Expired","No","Curve",2734,"West Bengal"
"Mysore",2022,"October","Thursday",1899-12-30 22:34:00.000,"Fatal",2,"Cycle",0,1,"Clear","Urban Road","Under Construction","Dawn","Police Checkpost",119,32,"Male","Expired","No","Straight Road",2754,"Karnataka"
"Varanasi",2019,"October","Tuesday",1899-12-30 19:45:00.000,"Minor",3,"Auto-Rickshaw",6,3,"Stormy","National Highway","Wet","Dusk","Signals",70,69,"Female","Expired","Yes","Bridge",2819,"Uttar Pradesh"
"Durgapur",2023,"May","Tuesday",1899-12-30 06:17:00.000,"Minor",5,"Car",1,1,"Hazy","State Highway","Damaged","Dawn","None",70,60,"Male","Expired","Yes","Intersection",2834,"West Bengal"
"Mysore",2018,"July","Tuesday",1899-12-30 02:11:00.000,"Minor",4,"Pedestrian",8,3,"Rainy","Urban Road","Wet","Dusk","Police Checkpost",47,48,"Female","Expired","Yes","Curve",2841,"Karnataka"
"Lucknow",2020,"June","Friday",1899-12-30 21:11:00.000,"Serious",2,"Cycle",4,0,"Clear","State Highway","Damaged","Daylight","None",51,39,"Male","Expired","No","Bridge",2845,"Uttar Pradesh"
"Dwarka",2018,"April","Saturday",1899-12-30 10:52:00.000,"Serious",3,"Cycle",6,4,"Rainy","National Highway","Damaged","Dark","Police Checkpost",81,18,"Female","Expired","Yes","Bridge",2863,"Delhi"
"Vadodara",2019,"August","Wednesday",1899-12-30 19:09:00.000,"Fatal",3,"Auto-Rickshaw",7,1,"Clear","National Highway","Wet","Daylight","Police Checkpost",82,53,"Male","Expired","Yes","Intersection",2877,"Gujarat"
"Durgapur",2021,"February","Saturday",1899-12-30 02:03:00.000,"Fatal",5,"Car",8,0,"Clear","National Highway","Wet","Daylight","None",119,43,"Male","Expired","No","Bridge",2898,"West Bengal"
"Vadodara",2022,"August","Saturday",1899-12-30 06:07:00.000,"Minor",4,"Car",5,3,"Clear","State Highway","Under Construction","Daylight","Police Checkpost",114,30,"Male","Expired","No","Intersection",2899,"Gujarat"
"Jodhpur",2023,"June","Thursday",1899-12-30 09:45:00.000,"Fatal",2,"Pedestrian",2,5,"Rainy","National Highway","Wet","Daylight","Police Checkpost",93,50,"Female","Expired","No","Bridge",2926,"Rajasthan"
"New Delhi",2018,"September","Monday",1899-12-30 20:44:00.000,"Fatal",4,"Auto-Rickshaw",5,4,"Hazy","Urban Road","Wet","Dusk","Signals",115,25,"Male","Expired","Yes","Bridge",2945,"Delhi"
"Varanasi",2023,"February","Tuesday",1899-12-30 03:27:00.000,"Minor",4,"Bus",9,1,"Hazy","Urban Road","Wet","Dark","Signals",93,62,"Male","Expired","Yes","Curve",2959,"Uttar Pradesh"
"Chennai",2019,"March","Thursday",1899-12-30 13:32:00.000,"Fatal",3,"Truck",8,2,"Rainy","National Highway","Dry","Daylight","None",107,68,"Female","Expired","Yes","Intersection",2973,"Tamil Nadu"
"Durgapur",2019,"May","Thursday",1899-12-30 17:46:00.000,"Fatal",3,"Truck",5,4,"Rainy","National Highway","Dry","Dawn","Signs",36,69,"Female","Expired","No","Curve",2974,"West Bengal"
"Udaipur",2021,"February","Wednesday",1899-12-30 21:36:00.000,"Serious",3,"Truck",7,0,"Foggy","National Highway","Damaged","Daylight","None",50,57,"Female","Expired","Yes","Straight Road",2977,"Rajasthan"
"Nagpur",2022,"January","Tuesday",1899-12-30 02:02:00.000,"Minor",2,"Auto-Rickshaw",9,0,"Hazy","State Highway","Damaged","Dawn","Signs",32,62,"Female","Expired","Yes","Straight Road",2982,"Maharashtra"
"Chennai",2021,"January","Sunday",1899-12-30 01:15:00.000,"Minor",5,"Truck",4,3,"Foggy","National Highway","Wet","Dark","Signs",74,43,"Male","Expired","Yes","Intersection",2996,"Tamil Nadu"
"Varanasi",2022,"July","Friday",1899-12-30 18:51:00.000,"Fatal",1,"Two-Wheeler",9,4,"Clear","National Highway","Wet","Dawn","Signals",34,23,"Female","Expired","Yes","Bridge",23,"Uttar Pradesh"
"Vijayawada",2022,"January","Monday",1899-12-30 07:51:00.000,"Minor",1,"Pedestrian",0,0,"Clear","National Highway","Dry","Dawn","None",95,51,"Female","Expired","No","Bridge",62,"Andhra Pradesh"
"Ahmedabad",2022,"August","Sunday",1899-12-30 12:26:00.000,"Serious",1,"Two-Wheeler",3,3,"Rainy","State Highway","Under Construction","Daylight","Signs",59,55,"Female","Expired","Yes","Bridge",97,"Gujarat"
"Kolkata",2018,"June","Saturday",1899-12-30 20:12:00.000,"Serious",1,"Bus",0,3,"Rainy","State Highway","Under Construction","Dawn","Police Checkpost",88,53,"Male","Expired","Yes","Intersection",127,"West Bengal"
"Bangalore",2020,"May","Monday",1899-12-30 02:21:00.000,"Fatal",1,"Two-Wheeler",6,1,"Rainy","Village Road","Wet","Daylight","Police Checkpost",54,29,"Male","Expired","Yes","Straight Road",146,"Karnataka"
"Chennai",2022,"April","Saturday",1899-12-30 14:54:00.000,"Serious",1,"Truck",3,2,"Hazy","Urban Road","Under Construction","Dawn","Signs",69,41,"Male","Expired","Yes","Curve",151,"Tamil Nadu"
"New Delhi",2021,"September","Thursday",1899-12-30 20:15:00.000,"Serious",1,"Truck",10,0,"Stormy","National Highway","Damaged","Dusk","Signs",102,63,"Female","Expired","Yes","Straight Road",218,"Delhi"
"Vijayawada",2022,"October","Tuesday",1899-12-30 09:38:00.000,"Serious",1,"Cycle",5,3,"Hazy","National Highway","Wet","Dusk","Signs",112,20,"Male","Expired","No","Curve",284,"Andhra Pradesh"
"Coimbatore",2018,"November","Sunday",1899-12-30 15:36:00.000,"Minor",1,"Auto-Rickshaw",8,0,"Hazy","State Highway","Under Construction","Dawn","None",103,47,"Male","Expired","Yes","Straight Road",371,"Tamil Nadu"
"Varanasi",2021,"June","Monday",1899-12-30 20:31:00.000,"Fatal",1,"Cycle",10,2,"Stormy","Village Road","Dry","Dusk","Police Checkpost",87,27,"Male","Expired","No","Intersection",383,"Uttar Pradesh"
"Udaipur",2020,"February","Tuesday",1899-12-30 04:58:00.000,"Serious",1,"Cycle",8,1,"Rainy","National Highway","Dry","Dawn","Signs",79,62,"Male","Expired","No","Intersection",439,"Rajasthan"
"Siliguri",2021,"May","Sunday",1899-12-30 09:08:00.000,"Fatal",1,"Bus",2,2,"Stormy","Village Road","Damaged","Dawn","Signs",65,42,"Male","Expired","No","Bridge",549,"West Bengal"
"Mangalore",2023,"December","Wednesday",1899-12-30 02:16:00.000,"Minor",1,"Truck",0,4,"Rainy","Urban Road","Damaged","Dawn","Signs",60,68,"Female","Expired","Yes","Straight Road",582,"Karnataka"
"Tirupati",2019,"April","Tuesday",1899-12-30 18:07:00.000,"Serious",1,"Car",10,5,"Hazy","Village Road","Under Construction","Dawn","Signals",37,46,"Male","Expired","Yes","Intersection",630,"Andhra Pradesh"
"Jodhpur",2020,"September","Tuesday",1899-12-30 04:30:00.000,"Serious",1,"Cycle",0,2,"Stormy","Village Road","Dry","Dawn","Signals",50,32,"Female","Expired","No","Intersection",710,"Rajasthan"
"Bangalore",2021,"October","Friday",1899-12-30 13:08:00.000,"Minor",1,"Pedestrian",2,3,"Stormy","Urban Road","Dry","Dawn","Signs",97,37,"Male","Expired","No","Straight Road",812,"Karnataka"
"New Delhi",2020,"July","Friday",1899-12-30 21:15:00.000,"Serious",1,"Car",8,0,"Clear","Urban Road","Under Construction","Dusk","Police Checkpost",81,68,"Male","Expired","Yes","Straight Road",888,"Delhi"
"Jaipur",2018,"October","Saturday",1899-12-30 04:24:00.000,"Minor",1,"Bus",9,2,"Rainy","Urban Road","Wet","Dusk","Signs",79,64,"Male","Expired","No","Intersection",932,"Rajasthan"
"Kanpur",2018,"March","Saturday",1899-12-30 08:51:00.000,"Fatal",1,"Cycle",7,5,"Clear","Urban Road","Under Construction","Daylight","Signs",81,39,"Male","Expired","No","Straight Road",964,"Uttar Pradesh"
"Kanpur",2018,"December","Sunday",1899-12-30 21:40:00.000,"Serious",1,"Auto-Rickshaw",10,0,"Stormy","Urban Road","Dry","Dark","Signs",89,42,"Female","Expired","Yes","Bridge",1058,"Uttar Pradesh"
"Nagpur",2019,"March","Monday",1899-12-30 11:29:00.000,"Fatal",1,"Car",2,4,"Rainy","Urban Road","Damaged","Dark","Police Checkpost",108,59,"Female","Expired","No","Curve",1133,"Maharashtra"
"Nagpur",2021,"August","Tuesday",1899-12-30 08:50:00.000,"Minor",1,"Two-Wheeler",10,3,"Clear","Village Road","Dry","Daylight","Police Checkpost",80,19,"Female","Expired","Yes","Curve",1152,"Maharashtra"
"Jaipur",2022,"May","Tuesday",1899-12-30 04:17:00.000,"Minor",1,"Auto-Rickshaw",10,2,"Foggy","Village Road","Dry","Dark","None",59,35,"Female","Expired","Yes","Straight Road",1173,"Rajasthan"
"Jaipur",2019,"December","Friday",1899-12-30 12:11:00.000,"Serious",1,"Bus",1,2,"Clear","Urban Road","Under Construction","Dusk","Police Checkpost",45,26,"Female","Expired","Yes","Intersection",1246,"Rajasthan"
"Rohini",2018,"June","Saturday",1899-12-30 10:30:00.000,"Serious",1,"Two-Wheeler",2,1,"Clear","State Highway","Dry","Dark","None",111,56,"Male","Expired","Yes","Intersection",1274,"Delhi"
"Madurai",2021,"December","Saturday",1899-12-30 16:57:00.000,"Fatal",1,"Car",0,0,"Hazy","National Highway","Damaged","Dusk","None",111,25,"Male","Expired","Yes","Curve",1275,"Tamil Nadu"
"Pune",2022,"June","Friday",1899-12-30 19:19:00.000,"Serious",1,"Cycle",8,5,"Rainy","Urban Road","Under Construction","Dusk","Signals",94,25,"Male","Expired","Yes","Straight Road",1278,"Maharashtra"
"Surat",2022,"August","Sunday",1899-12-30 07:11:00.000,"Minor",1,"Auto-Rickshaw",10,0,"Clear","Urban Road","Dry","Dark","Signals",120,46,"Male","Expired","Yes","Bridge",1283,"Gujarat"
"Vadodara",2022,"April","Tuesday",1899-12-30 13:33:00.000,"Serious",1,"Two-Wheeler",9,0,"Hazy","State Highway","Under Construction","Daylight","Police Checkpost",89,37,"Female","Expired","Yes","Curve",1323,"Gujarat"
"Kolkata",2019,"November","Friday",1899-12-30 02:15:00.000,"Serious",1,"Two-Wheeler",7,2,"Rainy","National Highway","Damaged","Dawn","Police Checkpost",71,38,"Male","Expired","Yes","Curve",1367,"West Bengal"
"Coimbatore",2018,"October","Saturday",1899-12-30 19:23:00.000,"Serious",1,"Bus",2,1,"Foggy","State Highway","Dry","Dawn","Signs",59,18,"Female","Expired","No","Straight Road",1370,"Tamil Nadu"
"Surat",2018,"February","Tuesday",1899-12-30 17:10:00.000,"Fatal",1,"Bus",5,0,"Rainy","Urban Road","Under Construction","Dawn","Police Checkpost",75,18,"Male","Expired","Yes","Curve",1512,"Gujarat"
"Surat",2020,"October","Sunday",1899-12-30 14:17:00.000,"Fatal",1,"Pedestrian",8,4,"Stormy","State Highway","Damaged","Daylight","None",55,28,"Female","Expired","Yes","Bridge",1574,"Gujarat"
"Dwarka",2022,"January","Wednesday",1899-12-30 22:53:00.000,"Minor",1,"Truck",10,5,"Hazy","Village Road","Dry","Dusk","None",104,35,"Male","Expired","No","Straight Road",1584,"Delhi"
"Bangalore",2022,"February","Wednesday",1899-12-30 00:25:00.000,"Minor",1,"Cycle",0,5,"Rainy","National Highway","Under Construction","Dusk","None",72,38,"Female","Expired","Yes","Straight Road",1599,"Karnataka"
"Madurai",2023,"December","Monday",1899-12-30 01:56:00.000,"Fatal",1,"Bus",3,5,"Rainy","State Highway","Damaged","Dusk","Signals",87,28,"Female","Expired","No","Intersection",1712,"Tamil Nadu"
"Chennai",2022,"November","Tuesday",1899-12-30 04:04:00.000,"Serious",1,"Truck",0,0,"Foggy","State Highway","Dry","Dawn","Police Checkpost",38,22,"Male","Expired","Yes","Bridge",1811,"Tamil Nadu"
"Vijayawada",2021,"August","Wednesday",1899-12-30 06:12:00.000,"Minor",1,"Car",2,2,"Rainy","Village Road","Under Construction","Dawn","None",48,43,"Male","Expired","Yes","Bridge",1835,"Andhra Pradesh"
"Jaipur",2018,"February","Monday",1899-12-30 07:01:00.000,"Serious",1,"Pedestrian",4,5,"Hazy","Urban Road","Under Construction","Dark","Signals",73,23,"Male","Expired","Yes","Curve",1897,"Rajasthan"
"Bangalore",2022,"December","Tuesday",1899-12-30 08:14:00.000,"Minor",1,"Truck",3,2,"Clear","Village Road","Dry","Daylight","Signs",109,23,"Female","Expired","No","Curve",1912,"Karnataka"
"Tirupati",2018,"November","Monday",1899-12-30 09:44:00.000,"Fatal",1,"Pedestrian",3,1,"Hazy","Urban Road","Damaged","Dark","Signs",98,22,"Female","Expired","No","Straight Road",1922,"Andhra Pradesh"
"Rohini",2021,"July","Friday",1899-12-30 06:50:00.000,"Serious",1,"Truck",0,0,"Hazy","Village Road","Wet","Dark","Signs",92,41,"Male","Expired","No","Curve",1925,"Delhi"
"Udaipur",2021,"June","Sunday",1899-12-30 12:23:00.000,"Minor",1,"Auto-Rickshaw",2,1,"Clear","State Highway","Under Construction","Dusk","Signs",80,34,"Female","Expired","Yes","Intersection",1930,"Rajasthan"
"Tirupati",2019,"October","Thursday",1899-12-30 06:21:00.000,"Fatal",1,"Pedestrian",0,0,"Hazy","National Highway","Dry","Dark","None",53,68,"Female","Expired","No","Curve",2026,"Andhra Pradesh"
"Surat",2022,"August","Sunday",1899-12-30 13:32:00.000,"Serious",1,"Truck",10,1,"Rainy","National Highway","Wet","Dusk","Police Checkpost",83,28,"Male","Expired","Yes","Bridge",2079,"Gujarat"
"Kanpur",2019,"March","Friday",1899-12-30 22:01:00.000,"Serious",1,"Auto-Rickshaw",8,5,"Rainy","Village Road","Under Construction","Dawn","Police Checkpost",57,40,"Female","Expired","No","Bridge",2218,"Uttar Pradesh"
"Kolkata",2022,"November","Saturday",1899-12-30 22:31:00.000,"Fatal",1,"Cycle",7,5,"Foggy","National Highway","Dry","Daylight","Signs",111,65,"Female","Expired","No","Straight Road",2240,"West Bengal"
"Chennai",2021,"September","Sunday",1899-12-30 14:48:00.000,"Fatal",1,"Pedestrian",8,3,"Stormy","Urban Road","Damaged","Daylight","Police Checkpost",63,45,"Female","Expired","Yes","Intersection",2263,"Tamil Nadu"
"Tirupati",2023,"March","Thursday",1899-12-30 08:37:00.000,"Fatal",1,"Pedestrian",0,1,"Foggy","State Highway","Damaged","Dusk","None",49,28,"Female","Expired","No","Curve",2272,"Andhra Pradesh"
"Siliguri",2018,"July","Tuesday",1899-12-30 09:28:00.000,"Fatal",1,"Two-Wheeler",10,0,"Rainy","National Highway","Dry","Dawn","Police Checkpost",115,49,"Male","Expired","Yes","Intersection",2280,"West Bengal"
"Chennai",2020,"April","Friday",1899-12-30 11:13:00.000,"Minor",1,"Auto-Rickshaw",3,3,"Foggy","Urban Road","Under Construction","Daylight","Police Checkpost",99,31,"Male","Expired","Yes","Curve",2299,"Tamil Nadu"
"Lucknow",2018,"September","Friday",1899-12-30 16:25:00.000,"Serious",1,"Pedestrian",0,4,"Foggy","Urban Road","Damaged","Dark","Signs",107,60,"Male","Expired","Yes","Straight Road",2325,"Uttar Pradesh"
"Vijayawada",2023,"October","Wednesday",1899-12-30 15:40:00.000,"Fatal",1,"Car",10,3,"Hazy","Urban Road","Damaged","Dusk","None",42,68,"Male","Expired","No","Intersection",2357,"Andhra Pradesh"
"Kanpur",2021,"June","Friday",1899-12-30 21:50:00.000,"Minor",1,"Cycle",5,4,"Clear","Village Road","Wet","Dawn","Police Checkpost",119,58,"Male","Expired","Yes","Straight Road",2369,"Uttar Pradesh"
"Bangalore",2022,"July","Thursday",1899-12-30 01:47:00.000,"Fatal",1,"Pedestrian",8,4,"Rainy","National Highway","Wet","Daylight","Signs",58,20,"Female","Expired","Yes","Straight Road",2382,"Karnataka"
"Ahmedabad",2018,"January","Thursday",1899-12-30 18:02:00.000,"Fatal",1,"Bus",4,2,"Rainy","State Highway","Dry","Dusk","Signs",33,19,"Male","Expired","Yes","Bridge",2406,"Gujarat"
"Ahmedabad",2022,"June","Monday",1899-12-30 08:18:00.000,"Fatal",1,"Cycle",1,3,"Hazy","Village Road","Dry","Dusk","Signs",102,64,"Female","Expired","No","Curve",2415,"Gujarat"
"Durgapur",2022,"May","Sunday",1899-12-30 15:52:00.000,"Fatal",1,"Pedestrian",10,3,"Hazy","State Highway","Wet","Dawn","Signs",111,47,"Female","Expired","Yes","Bridge",2424,"West Bengal"
"Visakhapatnam",2018,"December","Thursday",1899-12-30 10:38:00.000,"Minor",1,"Car",2,5,"Clear","State Highway","Damaged","Dark","Signals",88,41,"Female","Expired","Yes","Intersection",2440,"Andhra Pradesh"
"Vadodara",2019,"March","Monday",1899-12-30 02:41:00.000,"Fatal",1,"Bus",10,1,"Stormy","Village Road","Under Construction","Dusk","Police Checkpost",89,51,"Female","Expired","No","Straight Road",2448,"Gujarat"
"Bangalore",2022,"January","Tuesday",1899-12-30 02:08:00.000,"Fatal",1,"Auto-Rickshaw",10,4,"Stormy","National Highway","Wet","Dawn","Signs",47,34,"Female","Expired","No","Bridge",2460,"Karnataka"
"Siliguri",2023,"April","Sunday",1899-12-30 13:02:00.000,"Serious",1,"Bus",10,3,"Rainy","Village Road","Damaged","Dusk","Signals",79,45,"Female","Expired","No","Intersection",2521,"West Bengal"
"Bangalore",2018,"July","Monday",1899-12-30 04:02:00.000,"Fatal",1,"Pedestrian",4,0,"Clear","Urban Road","Dry","Dusk","None",83,70,"Female","Expired","No","Bridge",2533,"Karnataka"
"Jaipur",2019,"July","Saturday",1899-12-30 11:14:00.000,"Fatal",1,"Car",5,1,"Stormy","National Highway","Wet","Dark","Police Checkpost",71,59,"Female","Expired","No","Straight Road",2593,"Rajasthan"
"Mysore",2018,"January","Saturday",1899-12-30 19:34:00.000,"Serious",1,"Two-Wheeler",0,2,"Rainy","State Highway","Wet","Daylight","Signals",37,28,"Male","Expired","Yes","Intersection",2640,"Karnataka"
"Jaipur",2020,"June","Saturday",1899-12-30 14:31:00.000,"Minor",1,"Auto-Rickshaw",4,0,"Foggy","Urban Road","Damaged","Daylight","Signals",119,44,"Male","Expired","Yes","Straight Road",2694,"Rajasthan"
"Madurai",2020,"June","Thursday",1899-12-30 03:45:00.000,"Fatal",1,"Bus",4,0,"Stormy","National Highway","Under Construction","Dark","Signs",107,20,"Female","Expired","Yes","Intersection",2848,"Tamil Nadu"
"Visakhapatnam",2023,"November","Friday",1899-12-30 12:58:00.000,"Minor",1,"Auto-Rickshaw",3,2,"Clear","State Highway","Damaged","Dark","Police Checkpost",114,55,"Female","Expired","Yes","Intersection",2892,"Andhra Pradesh"
"New Delhi",2020,"January","Friday",1899-12-30 09:56:00.000,"Minor",1,"Auto-Rickshaw",0,4,"Hazy","State Highway","Under Construction","Dawn","Signals",30,23,"Female","Expired","Yes","Straight Road",2912,"Delhi"
"Udaipur",2022,"December","Thursday",1899-12-30 10:15:00.000,"Serious",1,"Pedestrian",3,0,"Stormy","Village Road","Damaged","Dusk","None",115,29,"Male","Expired","Yes","Straight Road",2967,"Rajasthan"
"Jodhpur",2018,"August","Saturday",1899-12-30 02:01:00.000,"Fatal",2,"Car",3,2,"Foggy","State Highway","Under Construction","Dark","Signs",110,50,"Female","None","Yes","Straight Road",10,"Rajasthan"
"Nagpur",2022,"December","Tuesday",1899-12-30 13:34:00.000,"Serious",3,"Cycle",1,3,"Foggy","National Highway","Dry","Daylight","None",106,48,"Male","None","No","Intersection",24,"Maharashtra"
"Madurai",2018,"August","Tuesday",1899-12-30 11:10:00.000,"Fatal",3,"Auto-Rickshaw",2,2,"Stormy","National Highway","Wet","Daylight","Police Checkpost",92,43,"Female","None","Yes","Intersection",26,"Tamil Nadu"
"Durgapur",2021,"November","Friday",1899-12-30 09:04:00.000,"Minor",3,"Auto-Rickshaw",4,4,"Foggy","State Highway","Damaged","Dark","Signs",82,53,"Male","None","No","Intersection",47,"West Bengal"
"Mysore",2019,"October","Monday",1899-12-30 05:10:00.000,"Minor",4,"Bus",10,2,"Stormy","Village Road","Wet","Dark","None",44,42,"Female","None","Yes","Bridge",75,"Karnataka"
"Mysore",2022,"December","Tuesday",1899-12-30 22:37:00.000,"Serious",4,"Auto-Rickshaw",9,4,"Stormy","Urban Road","Wet","Dusk","None",92,20,"Female","None","No","Intersection",112,"Karnataka"
"Visakhapatnam",2021,"December","Thursday",1899-12-30 07:47:00.000,"Minor",4,"Bus",5,4,"Clear","State Highway","Under Construction","Dawn","Police Checkpost",119,29,"Male","None","No","Curve",141,"Andhra Pradesh"
"Ahmedabad",2021,"June","Saturday",1899-12-30 06:52:00.000,"Fatal",5,"Car",5,1,"Stormy","National Highway","Under Construction","Dark","Signals",56,70,"Female","None","No","Bridge",150,"Gujarat"
"Coimbatore",2023,"January","Sunday",1899-12-30 04:46:00.000,"Fatal",2,"Cycle",9,5,"Foggy","State Highway","Under Construction","Dark","None",34,51,"Female","None","No","Curve",173,"Tamil Nadu"
"Pune",2021,"May","Thursday",1899-12-30 13:53:00.000,"Minor",2,"Two-Wheeler",9,3,"Stormy","Urban Road","Wet","Daylight","Signals",75,44,"Male","None","No","Intersection",214,"Maharashtra"
"Lucknow",2021,"April","Tuesday",1899-12-30 21:09:00.000,"Serious",2,"Bus",2,2,"Clear","Urban Road","Damaged","Dawn","Police Checkpost",49,50,"Female","None","No","Straight Road",238,"Uttar Pradesh"
"New Delhi",2021,"May","Sunday",1899-12-30 04:51:00.000,"Minor",3,"Pedestrian",9,1,"Stormy","Urban Road","Dry","Dark","Signs",54,19,"Male","None","Yes","Curve",285,"Delhi"
"Tirupati",2020,"November","Friday",1899-12-30 13:03:00.000,"Fatal",2,"Pedestrian",1,1,"Stormy","National Highway","Under Construction","Dark","Signs",32,70,"Male","None","Yes","Intersection",290,"Andhra Pradesh"
"Dwarka",2022,"March","Sunday",1899-12-30 17:14:00.000,"Minor",4,"Auto-Rickshaw",8,2,"Foggy","National Highway","Dry","Daylight","None",61,35,"Male","None","No","Straight Road",305,"Delhi"
"Surat",2022,"December","Thursday",1899-12-30 02:20:00.000,"Minor",5,"Cycle",5,1,"Clear","Urban Road","Under Construction","Dark","Signs",84,61,"Female","None","No","Intersection",317,"Gujarat"
"Mangalore",2019,"July","Saturday",1899-12-30 14:12:00.000,"Serious",4,"Cycle",8,0,"Stormy","State Highway","Dry","Dusk","Signals",68,50,"Female","None","Yes","Straight Road",344,"Karnataka"
"Tirupati",2020,"February","Tuesday",1899-12-30 18:24:00.000,"Minor",3,"Pedestrian",9,3,"Stormy","Urban Road","Dry","Dusk","None",57,59,"Male","None","Yes","Bridge",375,"Andhra Pradesh"
"Mysore",2020,"September","Thursday",1899-12-30 22:01:00.000,"Minor",5,"Truck",0,3,"Foggy","Urban Road","Dry","Dark","Signs",80,51,"Female","None","Yes","Intersection",400,"Karnataka"
"Vijayawada",2019,"November","Wednesday",1899-12-30 05:52:00.000,"Serious",4,"Cycle",4,3,"Foggy","State Highway","Under Construction","Daylight","None",117,36,"Female","None","Yes","Straight Road",406,"Andhra Pradesh"
"Kolkata",2018,"August","Thursday",1899-12-30 21:29:00.000,"Minor",4,"Cycle",5,4,"Stormy","State Highway","Under Construction","Dawn","Signs",59,29,"Male","None","Yes","Straight Road",419,"West Bengal"
"Mumbai",2018,"December","Monday",1899-12-30 13:05:00.000,"Serious",1,"Bus",8,1,"Stormy","National Highway","Damaged","Daylight","Signs",55,45,"Male","None","Yes","Curve",477,"Maharashtra"
"Surat",2023,"January","Monday",1899-12-30 21:28:00.000,"Minor",2,"Two-Wheeler",10,5,"Clear","State Highway","Under Construction","Daylight","Signs",91,25,"Male","None","No","Bridge",498,"Gujarat"
"Siliguri",2019,"April","Monday",1899-12-30 18:32:00.000,"Serious",1,"Bus",8,1,"Foggy","Village Road","Damaged","Dawn","Signs",112,49,"Male","None","No","Bridge",503,"West Bengal"
"Kanpur",2021,"March","Friday",1899-12-30 20:36:00.000,"Fatal",5,"Pedestrian",8,1,"Stormy","National Highway","Under Construction","Daylight","Police Checkpost",97,48,"Male","None","Yes","Intersection",514,"Uttar Pradesh"
"Surat",2021,"May","Tuesday",1899-12-30 17:53:00.000,"Serious",1,"Bus",0,2,"Clear","National Highway","Damaged","Daylight","Signs",106,22,"Male","None","Yes","Curve",525,"Gujarat"
"Coimbatore",2018,"September","Thursday",1899-12-30 11:46:00.000,"Serious",4,"Auto-Rickshaw",7,3,"Stormy","State Highway","Damaged","Dark","Police Checkpost",106,37,"Male","None","No","Intersection",526,"Tamil Nadu"
"Jodhpur",2020,"May","Thursday",1899-12-30 16:17:00.000,"Minor",4,"Two-Wheeler",4,5,"Foggy","National Highway","Damaged","Daylight","Signs",75,67,"Female","None","No","Curve",542,"Rajasthan"
"Dwarka",2020,"September","Thursday",1899-12-30 23:37:00.000,"Serious",1,"Cycle",3,1,"Stormy","National Highway","Dry","Daylight","Signals",102,24,"Male","None","No","Curve",560,"Delhi"
"Coimbatore",2023,"January","Saturday",1899-12-30 22:07:00.000,"Serious",3,"Auto-Rickshaw",9,3,"Clear","Village Road","Damaged","Dawn","Signs",119,63,"Female","None","No","Straight Road",570,"Tamil Nadu"
"Mumbai",2020,"February","Monday",1899-12-30 03:26:00.000,"Minor",5,"Two-Wheeler",0,5,"Stormy","Village Road","Wet","Dark","Signals",43,69,"Male","None","No","Intersection",581,"Maharashtra"
"Madurai",2022,"May","Sunday",1899-12-30 00:39:00.000,"Minor",3,"Two-Wheeler",1,4,"Foggy","Village Road","Dry","Dark","Signals",46,63,"Female","None","No","Bridge",603,"Tamil Nadu"
"Dwarka",2020,"February","Thursday",1899-12-30 13:39:00.000,"Serious",5,"Truck",0,0,"Foggy","Village Road","Under Construction","Daylight","None",60,44,"Male","None","Yes","Intersection",605,"Delhi"
"Vadodara",2018,"November","Saturday",1899-12-30 17:09:00.000,"Minor",2,"Two-Wheeler",0,3,"Clear","Village Road","Under Construction","Dark","Signals",88,60,"Female","None","No","Bridge",632,"Gujarat"
"Jaipur",2023,"November","Saturday",1899-12-30 09:17:00.000,"Minor",4,"Car",1,0,"Stormy","Village Road","Under Construction","Dusk","Signs",89,23,"Male","None","Yes","Bridge",649,"Rajasthan"
"Mysore",2019,"July","Wednesday",1899-12-30 17:40:00.000,"Minor",3,"Cycle",7,0,"Clear","National Highway","Wet","Dusk","Signs",47,61,"Female","None","No","Bridge",654,"Karnataka"
"Lucknow",2023,"November","Wednesday",1899-12-30 11:56:00.000,"Serious",4,"Truck",1,0,"Clear","Urban Road","Wet","Daylight","None",66,49,"Male","None","Yes","Straight Road",658,"Uttar Pradesh"
"Ahmedabad",2022,"January","Friday",1899-12-30 13:46:00.000,"Fatal",4,"Two-Wheeler",8,5,"Foggy","Urban Road","Under Construction","Dark","Police Checkpost",100,43,"Male","None","Yes","Straight Road",681,"Gujarat"
"Coimbatore",2021,"August","Sunday",1899-12-30 16:25:00.000,"Fatal",2,"Cycle",1,1,"Clear","National Highway","Dry","Dawn","Police Checkpost",40,68,"Male","None","No","Curve",684,"Tamil Nadu"
"Mysore",2021,"August","Thursday",1899-12-30 16:45:00.000,"Fatal",5,"Two-Wheeler",6,4,"Foggy","State Highway","Dry","Daylight","None",96,27,"Male","None","No","Intersection",735,"Karnataka"
"Madurai",2020,"June","Saturday",1899-12-30 21:55:00.000,"Serious",1,"Truck",3,1,"Foggy","Urban Road","Wet","Daylight","None",58,70,"Male","None","Yes","Straight Road",804,"Tamil Nadu"
"Vadodara",2021,"April","Sunday",1899-12-30 21:09:00.000,"Fatal",3,"Cycle",3,1,"Stormy","Urban Road","Dry","Daylight","Police Checkpost",47,49,"Female","None","Yes","Straight Road",818,"Gujarat"
"Visakhapatnam",2020,"December","Thursday",1899-12-30 09:48:00.000,"Minor",4,"Auto-Rickshaw",10,1,"Stormy","State Highway","Wet","Daylight","None",80,40,"Male","None","Yes","Bridge",837,"Andhra Pradesh"
"Rohini",2020,"March","Saturday",1899-12-30 15:03:00.000,"Serious",3,"Auto-Rickshaw",1,5,"Clear","State Highway","Dry","Dawn","Signals",97,46,"Female","None","No","Straight Road",858,"Delhi"
"Bangalore",2022,"December","Thursday",1899-12-30 20:14:00.000,"Minor",1,"Two-Wheeler",5,3,"Stormy","Village Road","Wet","Dusk","None",76,42,"Male","None","No","Bridge",867,"Karnataka"
"Visakhapatnam",2018,"May","Tuesday",1899-12-30 00:25:00.000,"Minor",2,"Bus",6,0,"Foggy","Urban Road","Wet","Dark","None",86,24,"Female","None","Yes","Straight Road",908,"Andhra Pradesh"
"Jodhpur",2020,"May","Friday",1899-12-30 04:44:00.000,"Fatal",5,"Truck",6,1,"Foggy","Urban Road","Damaged","Dark","None",113,58,"Female","None","No","Straight Road",960,"Rajasthan"
"Mangalore",2018,"January","Wednesday",1899-12-30 06:03:00.000,"Minor",5,"Cycle",9,0,"Foggy","Village Road","Wet","Dawn","Signs",100,45,"Male","None","Yes","Curve",973,"Karnataka"
"Jodhpur",2021,"August","Sunday",1899-12-30 02:04:00.000,"Fatal",1,"Pedestrian",5,1,"Stormy","National Highway","Wet","Dawn","Signs",106,51,"Female","None","No","Intersection",980,"Rajasthan"
"Mysore",2023,"July","Sunday",1899-12-30 01:05:00.000,"Fatal",2,"Two-Wheeler",1,4,"Foggy","Urban Road","Dry","Dawn","Police Checkpost",48,56,"Male","None","Yes","Curve",992,"Karnataka"
"Durgapur",2021,"March","Friday",1899-12-30 10:31:00.000,"Fatal",2,"Bus",10,1,"Stormy","State Highway","Wet","Dark","None",81,19,"Male","None","No","Intersection",1023,"West Bengal"
"Visakhapatnam",2020,"October","Friday",1899-12-30 06:09:00.000,"Minor",3,"Car",2,3,"Clear","National Highway","Under Construction","Dark","Police Checkpost",30,69,"Male","None","No","Straight Road",1035,"Andhra Pradesh"
"Lucknow",2019,"July","Sunday",1899-12-30 08:10:00.000,"Fatal",3,"Truck",10,0,"Foggy","Urban Road","Under Construction","Daylight","Signals",113,20,"Female","None","Yes","Straight Road",1116,"Uttar Pradesh"
"Dwarka",2023,"September","Sunday",1899-12-30 16:38:00.000,"Fatal",1,"Bus",3,3,"Clear","Village Road","Dry","Dark","None",85,61,"Male","None","No","Intersection",1130,"Delhi"
"Nagpur",2021,"February","Monday",1899-12-30 09:21:00.000,"Fatal",2,"Bus",7,5,"Stormy","National Highway","Wet","Dusk","Signs",52,30,"Female","None","No","Bridge",1131,"Maharashtra"
"Surat",2019,"July","Monday",1899-12-30 03:09:00.000,"Serious",3,"Pedestrian",1,1,"Stormy","State Highway","Wet","Dawn","Signs",117,46,"Female","None","No","Bridge",1137,"Gujarat"
"Mysore",2018,"August","Friday",1899-12-30 05:46:00.000,"Fatal",5,"Truck",6,1,"Clear","Urban Road","Under Construction","Dusk","None",82,24,"Male","None","No","Curve",1157,"Karnataka"
"Vijayawada",2020,"February","Friday",1899-12-30 03:57:00.000,"Minor",1,"Auto-Rickshaw",0,0,"Stormy","National Highway","Wet","Dark","Signs",82,18,"Female","None","No","Curve",1180,"Andhra Pradesh"
"Tirupati",2022,"May","Saturday",1899-12-30 02:07:00.000,"Serious",4,"Truck",2,2,"Foggy","National Highway","Dry","Dawn","Signs",88,18,"Male","None","Yes","Bridge",1182,"Andhra Pradesh"
"Varanasi",2019,"March","Tuesday",1899-12-30 01:22:00.000,"Minor",5,"Bus",0,5,"Foggy","Urban Road","Under Construction","Dark","Signals",76,53,"Female","None","Yes","Curve",1200,"Uttar Pradesh"
"Coimbatore",2018,"September","Saturday",1899-12-30 21:14:00.000,"Fatal",5,"Auto-Rickshaw",3,4,"Clear","Urban Road","Wet","Dusk","None",104,23,"Male","None","Yes","Bridge",1214,"Tamil Nadu"
"Siliguri",2018,"July","Sunday",1899-12-30 03:07:00.000,"Fatal",5,"Car",5,1,"Clear","State Highway","Dry","Dusk","Signals",98,49,"Female","None","No","Intersection",1244,"West Bengal"
"Mysore",2021,"February","Friday",1899-12-30 06:05:00.000,"Serious",3,"Two-Wheeler",10,2,"Foggy","Village Road","Dry","Dawn","Police Checkpost",80,69,"Male","None","Yes","Curve",1267,"Karnataka"
"Coimbatore",2023,"April","Monday",1899-12-30 16:09:00.000,"Minor",4,"Truck",5,2,"Stormy","Urban Road","Dry","Daylight","None",47,27,"Male","None","No","Curve",1295,"Tamil Nadu"
"Mysore",2022,"November","Friday",1899-12-30 07:45:00.000,"Serious",4,"Bus",5,5,"Stormy","Village Road","Dry","Dark","Police Checkpost",41,45,"Female","None","Yes","Straight Road",1328,"Karnataka"
"Kanpur",2018,"September","Saturday",1899-12-30 04:50:00.000,"Minor",4,"Two-Wheeler",3,5,"Foggy","Urban Road","Dry","Dark","Police Checkpost",45,33,"Female","None","No","Curve",1458,"Uttar Pradesh"
"Mumbai",2018,"June","Tuesday",1899-12-30 09:20:00.000,"Minor",5,"Pedestrian",1,1,"Stormy","National Highway","Under Construction","Dawn","Police Checkpost",40,57,"Female","None","Yes","Bridge",1473,"Maharashtra"
"Udaipur",2020,"May","Sunday",1899-12-30 03:20:00.000,"Fatal",2,"Two-Wheeler",2,5,"Stormy","National Highway","Damaged","Dusk","Signals",59,52,"Female","None","No","Intersection",1511,"Rajasthan"
"Surat",2018,"June","Saturday",1899-12-30 10:36:00.000,"Serious",4,"Auto-Rickshaw",0,5,"Foggy","National Highway","Dry","Dark","Police Checkpost",57,63,"Female","None","No","Intersection",1521,"Gujarat"
"Mysore",2020,"August","Monday",1899-12-30 07:07:00.000,"Minor",3,"Truck",2,1,"Stormy","State Highway","Damaged","Daylight","Signs",107,44,"Female","None","Yes","Bridge",1554,"Karnataka"
"Varanasi",2021,"October","Saturday",1899-12-30 03:39:00.000,"Fatal",3,"Pedestrian",8,0,"Stormy","National Highway","Dry","Dawn","Signs",75,49,"Female","None","Yes","Curve",1595,"Uttar Pradesh"
"Vadodara",2019,"November","Friday",1899-12-30 13:48:00.000,"Minor",4,"Car",7,4,"Foggy","Village Road","Wet","Dawn","Police Checkpost",90,37,"Male","None","No","Curve",1632,"Gujarat"
"Durgapur",2021,"December","Friday",1899-12-30 07:28:00.000,"Fatal",5,"Truck",6,1,"Stormy","State Highway","Wet","Dark","Police Checkpost",45,25,"Female","None","No","Straight Road",1649,"West Bengal"
"Mangalore",2019,"September","Thursday",1899-12-30 16:40:00.000,"Minor",5,"Pedestrian",8,4,"Clear","Village Road","Wet","Dark","Signs",117,37,"Male","None","Yes","Straight Road",1696,"Karnataka"
"Kolkata",2022,"January","Wednesday",1899-12-30 01:43:00.000,"Minor",1,"Truck",8,5,"Foggy","Village Road","Wet","Dusk","Signals",95,41,"Female","None","No","Bridge",1702,"West Bengal"
"Madurai",2019,"September","Thursday",1899-12-30 22:05:00.000,"Fatal",3,"Bus",4,5,"Stormy","Village Road","Under Construction","Dusk","Signals",51,54,"Female","None","Yes","Intersection",1713,"Tamil Nadu"
"Udaipur",2022,"June","Wednesday",1899-12-30 02:29:00.000,"Minor",3,"Bus",2,5,"Stormy","State Highway","Dry","Daylight","Signals",78,65,"Male","None","Yes","Straight Road",1760,"Rajasthan"
"Siliguri",2022,"March","Wednesday",1899-12-30 22:37:00.000,"Serious",3,"Cycle",4,5,"Foggy","State Highway","Wet","Dark","Signs",39,28,"Female","None","Yes","Bridge",1774,"West Bengal"
"Rohini",2020,"November","Monday",1899-12-30 22:58:00.000,"Serious",5,"Two-Wheeler",6,4,"Foggy","State Highway","Dry","Dark","Police Checkpost",105,61,"Male","None","No","Intersection",1789,"Delhi"
"Nagpur",2020,"January","Monday",1899-12-30 15:32:00.000,"Fatal",2,"Car",4,1,"Stormy","Urban Road","Wet","Dawn","None",65,67,"Female","None","No","Straight Road",1814,"Maharashtra"
"Madurai",2021,"November","Friday",1899-12-30 01:42:00.000,"Minor",5,"Truck",7,5,"Foggy","National Highway","Damaged","Dark","Signs",39,23,"Male","None","No","Curve",1832,"Tamil Nadu"
"Rohini",2023,"March","Saturday",1899-12-30 18:23:00.000,"Minor",3,"Bus",0,3,"Clear","National Highway","Under Construction","Dark","Signs",96,49,"Female","None","Yes","Intersection",1865,"Delhi"
"Udaipur",2018,"March","Thursday",1899-12-30 11:55:00.000,"Minor",3,"Truck",5,4,"Clear","National Highway","Dry","Dawn","Signs",58,66,"Female","None","Yes","Intersection",1869,"Rajasthan"
"Lucknow",2021,"April","Wednesday",1899-12-30 09:47:00.000,"Fatal",3,"Pedestrian",3,2,"Stormy","State Highway","Under Construction","Dark","None",54,24,"Male","None","Yes","Intersection",1893,"Uttar Pradesh"
"Mysore",2018,"March","Sunday",1899-12-30 03:39:00.000,"Serious",2,"Car",5,3,"Foggy","Urban Road","Wet","Dark","Signals",118,55,"Female","None","Yes","Intersection",1899,"Karnataka"
"Visakhapatnam",2019,"October","Monday",1899-12-30 12:47:00.000,"Minor",4,"Truck",2,3,"Stormy","National Highway","Wet","Dark","Police Checkpost",112,46,"Female","None","No","Curve",1924,"Andhra Pradesh"
"Visakhapatnam",2019,"February","Saturday",1899-12-30 03:59:00.000,"Serious",5,"Two-Wheeler",7,4,"Stormy","Village Road","Dry","Dawn","Police Checkpost",77,49,"Male","None","No","Intersection",1937,"Andhra Pradesh"
"New Delhi",2021,"February","Thursday",1899-12-30 18:19:00.000,"Minor",2,"Two-Wheeler",7,0,"Clear","State Highway","Wet","Dusk","Police Checkpost",72,20,"Female","None","No","Intersection",1949,"Delhi"
"Kolkata",2023,"May","Tuesday",1899-12-30 01:56:00.000,"Fatal",3,"Car",8,5,"Foggy","Village Road","Damaged","Daylight","Signs",94,47,"Male","None","No","Bridge",1950,"West Bengal"
"Lucknow",2019,"July","Monday",1899-12-30 07:05:00.000,"Serious",5,"Car",7,5,"Clear","Urban Road","Damaged","Dusk","Signs",44,34,"Female","None","Yes","Curve",1982,"Uttar Pradesh"
"Surat",2018,"July","Tuesday",1899-12-30 05:17:00.000,"Minor",2,"Cycle",7,5,"Stormy","State Highway","Damaged","Dark","Signs",78,48,"Female","None","Yes","Straight Road",2002,"Gujarat"
"Durgapur",2020,"November","Thursday",1899-12-30 06:19:00.000,"Minor",1,"Pedestrian",2,0,"Stormy","Urban Road","Wet","Dark","None",32,23,"Female","None","No","Bridge",2003,"West Bengal"
"Coimbatore",2020,"November","Monday",1899-12-30 06:58:00.000,"Fatal",4,"Cycle",9,1,"Foggy","Village Road","Damaged","Dusk","Signs",114,49,"Male","None","Yes","Curve",2008,"Tamil Nadu"
"Jaipur",2018,"January","Saturday",1899-12-30 09:34:00.000,"Minor",1,"Auto-Rickshaw",0,5,"Clear","National Highway","Under Construction","Dawn","Signs",94,26,"Male","None","No","Bridge",2013,"Rajasthan"
"New Delhi",2022,"June","Sunday",1899-12-30 05:00:00.000,"Serious",3,"Auto-Rickshaw",10,3,"Clear","National Highway","Wet","Dark","Signals",46,32,"Female","None","No","Intersection",2040,"Delhi"
"Visakhapatnam",2021,"May","Saturday",1899-12-30 22:24:00.000,"Minor",2,"Two-Wheeler",5,0,"Stormy","Village Road","Wet","Daylight","Signals",102,62,"Female","None","No","Intersection",2062,"Andhra Pradesh"
"Bangalore",2020,"September","Monday",1899-12-30 15:31:00.000,"Fatal",2,"Auto-Rickshaw",9,3,"Foggy","National Highway","Under Construction","Dusk","Signals",94,62,"Female","None","No","Straight Road",2066,"Karnataka"
"Dwarka",2020,"November","Thursday",1899-12-30 22:27:00.000,"Serious",4,"Car",0,3,"Foggy","Village Road","Damaged","Dusk","None",35,36,"Male","None","Yes","Intersection",2078,"Delhi"
"Bangalore",2023,"December","Tuesday",1899-12-30 02:52:00.000,"Fatal",5,"Auto-Rickshaw",7,1,"Foggy","Village Road","Dry","Dark","None",43,40,"Female","None","Yes","Bridge",2138,"Karnataka"
"Siliguri",2018,"November","Friday",1899-12-30 20:31:00.000,"Fatal",3,"Cycle",0,5,"Stormy","Urban Road","Wet","Dark","Signs",105,19,"Female","None","No","Curve",2148,"West Bengal"
"Coimbatore",2018,"August","Friday",1899-12-30 16:37:00.000,"Minor",4,"Car",9,2,"Foggy","Village Road","Under Construction","Daylight","None",75,41,"Female","None","No","Intersection",2207,"Tamil Nadu"
"Nagpur",2022,"January","Thursday",1899-12-30 15:55:00.000,"Fatal",1,"Pedestrian",2,1,"Foggy","National Highway","Dry","Daylight","Police Checkpost",75,44,"Female","None","Yes","Intersection",2231,"Maharashtra"
"Jaipur",2021,"February","Monday",1899-12-30 21:37:00.000,"Serious",3,"Truck",8,5,"Foggy","Urban Road","Dry","Dusk","Signals",94,19,"Male","None","Yes","Curve",2258,"Rajasthan"
"Kanpur",2021,"December","Friday",1899-12-30 00:34:00.000,"Minor",2,"Truck",5,1,"Clear","Urban Road","Under Construction","Daylight","Signs",112,31,"Female","None","No","Curve",2300,"Uttar Pradesh"
"Mangalore",2019,"December","Saturday",1899-12-30 23:12:00.000,"Serious",5,"Bus",9,0,"Stormy","State Highway","Under Construction","Dawn","Police Checkpost",61,56,"Female","None","Yes","Straight Road",2355,"Karnataka"
"Lucknow",2020,"September","Saturday",1899-12-30 07:21:00.000,"Serious",5,"Pedestrian",9,4,"Foggy","National Highway","Damaged","Daylight","None",60,70,"Male","None","Yes","Intersection",2375,"Uttar Pradesh"
"Pune",2019,"May","Friday",1899-12-30 02:03:00.000,"Fatal",3,"Auto-Rickshaw",10,2,"Foggy","National Highway","Dry","Dawn","Police Checkpost",65,67,"Female","None","No","Straight Road",2404,"Maharashtra"
"Rohini",2021,"April","Saturday",1899-12-30 03:23:00.000,"Fatal",1,"Bus",9,2,"Foggy","National Highway","Under Construction","Daylight","None",75,54,"Female","None","Yes","Bridge",2408,"Delhi"
"Vadodara",2019,"November","Friday",1899-12-30 03:46:00.000,"Minor",4,"Cycle",5,1,"Clear","Village Road","Dry","Dusk","Signals",116,27,"Female","None","No","Intersection",2412,"Gujarat"
"Kanpur",2020,"October","Saturday",1899-12-30 12:34:00.000,"Fatal",2,"Two-Wheeler",0,2,"Stormy","Village Road","Under Construction","Dawn","None",49,62,"Male","None","No","Intersection",2450,"Uttar Pradesh"
"Coimbatore",2022,"June","Friday",1899-12-30 01:59:00.000,"Minor",2,"Two-Wheeler",10,3,"Stormy","State Highway","Under Construction","Dawn","Police Checkpost",49,64,"Male","None","No","Curve",2457,"Tamil Nadu"
"Vadodara",2019,"November","Sunday",1899-12-30 22:06:00.000,"Fatal",4,"Cycle",7,0,"Clear","Urban Road","Damaged","Daylight","Signs",85,24,"Male","None","No","Straight Road",2472,"Gujarat"
"Vadodara",2020,"May","Wednesday",1899-12-30 07:10:00.000,"Fatal",5,"Bus",3,5,"Stormy","Urban Road","Damaged","Daylight","None",86,35,"Female","None","No","Straight Road",2474,"Gujarat"
"Vijayawada",2021,"April","Tuesday",1899-12-30 05:52:00.000,"Fatal",3,"Two-Wheeler",4,0,"Clear","State Highway","Damaged","Dawn","Signs",60,31,"Female","None","No","Straight Road",2529,"Andhra Pradesh"
"Mysore",2018,"April","Sunday",1899-12-30 01:05:00.000,"Serious",3,"Pedestrian",2,3,"Stormy","National Highway","Under Construction","Dusk","Signs",83,44,"Female","None","No","Intersection",2543,"Karnataka"
"Pune",2020,"November","Wednesday",1899-12-30 13:23:00.000,"Serious",2,"Two-Wheeler",6,3,"Foggy","Urban Road","Damaged","Dawn","Police Checkpost",80,18,"Female","None","Yes","Bridge",2545,"Maharashtra"
"Durgapur",2023,"March","Wednesday",1899-12-30 07:22:00.000,"Fatal",2,"Truck",10,4,"Stormy","State Highway","Under Construction","Dark","Police Checkpost",115,51,"Male","None","No","Straight Road",2557,"West Bengal"
"Tirupati",2023,"February","Saturday",1899-12-30 16:12:00.000,"Serious",2,"Two-Wheeler",6,4,"Foggy","Village Road","Dry","Dusk","Signs",39,43,"Female","None","No","Straight Road",2567,"Andhra Pradesh"
"Surat",2021,"March","Sunday",1899-12-30 02:11:00.000,"Minor",5,"Auto-Rickshaw",8,0,"Clear","Urban Road","Damaged","Dark","Signals",99,63,"Male","None","Yes","Intersection",2573,"Gujarat"
"Siliguri",2019,"December","Friday",1899-12-30 23:13:00.000,"Minor",4,"Two-Wheeler",5,2,"Stormy","Village Road","Dry","Dawn","None",33,30,"Male","None","No","Curve",2586,"West Bengal"
"New Delhi",2022,"February","Tuesday",1899-12-30 19:10:00.000,"Minor",2,"Bus",2,1,"Clear","National Highway","Under Construction","Dusk","Signs",73,42,"Female","None","Yes","Intersection",2628,"Delhi"
"Lucknow",2021,"November","Thursday",1899-12-30 17:19:00.000,"Minor",1,"Bus",4,4,"Clear","National Highway","Damaged","Dusk","Signs",98,35,"Female","None","Yes","Straight Road",2629,"Uttar Pradesh"
"Mumbai",2022,"July","Saturday",1899-12-30 09:37:00.000,"Serious",3,"Car",10,3,"Foggy","Village Road","Dry","Dark","Signs",101,67,"Male","None","No","Intersection",2644,"Maharashtra"
"Pune",2019,"June","Saturday",1899-12-30 12:09:00.000,"Minor",3,"Pedestrian",8,1,"Foggy","Village Road","Dry","Dawn","Signals",63,65,"Female","None","No","Straight Road",2692,"Maharashtra"
"Surat",2019,"July","Friday",1899-12-30 07:46:00.000,"Fatal",5,"Auto-Rickshaw",8,1,"Clear","State Highway","Wet","Dusk","Signals",104,56,"Male","None","No","Bridge",2695,"Gujarat"
"Surat",2020,"January","Friday",1899-12-30 04:30:00.000,"Minor",3,"Two-Wheeler",9,5,"Clear","National Highway","Under Construction","Daylight","None",62,23,"Female","None","Yes","Intersection",2699,"Gujarat"
"Dwarka",2023,"July","Friday",1899-12-30 15:43:00.000,"Fatal",4,"Two-Wheeler",3,1,"Clear","State Highway","Damaged","Dark","Signals",105,46,"Female","None","No","Intersection",2718,"Delhi"
"Kolkata",2023,"December","Monday",1899-12-30 14:41:00.000,"Fatal",5,"Truck",10,5,"Foggy","Urban Road","Wet","Dusk","None",35,21,"Female","None","No","Bridge",2768,"West Bengal"
"Kolkata",2018,"September","Wednesday",1899-12-30 08:46:00.000,"Minor",5,"Two-Wheeler",1,5,"Foggy","Village Road","Dry","Daylight","Signs",64,56,"Female","None","No","Intersection",2789,"West Bengal"
"Durgapur",2022,"November","Friday",1899-12-30 11:33:00.000,"Serious",3,"Cycle",3,2,"Foggy","State Highway","Wet","Dawn","None",42,27,"Male","None","Yes","Curve",2797,"West Bengal"
"Surat",2020,"June","Sunday",1899-12-30 06:31:00.000,"Minor",4,"Pedestrian",2,0,"Foggy","National Highway","Damaged","Daylight","Signals",114,45,"Female","None","No","Straight Road",2813,"Gujarat"
"Lucknow",2021,"October","Friday",1899-12-30 23:38:00.000,"Serious",2,"Truck",4,1,"Clear","State Highway","Dry","Dawn","Signals",89,50,"Male","None","Yes","Intersection",2824,"Uttar Pradesh"
"Ahmedabad",2023,"July","Saturday",1899-12-30 00:44:00.000,"Serious",2,"Pedestrian",6,5,"Stormy","Village Road","Under Construction","Dark","None",77,53,"Male","None","Yes","Intersection",2828,"Gujarat"
"Lucknow",2023,"October","Monday",1899-12-30 11:18:00.000,"Minor",3,"Auto-Rickshaw",4,1,"Foggy","Urban Road","Damaged","Dark","Police Checkpost",32,46,"Male","None","No","Curve",2840,"Uttar Pradesh"
"Ahmedabad",2020,"June","Thursday",1899-12-30 01:38:00.000,"Fatal",5,"Pedestrian",2,5,"Foggy","Urban Road","Dry","Dusk","None",94,70,"Male","None","Yes","Bridge",2850,"Gujarat"
"New Delhi",2018,"July","Saturday",1899-12-30 04:43:00.000,"Minor",5,"Auto-Rickshaw",9,0,"Clear","Urban Road","Under Construction","Dawn","Signs",91,18,"Female","None","Yes","Intersection",2855,"Delhi"
"Bangalore",2020,"December","Thursday",1899-12-30 13:28:00.000,"Minor",5,"Pedestrian",8,5,"Stormy","Village Road","Under Construction","Dusk","Signs",115,39,"Male","None","No","Curve",2909,"Karnataka"
"Surat",2018,"October","Thursday",1899-12-30 22:54:00.000,"Serious",3,"Two-Wheeler",4,0,"Stormy","State Highway","Wet","Dawn","Signs",112,62,"Female","None","No","Bridge",2929,"Gujarat"
"Siliguri",2020,"September","Friday",1899-12-30 16:52:00.000,"Serious",2,"Car",10,3,"Stormy","National Highway","Damaged","Daylight","Police Checkpost",100,37,"Female","None","Yes","Straight Road",2930,"West Bengal"
"Kolkata",2018,"October","Wednesday",1899-12-30 15:22:00.000,"Serious",4,"Truck",7,2,"Clear","Village Road","Under Construction","Dusk","Police Checkpost",35,67,"Male","None","Yes","Bridge",2950,"West Bengal"
"Bangalore",2021,"February","Wednesday",1899-12-30 22:36:00.000,"Minor",3,"Truck",1,5,"Rainy","Urban Road","Under Construction","Dark","Police Checkpost",93,44,"Male","None","Yes","Intersection",46,"Karnataka"
"Ahmedabad",2019,"December","Wednesday",1899-12-30 00:26:00.000,"Fatal",4,"Two-Wheeler",3,5,"Rainy","State Highway","Wet","Dusk","None",61,51,"Female","None","No","Intersection",51,"Gujarat"
"Siliguri",2022,"November","Tuesday",1899-12-30 00:24:00.000,"Fatal",5,"Cycle",7,4,"Rainy","State Highway","Wet","Dawn","Signs",45,56,"Female","None","No","Bridge",59,"West Bengal"
"Dwarka",2018,"January","Tuesday",1899-12-30 04:43:00.000,"Serious",5,"Two-Wheeler",1,4,"Rainy","State Highway","Under Construction","Dusk","None",77,63,"Female","None","Yes","Intersection",77,"Delhi"
"Tirupati",2019,"August","Saturday",1899-12-30 06:11:00.000,"Serious",4,"Cycle",5,3,"Rainy","State Highway","Wet","Dusk","None",98,44,"Male","None","No","Intersection",103,"Andhra Pradesh"
"Mangalore",2022,"June","Sunday",1899-12-30 17:25:00.000,"Fatal",3,"Bus",8,4,"Rainy","National Highway","Wet","Daylight","None",86,37,"Male","None","No","Curve",120,"Karnataka"
"Chennai",2023,"November","Thursday",1899-12-30 21:27:00.000,"Serious",5,"Two-Wheeler",10,1,"Rainy","Urban Road","Under Construction","Dawn","Signals",80,32,"Male","None","Yes","Intersection",128,"Tamil Nadu"
"Mangalore",2020,"August","Monday",1899-12-30 19:24:00.000,"Fatal",5,"Cycle",1,1,"Rainy","Urban Road","Damaged","Daylight","Signs",73,64,"Female","None","No","Intersection",174,"Karnataka"
"Rohini",2022,"September","Thursday",1899-12-30 09:15:00.000,"Minor",2,"Two-Wheeler",0,0,"Rainy","State Highway","Damaged","Dusk","Signs",87,49,"Male","None","Yes","Straight Road",180,"Delhi"
"Udaipur",2021,"July","Monday",1899-12-30 00:53:00.000,"Minor",5,"Two-Wheeler",5,0,"Rainy","National Highway","Damaged","Dark","Signs",65,42,"Male","None","No","Bridge",288,"Rajasthan"
"Madurai",2021,"May","Friday",1899-12-30 14:10:00.000,"Minor",5,"Truck",5,4,"Rainy","Urban Road","Under Construction","Daylight","Signals",72,22,"Male","None","Yes","Bridge",355,"Tamil Nadu"
"Udaipur",2020,"May","Sunday",1899-12-30 14:39:00.000,"Serious",3,"Car",10,4,"Rainy","National Highway","Damaged","Dark","None",56,39,"Female","None","Yes","Bridge",374,"Rajasthan"
"Ahmedabad",2020,"April","Monday",1899-12-30 02:24:00.000,"Serious",1,"Cycle",10,4,"Rainy","Village Road","Dry","Dark","Signs",114,42,"Male","None","Yes","Curve",378,"Gujarat"
"Lucknow",2020,"September","Monday",1899-12-30 17:45:00.000,"Fatal",1,"Pedestrian",7,5,"Rainy","State Highway","Under Construction","Dawn","Police Checkpost",76,18,"Female","None","Yes","Intersection",392,"Uttar Pradesh"
"Jodhpur",2022,"July","Sunday",1899-12-30 10:02:00.000,"Serious",5,"Auto-Rickshaw",10,1,"Rainy","Urban Road","Dry","Daylight","None",55,31,"Female","None","Yes","Straight Road",413,"Rajasthan"
"Varanasi",2021,"December","Wednesday",1899-12-30 14:20:00.000,"Minor",1,"Truck",3,4,"Rainy","National Highway","Damaged","Dusk","Police Checkpost",111,42,"Male","None","Yes","Bridge",474,"Uttar Pradesh"
"Varanasi",2022,"April","Friday",1899-12-30 05:38:00.000,"Fatal",4,"Truck",8,5,"Rainy","Village Road","Under Construction","Dawn","Police Checkpost",111,21,"Male","None","No","Bridge",481,"Uttar Pradesh"
"Pune",2019,"July","Tuesday",1899-12-30 15:05:00.000,"Serious",1,"Truck",2,4,"Rainy","National Highway","Under Construction","Dawn","None",32,27,"Female","None","No","Curve",497,"Maharashtra"
"Dwarka",2018,"April","Sunday",1899-12-30 13:06:00.000,"Serious",3,"Pedestrian",7,5,"Rainy","National Highway","Dry","Dark","None",114,70,"Female","None","No","Curve",538,"Delhi"
"Visakhapatnam",2021,"September","Tuesday",1899-12-30 18:56:00.000,"Fatal",3,"Truck",8,2,"Rainy","State Highway","Under Construction","Dawn","Police Checkpost",67,59,"Male","None","No","Bridge",638,"Andhra Pradesh"
"Ahmedabad",2019,"June","Sunday",1899-12-30 18:24:00.000,"Serious",3,"Truck",10,3,"Rainy","National Highway","Under Construction","Daylight","None",66,47,"Female","None","No","Straight Road",698,"Gujarat"
"Rohini",2018,"May","Saturday",1899-12-30 19:26:00.000,"Serious",4,"Bus",0,1,"Rainy","State Highway","Wet","Daylight","Signs",30,52,"Female","None","Yes","Bridge",816,"Delhi"
"Kanpur",2023,"November","Wednesday",1899-12-30 19:28:00.000,"Minor",5,"Truck",8,0,"Rainy","Village Road","Wet","Dawn","None",43,56,"Male","None","Yes","Straight Road",887,"Uttar Pradesh"
"Varanasi",2023,"July","Thursday",1899-12-30 21:57:00.000,"Minor",3,"Two-Wheeler",4,5,"Rainy","Urban Road","Wet","Daylight","Signs",44,24,"Male","None","Yes","Straight Road",954,"Uttar Pradesh"
"Kanpur",2021,"July","Thursday",1899-12-30 20:34:00.000,"Serious",2,"Pedestrian",6,1,"Rainy","National Highway","Wet","Dark","Signals",54,47,"Female","None","Yes","Curve",978,"Uttar Pradesh"
"Lucknow",2023,"March","Tuesday",1899-12-30 07:34:00.000,"Serious",1,"Car",6,2,"Rainy","State Highway","Dry","Dusk","Signs",80,41,"Female","None","No","Curve",984,"Uttar Pradesh"
"Dwarka",2020,"November","Wednesday",1899-12-30 20:42:00.000,"Serious",1,"Pedestrian",7,5,"Rainy","Urban Road","Wet","Dark","Signs",108,37,"Female","None","Yes","Straight Road",994,"Delhi"
"Coimbatore",2020,"February","Wednesday",1899-12-30 22:09:00.000,"Fatal",5,"Bus",2,0,"Rainy","Urban Road","Dry","Daylight","None",53,40,"Male","None","Yes","Straight Road",1004,"Tamil Nadu"
"Dwarka",2020,"November","Sunday",1899-12-30 05:49:00.000,"Minor",4,"Two-Wheeler",1,3,"Rainy","State Highway","Under Construction","Daylight","None",92,69,"Female","None","No","Straight Road",1076,"Delhi"
"Siliguri",2018,"September","Friday",1899-12-30 18:23:00.000,"Serious",4,"Auto-Rickshaw",8,0,"Rainy","State Highway","Dry","Dark","Signals",60,49,"Male","None","Yes","Curve",1107,"West Bengal"
"Chennai",2020,"May","Wednesday",1899-12-30 20:59:00.000,"Minor",4,"Auto-Rickshaw",1,4,"Rainy","Village Road","Damaged","Dusk","Signs",75,22,"Male","None","No","Curve",1141,"Tamil Nadu"
"Chennai",2021,"June","Monday",1899-12-30 08:31:00.000,"Fatal",3,"Truck",1,0,"Rainy","State Highway","Damaged","Daylight","Signs",81,65,"Female","None","Yes","Bridge",1176,"Tamil Nadu"
"Mangalore",2019,"April","Wednesday",1899-12-30 21:11:00.000,"Serious",1,"Car",4,2,"Rainy","National Highway","Dry","Daylight","Signals",72,48,"Male","None","Yes","Intersection",1204,"Karnataka"
"Varanasi",2022,"January","Saturday",1899-12-30 19:18:00.000,"Minor",5,"Bus",5,0,"Rainy","National Highway","Dry","Dawn","None",43,64,"Male","None","No","Straight Road",1321,"Uttar Pradesh"
"Surat",2023,"March","Friday",1899-12-30 22:09:00.000,"Serious",5,"Truck",2,4,"Rainy","National Highway","Wet","Dusk","Signals",31,18,"Female","None","Yes","Straight Road",1331,"Gujarat"
"Udaipur",2021,"May","Sunday",1899-12-30 00:11:00.000,"Serious",5,"Car",8,4,"Rainy","Urban Road","Wet","Dark","Signals",105,48,"Female","None","Yes","Intersection",1352,"Rajasthan"
"Jaipur",2023,"November","Thursday",1899-12-30 19:26:00.000,"Serious",4,"Auto-Rickshaw",7,1,"Rainy","National Highway","Under Construction","Daylight","Signals",86,61,"Male","None","Yes","Intersection",1480,"Rajasthan"
"Ahmedabad",2022,"June","Wednesday",1899-12-30 05:45:00.000,"Minor",1,"Pedestrian",9,1,"Rainy","Village Road","Dry","Daylight","Police Checkpost",82,67,"Male","None","Yes","Bridge",1531,"Gujarat"
"Rohini",2023,"February","Friday",1899-12-30 16:58:00.000,"Fatal",4,"Truck",5,3,"Rainy","State Highway","Under Construction","Dark","Police Checkpost",31,39,"Female","None","No","Intersection",1838,"Delhi"
"Varanasi",2018,"November","Thursday",1899-12-30 03:28:00.000,"Minor",4,"Two-Wheeler",8,4,"Rainy","State Highway","Dry","Dusk","Signals",60,43,"Male","None","Yes","Curve",1854,"Uttar Pradesh"
"Varanasi",2023,"September","Friday",1899-12-30 20:13:00.000,"Fatal",5,"Pedestrian",5,1,"Rainy","State Highway","Dry","Dusk","Signs",81,31,"Male","None","No","Bridge",1910,"Uttar Pradesh"
"Madurai",2021,"December","Monday",1899-12-30 00:51:00.000,"Serious",1,"Truck",10,3,"Rainy","State Highway","Damaged","Dusk","Police Checkpost",30,51,"Female","None","Yes","Straight Road",1926,"Tamil Nadu"
"Surat",2022,"February","Tuesday",1899-12-30 18:52:00.000,"Serious",1,"Bus",9,5,"Rainy","State Highway","Damaged","Daylight","Signs",97,30,"Female","None","No","Bridge",2061,"Gujarat"
"Chennai",2023,"November","Sunday",1899-12-30 11:39:00.000,"Minor",5,"Auto-Rickshaw",5,2,"Rainy","Village Road","Dry","Daylight","Police Checkpost",32,61,"Male","None","No","Bridge",2096,"Tamil Nadu"
"Mangalore",2021,"March","Thursday",1899-12-30 08:12:00.000,"Minor",4,"Pedestrian",10,2,"Rainy","State Highway","Damaged","Daylight","Police Checkpost",108,28,"Male","None","Yes","Intersection",2129,"Karnataka"
"Nagpur",2019,"August","Thursday",1899-12-30 19:13:00.000,"Fatal",4,"Bus",3,3,"Rainy","Urban Road","Wet","Dawn","Signals",64,39,"Male","None","Yes","Straight Road",2174,"Maharashtra"
"Udaipur",2020,"October","Wednesday",1899-12-30 23:42:00.000,"Minor",5,"Bus",7,2,"Rainy","National Highway","Wet","Dawn","None",108,53,"Male","None","Yes","Intersection",2238,"Rajasthan"
"Kanpur",2020,"June","Wednesday",1899-12-30 01:17:00.000,"Serious",2,"Bus",10,5,"Rainy","Village Road","Damaged","Dusk","None",101,50,"Female","None","Yes","Curve",2304,"Uttar Pradesh"
"Dwarka",2021,"June","Sunday",1899-12-30 14:29:00.000,"Fatal",4,"Two-Wheeler",9,5,"Rainy","Urban Road","Under Construction","Dusk","None",100,51,"Female","None","Yes","Intersection",2307,"Delhi"
"Jodhpur",2022,"December","Monday",1899-12-30 11:08:00.000,"Serious",1,"Two-Wheeler",5,0,"Rainy","Village Road","Under Construction","Dark","Police Checkpost",115,66,"Male","None","Yes","Curve",2359,"Rajasthan"
"Madurai",2018,"February","Wednesday",1899-12-30 15:38:00.000,"Serious",2,"Truck",4,2,"Rainy","State Highway","Damaged","Dark","Signs",66,69,"Female","None","No","Bridge",2421,"Tamil Nadu"
"Nagpur",2023,"July","Wednesday",1899-12-30 02:05:00.000,"Minor",3,"Auto-Rickshaw",3,2,"Rainy","State Highway","Wet","Dark","Police Checkpost",73,44,"Male","None","No","Curve",2439,"Maharashtra"
"Chennai",2021,"February","Friday",1899-12-30 14:19:00.000,"Serious",5,"Bus",9,2,"Rainy","State Highway","Wet","Daylight","Signs",106,46,"Female","None","No","Intersection",2516,"Tamil Nadu"
"Siliguri",2022,"August","Wednesday",1899-12-30 11:06:00.000,"Serious",3,"Auto-Rickshaw",7,2,"Rainy","Urban Road","Damaged","Daylight","Police Checkpost",80,26,"Male","None","No","Straight Road",2518,"West Bengal"
"Mangalore",2020,"March","Tuesday",1899-12-30 02:36:00.000,"Fatal",4,"Truck",6,4,"Rainy","Village Road","Damaged","Daylight","Signs",48,44,"Female","None","No","Straight Road",2592,"Karnataka"
"Madurai",2022,"April","Friday",1899-12-30 10:06:00.000,"Serious",2,"Truck",6,5,"Rainy","Urban Road","Damaged","Dawn","Police Checkpost",39,45,"Female","None","No","Intersection",2615,"Tamil Nadu"
"Kolkata",2021,"June","Wednesday",1899-12-30 15:12:00.000,"Serious",3,"Bus",3,1,"Rainy","Urban Road","Under Construction","Dusk","Signs",102,40,"Female","None","No","Bridge",2627,"West Bengal"
"Vijayawada",2018,"October","Wednesday",1899-12-30 03:40:00.000,"Serious",4,"Bus",6,3,"Rainy","Village Road","Under Construction","Dusk","Signals",117,58,"Male","None","Yes","Intersection",2685,"Andhra Pradesh"
"Kolkata",2019,"July","Monday",1899-12-30 00:58:00.000,"Serious",1,"Car",0,1,"Rainy","Village Road","Wet","Dawn","Signs",55,23,"Male","None","Yes","Straight Road",2793,"West Bengal"
"Vadodara",2023,"September","Thursday",1899-12-30 14:25:00.000,"Fatal",2,"Auto-Rickshaw",4,5,"Rainy","National Highway","Wet","Dark","Police Checkpost",35,52,"Female","None","No","Curve",2820,"Gujarat"
"Vadodara",2021,"May","Tuesday",1899-12-30 13:27:00.000,"Minor",2,"Truck",8,4,"Rainy","Urban Road","Under Construction","Dusk","None",92,45,"Female","None","Yes","Bridge",2829,"Gujarat"
"Chennai",2019,"October","Wednesday",1899-12-30 02:33:00.000,"Fatal",2,"Two-Wheeler",1,5,"Rainy","Village Road","Wet","Daylight","Signs",36,54,"Female","None","Yes","Bridge",2846,"Tamil Nadu"
"Vijayawada",2022,"November","Sunday",1899-12-30 01:29:00.000,"Serious",4,"Car",2,1,"Rainy","Village Road","Wet","Dusk","None",104,61,"Female","None","Yes","Curve",2858,"Andhra Pradesh"
"Chennai",2023,"August","Sunday",1899-12-30 01:59:00.000,"Fatal",2,"Bus",1,0,"Rainy","Urban Road","Wet","Daylight","Police Checkpost",68,45,"Male","None","Yes","Bridge",2860,"Tamil Nadu"
"Mumbai",2021,"September","Saturday",1899-12-30 20:54:00.000,"Minor",4,"Car",4,2,"Rainy","Urban Road","Damaged","Dawn","Signs",72,45,"Female","None","No","Bridge",2866,"Maharashtra"
"Chennai",2018,"October","Sunday",1899-12-30 22:21:00.000,"Serious",1,"Car",1,1,"Rainy","Village Road","Damaged","Dawn","None",106,41,"Female","None","No","Curve",2902,"Tamil Nadu"
"Lucknow",2018,"January","Wednesday",1899-12-30 21:30:00.000,"Minor",5,"Truck",5,4,"Hazy","Urban Road","Dry","Dusk","Signs",92,60,"Male","None","Yes","Straight Road",2,"Uttar Pradesh"
"Nagpur",2019,"June","Monday",1899-12-30 16:44:00.000,"Minor",2,"Car",5,5,"Hazy","State Highway","Under Construction","Dawn","Signals",101,45,"Female","None","Yes","Bridge",84,"Maharashtra"
"Madurai",2018,"January","Friday",1899-12-30 22:19:00.000,"Minor",1,"Truck",9,1,"Hazy","State Highway","Damaged","Daylight","Signals",55,67,"Male","None","No","Straight Road",136,"Tamil Nadu"
"Udaipur",2022,"February","Tuesday",1899-12-30 12:25:00.000,"Serious",4,"Car",6,3,"Hazy","Urban Road","Under Construction","Dawn","None",51,47,"Male","None","No","Intersection",195,"Rajasthan"
"Kolkata",2020,"August","Thursday",1899-12-30 13:42:00.000,"Fatal",4,"Auto-Rickshaw",8,4,"Hazy","National Highway","Wet","Dawn","None",112,38,"Female","None","Yes","Bridge",241,"West Bengal"
"Mangalore",2020,"June","Friday",1899-12-30 13:00:00.000,"Serious",5,"Bus",4,1,"Hazy","Village Road","Under Construction","Dusk","None",66,34,"Female","None","No","Straight Road",345,"Karnataka"
"New Delhi",2020,"November","Saturday",1899-12-30 20:51:00.000,"Serious",4,"Two-Wheeler",3,4,"Hazy","State Highway","Damaged","Dusk","Signals",57,51,"Male","None","Yes","Bridge",358,"Delhi"
"New Delhi",2018,"December","Thursday",1899-12-30 00:02:00.000,"Minor",4,"Bus",8,3,"Hazy","State Highway","Damaged","Daylight","None",48,47,"Male","None","Yes","Curve",362,"Delhi"
"Dwarka",2021,"June","Tuesday",1899-12-30 15:28:00.000,"Serious",3,"Two-Wheeler",7,5,"Hazy","Village Road","Under Construction","Daylight","Signs",95,24,"Female","None","No","Intersection",390,"Delhi"
"Udaipur",2020,"April","Tuesday",1899-12-30 05:59:00.000,"Fatal",1,"Two-Wheeler",4,3,"Hazy","Urban Road","Under Construction","Dark","Signals",36,20,"Female","None","No","Intersection",409,"Rajasthan"
"Visakhapatnam",2022,"April","Saturday",1899-12-30 05:08:00.000,"Serious",2,"Truck",8,3,"Hazy","State Highway","Damaged","Daylight","Signs",51,44,"Male","None","No","Bridge",496,"Andhra Pradesh"
"Chennai",2023,"March","Thursday",1899-12-30 02:32:00.000,"Minor",5,"Two-Wheeler",5,4,"Hazy","State Highway","Damaged","Dark","Signals",58,20,"Male","None","No","Straight Road",550,"Tamil Nadu"
"Madurai",2022,"August","Saturday",1899-12-30 11:28:00.000,"Serious",1,"Two-Wheeler",8,1,"Hazy","State Highway","Wet","Daylight","Signs",119,68,"Female","None","No","Straight Road",592,"Tamil Nadu"
"Tirupati",2018,"May","Tuesday",1899-12-30 02:14:00.000,"Fatal",5,"Cycle",5,0,"Hazy","National Highway","Under Construction","Dawn","Signs",89,23,"Female","None","Yes","Curve",637,"Andhra Pradesh"
"Tirupati",2022,"May","Monday",1899-12-30 06:51:00.000,"Fatal",1,"Cycle",0,2,"Hazy","Village Road","Dry","Dusk","Signals",84,27,"Male","None","No","Straight Road",690,"Andhra Pradesh"
"Coimbatore",2022,"March","Wednesday",1899-12-30 06:32:00.000,"Serious",1,"Auto-Rickshaw",2,3,"Hazy","National Highway","Wet","Dusk","Signals",80,48,"Female","None","Yes","Straight Road",720,"Tamil Nadu"
"New Delhi",2018,"October","Wednesday",1899-12-30 01:09:00.000,"Serious",3,"Cycle",4,4,"Hazy","State Highway","Damaged","Dusk","Signals",111,22,"Male","None","Yes","Bridge",794,"Delhi"
"Pune",2021,"April","Thursday",1899-12-30 01:39:00.000,"Fatal",2,"Cycle",10,1,"Hazy","National Highway","Damaged","Dawn","None",112,55,"Female","None","Yes","Straight Road",798,"Maharashtra"
"Madurai",2020,"January","Thursday",1899-12-30 19:22:00.000,"Minor",1,"Pedestrian",2,2,"Hazy","Village Road","Dry","Dark","None",114,64,"Female","None","Yes","Straight Road",836,"Tamil Nadu"
"Dwarka",2023,"October","Tuesday",1899-12-30 00:28:00.000,"Serious",1,"Car",10,5,"Hazy","Village Road","Damaged","Daylight","Police Checkpost",115,56,"Female","None","Yes","Intersection",873,"Delhi"
"Jodhpur",2019,"October","Saturday",1899-12-30 15:16:00.000,"Serious",2,"Bus",8,3,"Hazy","Village Road","Dry","Dark","Signals",39,68,"Female","None","No","Intersection",977,"Rajasthan"
"Visakhapatnam",2020,"October","Monday",1899-12-30 20:09:00.000,"Serious",3,"Truck",6,5,"Hazy","Village Road","Wet","Daylight","None",118,27,"Female","None","Yes","Straight Road",1046,"Andhra Pradesh"
"Visakhapatnam",2023,"November","Wednesday",1899-12-30 23:05:00.000,"Fatal",5,"Car",1,1,"Hazy","State Highway","Wet","Daylight","Police Checkpost",60,42,"Male","None","Yes","Straight Road",1115,"Andhra Pradesh"
"Coimbatore",2018,"April","Friday",1899-12-30 00:14:00.000,"Serious",5,"Bus",3,1,"Hazy","Urban Road","Wet","Dusk","None",104,54,"Male","None","No","Bridge",1154,"Tamil Nadu"
"Ahmedabad",2020,"October","Tuesday",1899-12-30 08:27:00.000,"Fatal",3,"Two-Wheeler",2,0,"Hazy","National Highway","Under Construction","Daylight","Signals",77,38,"Female","None","Yes","Straight Road",1159,"Gujarat"
"Coimbatore",2020,"March","Thursday",1899-12-30 07:17:00.000,"Fatal",5,"Pedestrian",3,2,"Hazy","Urban Road","Damaged","Dusk","Signs",37,23,"Female","None","No","Bridge",1161,"Tamil Nadu"
"Pune",2019,"December","Wednesday",1899-12-30 09:40:00.000,"Fatal",3,"Auto-Rickshaw",9,1,"Hazy","Village Road","Dry","Dark","Police Checkpost",51,38,"Male","None","Yes","Bridge",1168,"Maharashtra"
"Visakhapatnam",2021,"August","Monday",1899-12-30 08:07:00.000,"Fatal",1,"Pedestrian",1,2,"Hazy","Village Road","Under Construction","Dawn","Signals",104,65,"Male","None","Yes","Straight Road",1245,"Andhra Pradesh"
"Chennai",2022,"June","Sunday",1899-12-30 16:48:00.000,"Fatal",4,"Cycle",3,5,"Hazy","State Highway","Dry","Daylight","Signals",53,28,"Male","None","Yes","Curve",1315,"Tamil Nadu"
"Kanpur",2020,"September","Wednesday",1899-12-30 10:04:00.000,"Fatal",2,"Truck",0,3,"Hazy","State Highway","Under Construction","Dusk","Police Checkpost",31,59,"Female","None","Yes","Straight Road",1350,"Uttar Pradesh"
"Vadodara",2020,"October","Thursday",1899-12-30 07:21:00.000,"Serious",1,"Bus",2,3,"Hazy","State Highway","Dry","Dusk","None",42,60,"Male","None","No","Intersection",1385,"Gujarat"
"Mysore",2022,"February","Sunday",1899-12-30 12:49:00.000,"Fatal",1,"Bus",0,0,"Hazy","State Highway","Wet","Dark","Signs",37,59,"Female","None","No","Bridge",1495,"Karnataka"
"Tirupati",2018,"May","Saturday",1899-12-30 03:28:00.000,"Serious",1,"Two-Wheeler",2,0,"Hazy","Village Road","Wet","Daylight","None",38,18,"Male","None","No","Bridge",1522,"Andhra Pradesh"
"Dwarka",2021,"June","Wednesday",1899-12-30 17:21:00.000,"Serious",2,"Bus",10,4,"Hazy","Village Road","Under Construction","Dusk","Police Checkpost",38,25,"Male","None","No","Straight Road",1549,"Delhi"
"Varanasi",2022,"December","Monday",1899-12-30 12:29:00.000,"Minor",2,"Truck",10,4,"Hazy","Village Road","Wet","Dusk","Police Checkpost",117,51,"Female","None","Yes","Straight Road",1593,"Uttar Pradesh"
"Siliguri",2020,"November","Monday",1899-12-30 10:08:00.000,"Fatal",2,"Pedestrian",4,3,"Hazy","Urban Road","Dry","Daylight","Signs",94,39,"Male","None","No","Curve",1633,"West Bengal"
"Coimbatore",2021,"September","Tuesday",1899-12-30 04:20:00.000,"Fatal",4,"Bus",6,0,"Hazy","Village Road","Wet","Dusk","None",72,46,"Female","None","Yes","Intersection",1752,"Tamil Nadu"
"Mumbai",2018,"February","Thursday",1899-12-30 04:09:00.000,"Minor",1,"Pedestrian",8,0,"Hazy","National Highway","Wet","Dark","None",62,49,"Female","None","Yes","Straight Road",1823,"Maharashtra"
"Ahmedabad",2021,"April","Thursday",1899-12-30 06:45:00.000,"Minor",5,"Truck",7,5,"Hazy","National Highway","Wet","Daylight","Police Checkpost",69,21,"Female","None","Yes","Curve",1868,"Gujarat"
"Coimbatore",2021,"December","Friday",1899-12-30 23:18:00.000,"Serious",2,"Cycle",2,1,"Hazy","National Highway","Under Construction","Dark","Signs",59,66,"Male","None","Yes","Intersection",1873,"Tamil Nadu"
"New Delhi",2022,"August","Tuesday",1899-12-30 11:09:00.000,"Minor",2,"Car",5,5,"Hazy","Village Road","Wet","Dawn","Signs",60,64,"Female","None","No","Curve",1887,"Delhi"
"Rohini",2022,"January","Wednesday",1899-12-30 11:58:00.000,"Fatal",5,"Two-Wheeler",1,4,"Hazy","National Highway","Wet","Dark","None",84,21,"Female","None","No","Curve",1929,"Delhi"
"Pune",2021,"January","Friday",1899-12-30 12:58:00.000,"Minor",1,"Pedestrian",4,4,"Hazy","Village Road","Wet","Dark","Police Checkpost",91,51,"Male","None","Yes","Curve",1992,"Maharashtra"
"Udaipur",2022,"October","Saturday",1899-12-30 17:22:00.000,"Serious",4,"Truck",9,3,"Hazy","Village Road","Dry","Daylight","Signals",99,49,"Female","None","No","Intersection",2095,"Rajasthan"
"Dwarka",2018,"December","Tuesday",1899-12-30 18:52:00.000,"Fatal",2,"Bus",10,5,"Hazy","National Highway","Damaged","Dusk","Signs",109,62,"Male","None","No","Intersection",2149,"Delhi"
"Visakhapatnam",2018,"August","Wednesday",1899-12-30 20:44:00.000,"Minor",5,"Auto-Rickshaw",7,2,"Hazy","Urban Road","Damaged","Dawn","None",112,43,"Female","None","No","Curve",2158,"Andhra Pradesh"
"Varanasi",2018,"May","Tuesday",1899-12-30 13:24:00.000,"Minor",3,"Pedestrian",1,1,"Hazy","National Highway","Damaged","Dawn","None",34,58,"Male","None","No","Straight Road",2178,"Uttar Pradesh"
"Jaipur",2021,"March","Sunday",1899-12-30 04:50:00.000,"Serious",5,"Truck",9,2,"Hazy","Urban Road","Damaged","Dusk","Signals",48,23,"Male","None","No","Intersection",2205,"Rajasthan"
"Ahmedabad",2023,"March","Wednesday",1899-12-30 09:15:00.000,"Fatal",1,"Car",10,0,"Hazy","Village Road","Wet","Daylight","None",119,25,"Female","None","Yes","Intersection",2274,"Gujarat"
"Varanasi",2018,"July","Tuesday",1899-12-30 19:59:00.000,"Minor",4,"Cycle",4,5,"Hazy","Village Road","Damaged","Dawn","Police Checkpost",82,31,"Male","None","Yes","Straight Road",2294,"Uttar Pradesh"
"Udaipur",2019,"August","Sunday",1899-12-30 21:18:00.000,"Serious",5,"Pedestrian",8,4,"Hazy","Village Road","Under Construction","Daylight","Signs",87,30,"Male","None","Yes","Curve",2345,"Rajasthan"
"Pune",2021,"January","Sunday",1899-12-30 20:12:00.000,"Fatal",3,"Pedestrian",6,3,"Hazy","Urban Road","Under Construction","Dark","Signals",97,38,"Female","None","Yes","Bridge",2353,"Maharashtra"
"Pune",2022,"June","Monday",1899-12-30 04:07:00.000,"Fatal",4,"Car",1,3,"Hazy","Urban Road","Under Construction","Dusk","None",104,29,"Female","None","No","Intersection",2358,"Maharashtra"
"New Delhi",2023,"February","Wednesday",1899-12-30 15:29:00.000,"Serious",3,"Cycle",6,1,"Hazy","National Highway","Dry","Dawn","Signals",80,54,"Female","None","No","Intersection",2386,"Delhi"
"Jaipur",2018,"May","Monday",1899-12-30 14:18:00.000,"Minor",4,"Bus",1,4,"Hazy","National Highway","Wet","Daylight","Police Checkpost",77,70,"Female","None","Yes","Curve",2471,"Rajasthan"
"Pune",2023,"October","Wednesday",1899-12-30 01:52:00.000,"Minor",1,"Two-Wheeler",5,5,"Hazy","Village Road","Wet","Dark","Signals",75,70,"Female","None","Yes","Intersection",2485,"Maharashtra"
"Mysore",2023,"March","Thursday",1899-12-30 01:20:00.000,"Fatal",1,"Bus",8,3,"Hazy","National Highway","Dry","Dawn","Police Checkpost",62,20,"Male","None","Yes","Intersection",2495,"Karnataka"
"Durgapur",2021,"November","Saturday",1899-12-30 21:54:00.000,"Fatal",5,"Truck",9,1,"Hazy","National Highway","Damaged","Dusk","Signs",59,40,"Male","None","Yes","Straight Road",2498,"West Bengal"
"Chennai",2020,"September","Wednesday",1899-12-30 23:49:00.000,"Fatal",3,"Car",8,1,"Hazy","National Highway","Under Construction","Daylight","Signs",47,40,"Male","None","Yes","Curve",2514,"Tamil Nadu"
"Durgapur",2022,"February","Friday",1899-12-30 04:43:00.000,"Serious",1,"Pedestrian",2,4,"Hazy","Village Road","Damaged","Dark","None",57,63,"Female","None","No","Curve",2551,"West Bengal"
"Surat",2018,"January","Tuesday",1899-12-30 04:07:00.000,"Minor",2,"Car",2,3,"Hazy","State Highway","Under Construction","Dark","Police Checkpost",40,49,"Female","None","Yes","Straight Road",2583,"Gujarat"
"Tirupati",2020,"May","Friday",1899-12-30 18:02:00.000,"Serious",2,"Truck",7,1,"Hazy","Urban Road","Wet","Dark","Police Checkpost",111,44,"Male","None","Yes","Intersection",2658,"Andhra Pradesh"
"Tirupati",2019,"July","Saturday",1899-12-30 15:47:00.000,"Minor",2,"Auto-Rickshaw",3,0,"Hazy","National Highway","Dry","Dusk","Signals",117,47,"Female","None","No","Straight Road",2792,"Andhra Pradesh"
"Mangalore",2018,"March","Friday",1899-12-30 13:23:00.000,"Serious",5,"Car",3,0,"Hazy","State Highway","Damaged","Dark","Signals",81,51,"Female","None","No","Straight Road",2833,"Karnataka"
"Mangalore",2023,"November","Monday",1899-12-30 15:55:00.000,"Minor",4,"Auto-Rickshaw",4,0,"Hazy","State Highway","Damaged","Dark","Signs",62,48,"Male","None","No","Curve",2835,"Karnataka"
"Lucknow",2019,"March","Wednesday",1899-12-30 09:53:00.000,"Serious",5,"Car",6,4,"Hazy","State Highway","Under Construction","Dusk","None",64,36,"Male","None","Yes","Straight Road",2839,"Uttar Pradesh"
"New Delhi",2020,"December","Thursday",1899-12-30 18:12:00.000,"Minor",2,"Auto-Rickshaw",0,5,"Hazy","State Highway","Dry","Dark","Signs",65,35,"Male","None","Yes","Intersection",2847,"Delhi"
"Rohini",2019,"February","Tuesday",1899-12-30 07:31:00.000,"Minor",3,"Car",3,5,"Hazy","Urban Road","Wet","Daylight","None",55,37,"Female","None","No","Intersection",2954,"Delhi"
"Ahmedabad",2019,"March","Saturday",1899-12-30 17:47:00.000,"Serious",4,"Auto-Rickshaw",4,3,"Hazy","State Highway","Wet","Dusk","Police Checkpost",84,47,"Female","None","No","Intersection",2969,"Gujarat"
"Mumbai",2020,"July","Saturday",1899-12-30 23:21:00.000,"Serious",5,"Bus",6,2,"Hazy","Urban Road","Damaged","Dawn","Signs",82,68,"Female","Valid","No","Curve",33,"Maharashtra"
"Surat",2022,"July","Tuesday",1899-12-30 20:19:00.000,"Serious",5,"Auto-Rickshaw",2,2,"Foggy","Village Road","Damaged","Dusk","Signs",83,56,"Male","Valid","No","Intersection",42,"Gujarat"
"Kolkata",2018,"December","Sunday",1899-12-30 07:46:00.000,"Serious",5,"Cycle",2,5,"Rainy","Village Road","Damaged","Dark","Signals",30,20,"Male","Valid","Yes","Straight Road",44,"West Bengal"
"Vadodara",2023,"August","Wednesday",1899-12-30 10:13:00.000,"Serious",4,"Pedestrian",5,4,"Stormy","Village Road","Wet","Daylight","Signs",102,29,"Male","Valid","No","Curve",107,"Gujarat"
"Bangalore",2020,"May","Thursday",1899-12-30 06:49:00.000,"Serious",2,"Cycle",8,2,"Rainy","Urban Road","Wet","Daylight","Signs",96,43,"Male","Valid","Yes","Intersection",130,"Karnataka"
"Mangalore",2023,"June","Sunday",1899-12-30 23:33:00.000,"Serious",3,"Two-Wheeler",5,3,"Rainy","National Highway","Wet","Dark","Signals",31,42,"Female","Valid","No","Straight Road",134,"Karnataka"
"New Delhi",2018,"January","Saturday",1899-12-30 20:38:00.000,"Serious",3,"Pedestrian",9,0,"Clear","National Highway","Damaged","Dusk","None",90,48,"Male","Valid","Yes","Intersection",158,"Delhi"
"Udaipur",2018,"August","Saturday",1899-12-30 14:14:00.000,"Serious",3,"Auto-Rickshaw",3,0,"Stormy","Village Road","Dry","Dusk","Signals",120,51,"Female","Valid","Yes","Bridge",163,"Rajasthan"
"Siliguri",2018,"August","Thursday",1899-12-30 03:40:00.000,"Serious",1,"Auto-Rickshaw",8,0,"Stormy","Village Road","Under Construction","Daylight","Signals",48,28,"Male","Valid","No","Bridge",188,"West Bengal"
"Mumbai",2021,"May","Monday",1899-12-30 01:04:00.000,"Serious",3,"Two-Wheeler",8,0,"Hazy","Urban Road","Damaged","Dark","None",50,40,"Male","Valid","Yes","Straight Road",215,"Maharashtra"
"Mysore",2019,"March","Wednesday",1899-12-30 17:11:00.000,"Serious",1,"Auto-Rickshaw",9,3,"Hazy","Village Road","Wet","Dark","None",57,39,"Female","Valid","Yes","Intersection",252,"Karnataka"
"Bangalore",2018,"July","Sunday",1899-12-30 23:46:00.000,"Serious",5,"Two-Wheeler",10,5,"Clear","Village Road","Dry","Daylight","Signs",85,48,"Female","Valid","No","Bridge",254,"Karnataka"
"Durgapur",2018,"September","Thursday",1899-12-30 18:31:00.000,"Serious",5,"Truck",3,5,"Foggy","State Highway","Under Construction","Daylight","None",100,18,"Male","Valid","No","Curve",302,"West Bengal"
"Mumbai",2022,"November","Wednesday",1899-12-30 02:40:00.000,"Serious",4,"Two-Wheeler",1,0,"Hazy","Urban Road","Under Construction","Dark","Signs",119,37,"Female","Valid","Yes","Straight Road",368,"Maharashtra"
"Chennai",2023,"June","Saturday",1899-12-30 09:34:00.000,"Serious",5,"Auto-Rickshaw",0,5,"Hazy","National Highway","Wet","Daylight","Signals",37,50,"Female","Valid","No","Bridge",394,"Tamil Nadu"
"Dwarka",2021,"March","Thursday",1899-12-30 14:16:00.000,"Serious",2,"Auto-Rickshaw",3,0,"Clear","Village Road","Dry","Daylight","Signs",76,31,"Female","Valid","No","Intersection",457,"Delhi"
"Udaipur",2022,"January","Tuesday",1899-12-30 01:01:00.000,"Serious",1,"Pedestrian",4,2,"Hazy","Village Road","Wet","Dusk","Signs",86,68,"Female","Valid","No","Straight Road",513,"Rajasthan"
"Jaipur",2018,"September","Thursday",1899-12-30 00:18:00.000,"Serious",3,"Car",10,1,"Rainy","State Highway","Dry","Dark","Police Checkpost",54,45,"Female","Valid","No","Straight Road",555,"Rajasthan"
"Ahmedabad",2020,"October","Monday",1899-12-30 21:45:00.000,"Serious",1,"Bus",2,0,"Foggy","State Highway","Dry","Daylight","None",94,41,"Female","Valid","No","Curve",574,"Gujarat"
"Mangalore",2020,"February","Wednesday",1899-12-30 02:54:00.000,"Serious",4,"Cycle",2,2,"Hazy","Urban Road","Under Construction","Dawn","Police Checkpost",60,38,"Female","Valid","Yes","Bridge",680,"Karnataka"
"Kolkata",2021,"December","Saturday",1899-12-30 11:11:00.000,"Serious",5,"Two-Wheeler",3,3,"Foggy","National Highway","Damaged","Daylight","Signals",102,53,"Female","Valid","No","Bridge",741,"West Bengal"
"Dwarka",2021,"May","Friday",1899-12-30 18:55:00.000,"Serious",3,"Truck",8,2,"Hazy","Village Road","Under Construction","Dusk","Signs",66,22,"Female","Valid","No","Intersection",780,"Delhi"
"Madurai",2020,"December","Wednesday",1899-12-30 10:20:00.000,"Serious",3,"Two-Wheeler",10,2,"Stormy","Urban Road","Damaged","Dark","Signals",90,54,"Male","Valid","No","Curve",795,"Tamil Nadu"
"Varanasi",2022,"September","Saturday",1899-12-30 15:44:00.000,"Serious",2,"Cycle",0,0,"Clear","National Highway","Dry","Dark","None",92,40,"Female","Valid","Yes","Curve",866,"Uttar Pradesh"
"Nagpur",2022,"March","Sunday",1899-12-30 06:30:00.000,"Serious",2,"Truck",10,3,"Clear","National Highway","Damaged","Dusk","Police Checkpost",86,58,"Male","Valid","No","Curve",890,"Maharashtra"
"Lucknow",2022,"October","Wednesday",1899-12-30 04:58:00.000,"Serious",3,"Two-Wheeler",8,5,"Rainy","Village Road","Under Construction","Dusk","None",112,24,"Male","Valid","No","Curve",920,"Uttar Pradesh"
"Rohini",2018,"February","Tuesday",1899-12-30 15:58:00.000,"Serious",2,"Bus",3,3,"Rainy","Urban Road","Dry","Daylight","Signals",81,69,"Female","Valid","No","Intersection",926,"Delhi"
"Mangalore",2019,"August","Tuesday",1899-12-30 05:26:00.000,"Serious",2,"Two-Wheeler",3,5,"Clear","National Highway","Damaged","Dusk","Police Checkpost",76,47,"Male","Valid","Yes","Intersection",928,"Karnataka"
"Surat",2019,"October","Friday",1899-12-30 10:23:00.000,"Serious",3,"Pedestrian",4,0,"Rainy","State Highway","Dry","Daylight","Signals",107,23,"Female","Valid","Yes","Straight Road",931,"Gujarat"
"Mumbai",2021,"January","Sunday",1899-12-30 10:25:00.000,"Serious",2,"Car",4,4,"Foggy","Urban Road","Dry","Dusk","Signals",72,24,"Female","Valid","Yes","Intersection",967,"Maharashtra"
"Mysore",2019,"January","Wednesday",1899-12-30 05:29:00.000,"Serious",3,"Cycle",7,5,"Foggy","National Highway","Damaged","Dusk","Police Checkpost",82,24,"Female","Valid","Yes","Bridge",1025,"Karnataka"
"Rohini",2021,"November","Saturday",1899-12-30 19:51:00.000,"Serious",1,"Car",10,3,"Hazy","National Highway","Wet","Daylight","Police Checkpost",30,51,"Female","Valid","Yes","Straight Road",1034,"Delhi"
"Nagpur",2018,"June","Monday",1899-12-30 01:09:00.000,"Serious",4,"Cycle",0,3,"Foggy","State Highway","Under Construction","Dawn","Signals",72,45,"Male","Valid","No","Straight Road",1045,"Maharashtra"
"Dwarka",2020,"May","Tuesday",1899-12-30 17:36:00.000,"Serious",4,"Bus",4,0,"Stormy","State Highway","Wet","Daylight","Signals",36,24,"Female","Valid","Yes","Intersection",1067,"Delhi"
"Mumbai",2020,"May","Wednesday",1899-12-30 01:51:00.000,"Serious",3,"Car",5,2,"Clear","State Highway","Wet","Daylight","Police Checkpost",68,55,"Male","Valid","Yes","Curve",1079,"Maharashtra"
"Nagpur",2023,"May","Wednesday",1899-12-30 21:07:00.000,"Serious",1,"Bus",8,5,"Rainy","National Highway","Damaged","Daylight","Signals",79,60,"Female","Valid","Yes","Curve",1120,"Maharashtra"
"Jodhpur",2018,"January","Sunday",1899-12-30 16:10:00.000,"Serious",1,"Pedestrian",0,4,"Rainy","State Highway","Damaged","Dawn","None",35,57,"Female","Valid","Yes","Straight Road",1123,"Rajasthan"
"Bangalore",2020,"April","Saturday",1899-12-30 20:02:00.000,"Serious",4,"Bus",5,3,"Stormy","National Highway","Under Construction","Daylight","Police Checkpost",117,64,"Male","Valid","No","Intersection",1160,"Karnataka"
"Vijayawada",2020,"January","Wednesday",1899-12-30 10:07:00.000,"Serious",4,"Auto-Rickshaw",6,3,"Foggy","State Highway","Dry","Daylight","Signals",50,65,"Male","Valid","Yes","Curve",1162,"Andhra Pradesh"
"Mysore",2023,"March","Thursday",1899-12-30 04:34:00.000,"Serious",4,"Auto-Rickshaw",4,4,"Clear","Village Road","Wet","Dawn","Signs",46,39,"Female","Valid","Yes","Bridge",1171,"Karnataka"
"Dwarka",2019,"January","Wednesday",1899-12-30 19:44:00.000,"Serious",5,"Car",5,0,"Rainy","Village Road","Damaged","Daylight","Signs",101,48,"Female","Valid","Yes","Straight Road",1186,"Delhi"
"Visakhapatnam",2020,"June","Wednesday",1899-12-30 01:51:00.000,"Serious",4,"Truck",7,3,"Hazy","State Highway","Under Construction","Dusk","Signals",94,39,"Female","Valid","No","Intersection",1203,"Andhra Pradesh"
"New Delhi",2023,"June","Tuesday",1899-12-30 17:58:00.000,"Serious",5,"Cycle",10,3,"Hazy","National Highway","Dry","Dark","Police Checkpost",73,68,"Female","Valid","No","Intersection",1240,"Delhi"
"Jaipur",2019,"April","Saturday",1899-12-30 06:58:00.000,"Serious",5,"Pedestrian",9,0,"Foggy","National Highway","Dry","Dark","Signals",101,18,"Female","Valid","Yes","Bridge",1288,"Rajasthan"
"Kanpur",2023,"October","Friday",1899-12-30 06:13:00.000,"Serious",1,"Two-Wheeler",4,1,"Foggy","State Highway","Damaged","Dawn","Police Checkpost",120,20,"Male","Valid","Yes","Intersection",1359,"Uttar Pradesh"
"Kolkata",2018,"January","Friday",1899-12-30 11:11:00.000,"Serious",5,"Pedestrian",2,3,"Clear","National Highway","Dry","Dawn","Signals",31,46,"Male","Valid","Yes","Straight Road",1380,"West Bengal"
"Surat",2020,"August","Sunday",1899-12-30 02:14:00.000,"Serious",1,"Cycle",6,3,"Clear","Village Road","Wet","Dawn","Police Checkpost",41,65,"Male","Valid","No","Curve",1479,"Gujarat"
"Vadodara",2020,"January","Thursday",1899-12-30 13:04:00.000,"Serious",5,"Car",8,1,"Hazy","State Highway","Dry","Daylight","Signs",48,68,"Female","Valid","Yes","Curve",1497,"Gujarat"
"Kanpur",2021,"February","Wednesday",1899-12-30 14:26:00.000,"Serious",2,"Two-Wheeler",1,1,"Stormy","National Highway","Under Construction","Dawn","None",48,60,"Female","Valid","Yes","Intersection",1503,"Uttar Pradesh"
"Mysore",2021,"October","Sunday",1899-12-30 02:31:00.000,"Serious",1,"Two-Wheeler",7,2,"Stormy","Village Road","Under Construction","Dark","Signs",67,58,"Male","Valid","Yes","Straight Road",1576,"Karnataka"
"Dwarka",2019,"November","Friday",1899-12-30 00:37:00.000,"Serious",5,"Auto-Rickshaw",6,1,"Stormy","National Highway","Under Construction","Daylight","Signs",91,54,"Female","Valid","Yes","Straight Road",1586,"Delhi"
"Udaipur",2022,"April","Friday",1899-12-30 22:03:00.000,"Serious",4,"Car",7,5,"Foggy","State Highway","Under Construction","Dark","None",37,38,"Male","Valid","Yes","Straight Road",1678,"Rajasthan"
"Vadodara",2021,"March","Sunday",1899-12-30 19:43:00.000,"Serious",2,"Cycle",6,4,"Rainy","National Highway","Under Construction","Daylight","Signals",52,44,"Female","Valid","Yes","Straight Road",1686,"Gujarat"
"Vadodara",2021,"October","Tuesday",1899-12-30 02:46:00.000,"Serious",1,"Auto-Rickshaw",5,4,"Foggy","Village Road","Damaged","Dark","None",33,66,"Male","Valid","No","Curve",1689,"Gujarat"
"Dwarka",2018,"November","Wednesday",1899-12-30 10:45:00.000,"Serious",1,"Truck",7,3,"Stormy","Urban Road","Under Construction","Daylight","Signals",105,67,"Female","Valid","Yes","Bridge",1726,"Delhi"
"Lucknow",2022,"December","Thursday",1899-12-30 08:30:00.000,"Serious",2,"Truck",0,0,"Stormy","Village Road","Dry","Dawn","None",115,43,"Male","Valid","Yes","Bridge",1800,"Uttar Pradesh"
"Siliguri",2023,"April","Monday",1899-12-30 23:45:00.000,"Serious",5,"Auto-Rickshaw",8,3,"Hazy","Urban Road","Wet","Dawn","Signs",112,28,"Female","Valid","Yes","Curve",1843,"West Bengal"
"Vijayawada",2021,"November","Friday",1899-12-30 13:45:00.000,"Serious",4,"Auto-Rickshaw",9,5,"Hazy","Urban Road","Wet","Dark","Police Checkpost",71,37,"Female","Valid","Yes","Curve",1861,"Andhra Pradesh"
"Lucknow",2022,"May","Thursday",1899-12-30 03:50:00.000,"Serious",5,"Truck",7,5,"Foggy","Village Road","Wet","Dawn","None",98,50,"Female","Valid","No","Bridge",1894,"Uttar Pradesh"
"Mumbai",2021,"September","Tuesday",1899-12-30 20:06:00.000,"Serious",3,"Bus",10,4,"Clear","Village Road","Dry","Dark","None",52,26,"Female","Valid","Yes","Intersection",1909,"Maharashtra"
"Durgapur",2023,"January","Tuesday",1899-12-30 01:53:00.000,"Serious",4,"Truck",5,0,"Hazy","National Highway","Dry","Dawn","Signals",73,19,"Female","Valid","Yes","Bridge",1960,"West Bengal"
"Coimbatore",2022,"November","Friday",1899-12-30 19:19:00.000,"Serious",3,"Auto-Rickshaw",1,0,"Foggy","National Highway","Dry","Dawn","Police Checkpost",61,48,"Male","Valid","No","Bridge",1972,"Tamil Nadu"
"Varanasi",2020,"August","Friday",1899-12-30 05:52:00.000,"Serious",3,"Auto-Rickshaw",10,3,"Stormy","Village Road","Wet","Dawn","Signals",97,63,"Male","Valid","No","Bridge",1976,"Uttar Pradesh"
"Chennai",2018,"March","Sunday",1899-12-30 10:54:00.000,"Serious",3,"Car",5,3,"Clear","Village Road","Dry","Dark","None",120,39,"Male","Valid","No","Bridge",2031,"Tamil Nadu"
"New Delhi",2021,"February","Friday",1899-12-30 09:33:00.000,"Serious",4,"Cycle",4,4,"Stormy","State Highway","Wet","Dusk","Police Checkpost",36,69,"Male","Valid","Yes","Curve",2043,"Delhi"
"Kanpur",2021,"April","Sunday",1899-12-30 12:06:00.000,"Serious",3,"Car",0,3,"Clear","Urban Road","Wet","Dusk","None",82,21,"Female","Valid","Yes","Curve",2155,"Uttar Pradesh"
"Udaipur",2023,"April","Saturday",1899-12-30 12:42:00.000,"Serious",2,"Bus",5,5,"Stormy","National Highway","Dry","Daylight","Police Checkpost",46,51,"Male","Valid","No","Intersection",2196,"Rajasthan"
"New Delhi",2018,"September","Monday",1899-12-30 20:24:00.000,"Serious",5,"Two-Wheeler",6,4,"Foggy","National Highway","Dry","Dusk","Signals",104,45,"Male","Valid","Yes","Intersection",2341,"Delhi"
"Kolkata",2020,"January","Saturday",1899-12-30 03:34:00.000,"Serious",2,"Truck",0,3,"Hazy","Village Road","Under Construction","Dawn","Police Checkpost",48,27,"Female","Valid","Yes","Curve",2433,"West Bengal"
"Vadodara",2019,"February","Monday",1899-12-30 03:02:00.000,"Serious",5,"Auto-Rickshaw",0,0,"Hazy","National Highway","Under Construction","Dusk","Signals",40,55,"Female","Valid","Yes","Intersection",2532,"Gujarat"
"Nagpur",2022,"March","Friday",1899-12-30 19:43:00.000,"Serious",1,"Cycle",5,5,"Foggy","State Highway","Damaged","Daylight","Signals",49,27,"Female","Valid","No","Bridge",2539,"Maharashtra"
"Coimbatore",2023,"December","Sunday",1899-12-30 20:25:00.000,"Serious",2,"Car",3,0,"Rainy","Village Road","Damaged","Dawn","Signals",82,67,"Female","Valid","No","Straight Road",2565,"Tamil Nadu"
"Jaipur",2020,"December","Wednesday",1899-12-30 21:46:00.000,"Serious",5,"Truck",2,0,"Foggy","Village Road","Wet","Dusk","Police Checkpost",33,48,"Male","Valid","Yes","Curve",2601,"Rajasthan"
"Mangalore",2020,"February","Thursday",1899-12-30 19:57:00.000,"Serious",5,"Truck",4,4,"Stormy","Village Road","Dry","Dusk","Police Checkpost",95,40,"Male","Valid","Yes","Intersection",2621,"Karnataka"
"Pune",2022,"February","Saturday",1899-12-30 12:06:00.000,"Serious",2,"Two-Wheeler",6,4,"Clear","Urban Road","Dry","Dawn","Police Checkpost",71,52,"Male","Valid","Yes","Bridge",2624,"Maharashtra"
"Tirupati",2021,"June","Tuesday",1899-12-30 15:15:00.000,"Serious",3,"Cycle",2,0,"Clear","National Highway","Under Construction","Dark","Signals",83,32,"Female","Valid","No","Intersection",2631,"Andhra Pradesh"
"Bangalore",2021,"March","Tuesday",1899-12-30 02:12:00.000,"Serious",1,"Two-Wheeler",9,2,"Hazy","Village Road","Wet","Dusk","Police Checkpost",99,51,"Female","Valid","No","Bridge",2744,"Karnataka"
"Pune",2018,"March","Sunday",1899-12-30 13:26:00.000,"Serious",5,"Two-Wheeler",0,4,"Rainy","Urban Road","Damaged","Dark","Police Checkpost",87,20,"Female","Valid","Yes","Straight Road",2747,"Maharashtra"
"Vadodara",2022,"January","Monday",1899-12-30 11:22:00.000,"Serious",5,"Auto-Rickshaw",7,2,"Hazy","Village Road","Dry","Dusk","None",54,22,"Female","Valid","No","Bridge",2750,"Gujarat"
"Pune",2020,"March","Thursday",1899-12-30 08:01:00.000,"Serious",1,"Truck",6,3,"Hazy","Village Road","Dry","Dark","Signs",44,27,"Female","Valid","Yes","Intersection",2760,"Maharashtra"
"Nagpur",2020,"June","Thursday",1899-12-30 02:49:00.000,"Serious",2,"Auto-Rickshaw",6,4,"Foggy","State Highway","Wet","Dawn","Police Checkpost",118,18,"Female","Valid","Yes","Intersection",2767,"Maharashtra"
"Vijayawada",2023,"August","Tuesday",1899-12-30 06:44:00.000,"Serious",4,"Car",2,4,"Hazy","National Highway","Damaged","Dusk","Police Checkpost",92,49,"Male","Valid","Yes","Straight Road",2787,"Andhra Pradesh"
"Rohini",2019,"February","Tuesday",1899-12-30 14:24:00.000,"Serious",4,"Two-Wheeler",3,2,"Stormy","Village Road","Dry","Daylight","Signals",88,44,"Male","Valid","Yes","Bridge",2935,"Delhi"
"Dwarka",2023,"February","Wednesday",1899-12-30 11:56:00.000,"Serious",3,"Bus",9,5,"Rainy","Village Road","Under Construction","Dark","Signs",100,47,"Male","Valid","No","Intersection",2987,"Delhi"
"Lucknow",2020,"June","Saturday",1899-12-30 00:31:00.000,"Minor",3,"Bus",10,5,"Rainy","State Highway","Dry","Dark","Signals",76,34,"Female","Valid","Yes","Straight Road",4,"Uttar Pradesh"
"Tirupati",2019,"October","Sunday",1899-12-30 12:47:00.000,"Minor",2,"Cycle",7,4,"Rainy","Village Road","Damaged","Dark","Signs",90,51,"Female","Valid","No","Curve",17,"Andhra Pradesh"
"Varanasi",2018,"May","Sunday",1899-12-30 10:53:00.000,"Minor",3,"Two-Wheeler",2,1,"Hazy","National Highway","Under Construction","Dusk","None",33,24,"Female","Valid","Yes","Straight Road",30,"Uttar Pradesh"
"Kolkata",2020,"April","Friday",1899-12-30 07:58:00.000,"Minor",2,"Auto-Rickshaw",2,5,"Clear","State Highway","Under Construction","Dawn","None",58,47,"Female","Valid","No","Bridge",43,"West Bengal"
"Ahmedabad",2023,"May","Sunday",1899-12-30 04:33:00.000,"Minor",4,"Auto-Rickshaw",9,4,"Hazy","National Highway","Dry","Dusk","None",41,49,"Female","Valid","No","Curve",50,"Gujarat"
"Kanpur",2018,"May","Thursday",1899-12-30 18:57:00.000,"Minor",2,"Two-Wheeler",6,2,"Rainy","National Highway","Wet","Dusk","None",109,30,"Male","Valid","No","Bridge",52,"Uttar Pradesh"
"Chennai",2019,"May","Friday",1899-12-30 22:03:00.000,"Minor",3,"Bus",10,4,"Hazy","National Highway","Wet","Daylight","None",35,31,"Female","Valid","No","Intersection",123,"Tamil Nadu"
"Lucknow",2023,"November","Friday",1899-12-30 15:18:00.000,"Minor",1,"Car",4,4,"Stormy","Village Road","Wet","Dark","Signals",45,40,"Male","Valid","No","Bridge",167,"Uttar Pradesh"
"New Delhi",2018,"October","Sunday",1899-12-30 17:59:00.000,"Minor",5,"Bus",6,4,"Foggy","National Highway","Dry","Dusk","Signs",67,67,"Male","Valid","No","Bridge",175,"Delhi"
"Jodhpur",2022,"August","Friday",1899-12-30 10:34:00.000,"Minor",3,"Two-Wheeler",9,0,"Clear","State Highway","Wet","Daylight","Signs",90,65,"Male","Valid","Yes","Bridge",259,"Rajasthan"
"Madurai",2019,"October","Monday",1899-12-30 18:40:00.000,"Minor",5,"Two-Wheeler",1,5,"Clear","Urban Road","Damaged","Daylight","None",61,52,"Female","Valid","No","Bridge",268,"Tamil Nadu"
"Bangalore",2021,"September","Saturday",1899-12-30 11:04:00.000,"Minor",4,"Auto-Rickshaw",10,3,"Clear","Village Road","Dry","Dark","Police Checkpost",56,37,"Female","Valid","Yes","Bridge",360,"Karnataka"
"Rohini",2018,"June","Thursday",1899-12-30 03:42:00.000,"Minor",2,"Auto-Rickshaw",5,3,"Rainy","Urban Road","Under Construction","Dusk","Signs",69,64,"Male","Valid","No","Curve",367,"Delhi"
"Visakhapatnam",2021,"May","Saturday",1899-12-30 15:12:00.000,"Minor",1,"Cycle",3,0,"Clear","State Highway","Dry","Daylight","Police Checkpost",86,23,"Male","Valid","No","Straight Road",388,"Andhra Pradesh"
"Bangalore",2020,"February","Wednesday",1899-12-30 09:44:00.000,"Minor",3,"Auto-Rickshaw",2,4,"Rainy","State Highway","Damaged","Dawn","Police Checkpost",97,32,"Female","Valid","Yes","Bridge",453,"Karnataka"
"Surat",2022,"March","Thursday",1899-12-30 04:27:00.000,"Minor",1,"Two-Wheeler",4,1,"Stormy","Urban Road","Wet","Dawn","None",81,26,"Female","Valid","Yes","Straight Road",501,"Gujarat"
"Madurai",2023,"April","Tuesday",1899-12-30 08:52:00.000,"Minor",4,"Auto-Rickshaw",9,2,"Rainy","Urban Road","Wet","Dawn","Police Checkpost",77,51,"Male","Valid","Yes","Straight Road",577,"Tamil Nadu"
"Kolkata",2021,"April","Thursday",1899-12-30 04:56:00.000,"Minor",3,"Bus",7,1,"Rainy","Village Road","Wet","Dark","Police Checkpost",45,24,"Female","Valid","No","Bridge",588,"West Bengal"
"Mysore",2023,"June","Sunday",1899-12-30 16:49:00.000,"Minor",2,"Truck",8,0,"Stormy","Village Road","Dry","Dusk","Police Checkpost",48,67,"Female","Valid","No","Straight Road",706,"Karnataka"
"Tirupati",2021,"April","Thursday",1899-12-30 20:35:00.000,"Minor",5,"Two-Wheeler",6,4,"Clear","State Highway","Wet","Dusk","None",115,48,"Female","Valid","Yes","Intersection",718,"Andhra Pradesh"
"Jaipur",2019,"June","Friday",1899-12-30 12:25:00.000,"Minor",5,"Car",7,0,"Rainy","National Highway","Dry","Dusk","Signals",99,21,"Male","Valid","No","Curve",733,"Rajasthan"
"Siliguri",2018,"April","Tuesday",1899-12-30 04:23:00.000,"Minor",4,"Pedestrian",0,5,"Foggy","National Highway","Damaged","Dark","None",51,54,"Female","Valid","Yes","Bridge",752,"West Bengal"
"Mysore",2021,"February","Monday",1899-12-30 08:00:00.000,"Minor",2,"Car",7,0,"Stormy","Village Road","Wet","Dusk","Signals",72,22,"Male","Valid","No","Bridge",777,"Karnataka"
"Visakhapatnam",2018,"December","Friday",1899-12-30 00:27:00.000,"Minor",4,"Auto-Rickshaw",1,5,"Foggy","Village Road","Wet","Dark","Signals",86,51,"Female","Valid","Yes","Straight Road",806,"Andhra Pradesh"
"Varanasi",2023,"July","Saturday",1899-12-30 08:58:00.000,"Minor",1,"Pedestrian",1,3,"Foggy","Urban Road","Wet","Dawn","None",30,59,"Male","Valid","Yes","Bridge",807,"Uttar Pradesh"
"Kolkata",2020,"April","Thursday",1899-12-30 07:27:00.000,"Minor",3,"Two-Wheeler",8,0,"Hazy","National Highway","Damaged","Dark","Police Checkpost",77,39,"Female","Valid","No","Bridge",821,"West Bengal"
"Pune",2022,"April","Monday",1899-12-30 17:33:00.000,"Minor",3,"Pedestrian",7,1,"Rainy","State Highway","Wet","Dark","Police Checkpost",78,42,"Male","Valid","Yes","Intersection",823,"Maharashtra"
"Coimbatore",2021,"April","Monday",1899-12-30 11:23:00.000,"Minor",2,"Truck",7,0,"Stormy","Urban Road","Wet","Dusk","None",30,39,"Female","Valid","No","Straight Road",853,"Tamil Nadu"
"Lucknow",2020,"November","Tuesday",1899-12-30 08:12:00.000,"Minor",1,"Pedestrian",9,4,"Clear","Village Road","Dry","Daylight","Signs",75,61,"Male","Valid","No","Curve",861,"Uttar Pradesh"
"Surat",2018,"April","Saturday",1899-12-30 06:18:00.000,"Minor",3,"Bus",1,5,"Stormy","State Highway","Under Construction","Dark","Signs",31,40,"Male","Valid","Yes","Curve",875,"Gujarat"
"Dwarka",2021,"January","Friday",1899-12-30 05:00:00.000,"Minor",3,"Pedestrian",8,5,"Stormy","Village Road","Dry","Dark","Signs",49,64,"Male","Valid","Yes","Straight Road",884,"Delhi"
"Madurai",2023,"November","Saturday",1899-12-30 05:54:00.000,"Minor",1,"Auto-Rickshaw",10,1,"Clear","State Highway","Damaged","Daylight","Signals",31,64,"Male","Valid","Yes","Bridge",896,"Tamil Nadu"
"Madurai",2021,"April","Thursday",1899-12-30 05:29:00.000,"Minor",2,"Auto-Rickshaw",1,5,"Clear","National Highway","Under Construction","Dusk","Police Checkpost",84,30,"Male","Valid","Yes","Intersection",933,"Tamil Nadu"
"Siliguri",2021,"October","Sunday",1899-12-30 03:52:00.000,"Minor",1,"Two-Wheeler",7,4,"Hazy","National Highway","Wet","Daylight","Signals",51,54,"Male","Valid","Yes","Intersection",942,"West Bengal"
"Ahmedabad",2022,"November","Wednesday",1899-12-30 07:41:00.000,"Minor",2,"Bus",9,4,"Rainy","National Highway","Damaged","Dawn","Police Checkpost",117,54,"Female","Valid","No","Bridge",953,"Gujarat"
"Nagpur",2023,"August","Tuesday",1899-12-30 04:09:00.000,"Minor",1,"Truck",1,2,"Clear","National Highway","Wet","Dark","Police Checkpost",46,29,"Male","Valid","Yes","Bridge",957,"Maharashtra"
"Surat",2021,"October","Sunday",1899-12-30 22:53:00.000,"Minor",5,"Auto-Rickshaw",8,1,"Hazy","Urban Road","Under Construction","Dusk","Police Checkpost",66,60,"Female","Valid","Yes","Curve",961,"Gujarat"
"Durgapur",2023,"August","Tuesday",1899-12-30 01:08:00.000,"Minor",3,"Bus",3,0,"Stormy","Urban Road","Damaged","Dawn","Police Checkpost",82,53,"Male","Valid","Yes","Curve",1086,"West Bengal"
"Pune",2023,"February","Wednesday",1899-12-30 07:08:00.000,"Minor",5,"Bus",2,4,"Clear","Village Road","Wet","Dawn","Signals",119,69,"Female","Valid","No","Intersection",1122,"Maharashtra"
"Jaipur",2018,"January","Thursday",1899-12-30 15:42:00.000,"Minor",2,"Cycle",10,4,"Foggy","Village Road","Wet","Dusk","Signals",77,36,"Female","Valid","Yes","Intersection",1191,"Rajasthan"
"Vijayawada",2023,"March","Sunday",1899-12-30 21:32:00.000,"Minor",4,"Truck",10,2,"Stormy","Urban Road","Damaged","Dusk","Police Checkpost",45,65,"Male","Valid","Yes","Straight Road",1216,"Andhra Pradesh"
"Rohini",2022,"October","Saturday",1899-12-30 12:20:00.000,"Minor",3,"Pedestrian",10,3,"Stormy","Village Road","Under Construction","Dark","Signs",70,39,"Female","Valid","No","Intersection",1241,"Delhi"
"Bangalore",2019,"October","Saturday",1899-12-30 22:05:00.000,"Minor",4,"Cycle",0,5,"Rainy","State Highway","Under Construction","Dusk","Signals",90,69,"Male","Valid","No","Intersection",1286,"Karnataka"
"Kanpur",2021,"November","Wednesday",1899-12-30 17:17:00.000,"Minor",3,"Truck",7,3,"Hazy","Village Road","Under Construction","Daylight","Signals",64,46,"Female","Valid","No","Curve",1301,"Uttar Pradesh"
"New Delhi",2022,"December","Friday",1899-12-30 00:00:00.000,"Minor",3,"Bus",2,1,"Stormy","Village Road","Under Construction","Daylight","None",34,55,"Male","Valid","Yes","Bridge",1311,"Delhi"
"Dwarka",2020,"April","Wednesday",1899-12-30 23:54:00.000,"Minor",3,"Auto-Rickshaw",9,0,"Foggy","Urban Road","Under Construction","Dawn","None",79,19,"Male","Valid","Yes","Intersection",1364,"Delhi"
"Dwarka",2020,"December","Monday",1899-12-30 05:07:00.000,"Minor",3,"Auto-Rickshaw",1,0,"Clear","State Highway","Damaged","Dusk","Police Checkpost",103,52,"Female","Valid","No","Bridge",1428,"Delhi"
"Madurai",2020,"October","Friday",1899-12-30 09:51:00.000,"Minor",2,"Car",4,3,"Rainy","Urban Road","Dry","Daylight","Signals",57,62,"Male","Valid","No","Curve",1433,"Tamil Nadu"
"Rohini",2021,"March","Saturday",1899-12-30 05:26:00.000,"Minor",5,"Auto-Rickshaw",0,4,"Clear","Village Road","Wet","Dusk","Signals",72,54,"Female","Valid","No","Curve",1454,"Delhi"
"Udaipur",2018,"April","Monday",1899-12-30 07:47:00.000,"Minor",5,"Pedestrian",8,5,"Hazy","Village Road","Under Construction","Daylight","None",36,68,"Female","Valid","Yes","Bridge",1476,"Rajasthan"
"Jodhpur",2020,"November","Sunday",1899-12-30 05:47:00.000,"Minor",1,"Car",5,2,"Hazy","Urban Road","Under Construction","Dark","None",86,35,"Female","Valid","No","Intersection",1494,"Rajasthan"
"Jaipur",2022,"August","Tuesday",1899-12-30 04:24:00.000,"Minor",2,"Pedestrian",4,4,"Clear","State Highway","Under Construction","Dark","Signs",107,24,"Female","Valid","No","Straight Road",1544,"Rajasthan"
"New Delhi",2019,"June","Wednesday",1899-12-30 15:46:00.000,"Minor",3,"Bus",2,5,"Rainy","State Highway","Dry","Dusk","Signals",118,21,"Female","Valid","Yes","Curve",1588,"Delhi"
"Visakhapatnam",2019,"October","Thursday",1899-12-30 20:34:00.000,"Minor",3,"Car",3,5,"Stormy","Urban Road","Under Construction","Daylight","Police Checkpost",55,24,"Female","Valid","Yes","Bridge",1589,"Andhra Pradesh"
"Udaipur",2019,"March","Saturday",1899-12-30 15:53:00.000,"Minor",1,"Cycle",2,0,"Hazy","Village Road","Dry","Dawn","Signals",53,24,"Male","Valid","No","Bridge",1610,"Rajasthan"
"Udaipur",2020,"October","Tuesday",1899-12-30 21:01:00.000,"Minor",3,"Auto-Rickshaw",4,1,"Foggy","National Highway","Under Construction","Dark","None",31,18,"Female","Valid","No","Straight Road",1611,"Rajasthan"
"Udaipur",2021,"July","Sunday",1899-12-30 09:58:00.000,"Minor",1,"Two-Wheeler",8,5,"Clear","Village Road","Wet","Dawn","None",107,23,"Male","Valid","No","Curve",1613,"Rajasthan"
"Jodhpur",2018,"September","Thursday",1899-12-30 00:09:00.000,"Minor",1,"Two-Wheeler",2,2,"Rainy","State Highway","Under Construction","Dusk","Signals",46,60,"Male","Valid","Yes","Intersection",1629,"Rajasthan"
"Surat",2022,"July","Sunday",1899-12-30 02:41:00.000,"Minor",3,"Auto-Rickshaw",1,0,"Hazy","Urban Road","Wet","Daylight","None",46,62,"Female","Valid","No","Bridge",1673,"Gujarat"
"Coimbatore",2023,"September","Wednesday",1899-12-30 00:21:00.000,"Minor",5,"Bus",4,3,"Stormy","State Highway","Dry","Dark","Signals",62,55,"Female","Valid","No","Intersection",1717,"Tamil Nadu"
"New Delhi",2023,"March","Tuesday",1899-12-30 22:57:00.000,"Minor",2,"Bus",7,1,"Rainy","State Highway","Damaged","Dark","None",65,65,"Male","Valid","Yes","Bridge",1733,"Delhi"
"Madurai",2022,"September","Wednesday",1899-12-30 15:18:00.000,"Minor",3,"Truck",0,5,"Rainy","State Highway","Wet","Dark","Police Checkpost",110,52,"Male","Valid","No","Bridge",1771,"Tamil Nadu"
"Visakhapatnam",2018,"April","Monday",1899-12-30 20:13:00.000,"Minor",2,"Auto-Rickshaw",1,1,"Foggy","Village Road","Dry","Daylight","None",92,27,"Female","Valid","Yes","Bridge",1896,"Andhra Pradesh"
"Tirupati",2021,"January","Tuesday",1899-12-30 03:21:00.000,"Minor",1,"Two-Wheeler",9,2,"Stormy","State Highway","Under Construction","Dawn","None",46,44,"Male","Valid","No","Straight Road",1898,"Andhra Pradesh"
"Varanasi",2021,"August","Wednesday",1899-12-30 09:03:00.000,"Minor",3,"Cycle",3,0,"Clear","Village Road","Dry","Daylight","Signs",101,34,"Female","Valid","No","Bridge",1901,"Uttar Pradesh"
"Nagpur",2021,"July","Saturday",1899-12-30 11:39:00.000,"Minor",2,"Cycle",0,4,"Clear","Village Road","Under Construction","Dusk","Signs",101,36,"Male","Valid","Yes","Straight Road",1932,"Maharashtra"
"Mangalore",2022,"November","Tuesday",1899-12-30 00:30:00.000,"Minor",1,"Bus",3,1,"Hazy","Village Road","Damaged","Dark","Signs",31,57,"Female","Valid","Yes","Straight Road",1938,"Karnataka"
"Dwarka",2019,"June","Friday",1899-12-30 08:27:00.000,"Minor",2,"Car",5,0,"Clear","National Highway","Damaged","Dark","None",108,46,"Male","Valid","No","Straight Road",1941,"Delhi"
"Coimbatore",2020,"March","Thursday",1899-12-30 11:18:00.000,"Minor",2,"Truck",3,2,"Hazy","National Highway","Damaged","Dusk","Police Checkpost",115,54,"Male","Valid","No","Curve",1955,"Tamil Nadu"
"Jodhpur",2022,"November","Monday",1899-12-30 19:50:00.000,"Minor",4,"Truck",3,3,"Hazy","Village Road","Damaged","Dark","Signs",54,59,"Female","Valid","No","Bridge",2163,"Rajasthan"
"Chennai",2018,"January","Tuesday",1899-12-30 13:21:00.000,"Minor",4,"Two-Wheeler",0,1,"Foggy","Urban Road","Under Construction","Daylight","None",69,27,"Female","Valid","No","Bridge",2182,"Tamil Nadu"
"Pune",2023,"January","Monday",1899-12-30 09:40:00.000,"Minor",2,"Two-Wheeler",8,0,"Clear","National Highway","Under Construction","Dark","Signals",34,59,"Female","Valid","Yes","Straight Road",2210,"Maharashtra"
"Vijayawada",2020,"March","Tuesday",1899-12-30 06:53:00.000,"Minor",3,"Cycle",4,1,"Foggy","Village Road","Dry","Daylight","Signs",57,47,"Female","Valid","No","Curve",2248,"Andhra Pradesh"
"Bangalore",2020,"August","Friday",1899-12-30 17:28:00.000,"Minor",2,"Truck",10,0,"Rainy","Urban Road","Damaged","Dusk","Police Checkpost",98,66,"Male","Valid","Yes","Curve",2250,"Karnataka"
"Surat",2018,"March","Friday",1899-12-30 07:15:00.000,"Minor",1,"Two-Wheeler",4,0,"Clear","Village Road","Under Construction","Daylight","None",70,30,"Female","Valid","No","Intersection",2301,"Gujarat"
"Pune",2020,"January","Monday",1899-12-30 15:33:00.000,"Minor",2,"Cycle",1,0,"Stormy","National Highway","Wet","Daylight","Police Checkpost",99,30,"Male","Valid","No","Straight Road",2343,"Maharashtra"
"Madurai",2022,"December","Tuesday",1899-12-30 05:03:00.000,"Minor",1,"Car",6,4,"Stormy","Village Road","Under Construction","Dark","Police Checkpost",102,30,"Female","Valid","No","Curve",2378,"Tamil Nadu"
"Coimbatore",2019,"November","Tuesday",1899-12-30 16:20:00.000,"Minor",1,"Bus",9,2,"Foggy","Village Road","Under Construction","Dawn","None",94,55,"Female","Valid","Yes","Straight Road",2461,"Tamil Nadu"
"Lucknow",2019,"February","Monday",1899-12-30 11:49:00.000,"Minor",1,"Cycle",9,0,"Hazy","National Highway","Under Construction","Dusk","Signs",105,61,"Female","Valid","No","Intersection",2464,"Uttar Pradesh"
"Ahmedabad",2019,"March","Sunday",1899-12-30 03:22:00.000,"Minor",1,"Two-Wheeler",8,2,"Stormy","Urban Road","Dry","Dusk","None",38,68,"Male","Valid","No","Straight Road",2488,"Gujarat"
"Vadodara",2023,"September","Monday",1899-12-30 17:41:00.000,"Minor",1,"Auto-Rickshaw",7,5,"Clear","National Highway","Damaged","Dusk","None",99,53,"Female","Valid","Yes","Curve",2505,"Gujarat"
"Jodhpur",2019,"January","Tuesday",1899-12-30 08:08:00.000,"Minor",5,"Pedestrian",1,3,"Clear","Urban Road","Dry","Daylight","Police Checkpost",35,30,"Male","Valid","Yes","Intersection",2508,"Rajasthan"
"Pune",2019,"December","Thursday",1899-12-30 09:14:00.000,"Minor",2,"Auto-Rickshaw",2,2,"Clear","National Highway","Damaged","Dark","None",87,23,"Male","Valid","No","Bridge",2541,"Maharashtra"
"Dwarka",2019,"September","Tuesday",1899-12-30 17:14:00.000,"Minor",3,"Truck",7,5,"Foggy","Urban Road","Dry","Dusk","Police Checkpost",50,32,"Female","Valid","No","Straight Road",2581,"Delhi"
"Madurai",2023,"January","Sunday",1899-12-30 17:11:00.000,"Minor",4,"Bus",9,4,"Stormy","Village Road","Dry","Daylight","Signals",70,66,"Male","Valid","No","Bridge",2668,"Tamil Nadu"
"Udaipur",2018,"September","Saturday",1899-12-30 20:47:00.000,"Minor",1,"Auto-Rickshaw",10,4,"Stormy","State Highway","Dry","Dawn","Signs",43,45,"Female","Valid","No","Curve",2674,"Rajasthan"
"Kolkata",2020,"February","Sunday",1899-12-30 17:38:00.000,"Minor",4,"Pedestrian",0,2,"Stormy","Village Road","Dry","Daylight","None",111,40,"Female","Valid","Yes","Curve",2727,"West Bengal"
"New Delhi",2019,"July","Thursday",1899-12-30 00:01:00.000,"Minor",1,"Auto-Rickshaw",6,4,"Clear","Village Road","Under Construction","Dawn","None",108,37,"Male","Valid","Yes","Bridge",2774,"Delhi"
"Mangalore",2022,"May","Thursday",1899-12-30 12:25:00.000,"Minor",5,"Cycle",10,4,"Stormy","Urban Road","Dry","Dark","Police Checkpost",33,56,"Female","Valid","No","Intersection",2805,"Karnataka"
"Vijayawada",2020,"June","Monday",1899-12-30 06:29:00.000,"Minor",2,"Truck",9,4,"Foggy","Village Road","Under Construction","Dark","Signs",45,69,"Male","Valid","No","Curve",2817,"Andhra Pradesh"
"Durgapur",2022,"May","Saturday",1899-12-30 13:09:00.000,"Minor",3,"Pedestrian",9,1,"Clear","State Highway","Under Construction","Dark","Signs",89,61,"Female","Valid","No","Curve",2822,"West Bengal"
"Coimbatore",2018,"September","Friday",1899-12-30 22:57:00.000,"Minor",4,"Cycle",3,4,"Hazy","Urban Road","Damaged","Dawn","None",105,27,"Female","Valid","Yes","Intersection",2827,"Tamil Nadu"
"Madurai",2023,"February","Friday",1899-12-30 23:59:00.000,"Minor",5,"Two-Wheeler",2,0,"Stormy","Urban Road","Wet","Dusk","None",112,41,"Male","Valid","No","Bridge",2831,"Tamil Nadu"
"Durgapur",2023,"December","Monday",1899-12-30 16:26:00.000,"Minor",1,"Pedestrian",1,1,"Rainy","Village Road","Under Construction","Dark","Police Checkpost",106,19,"Female","Valid","No","Bridge",2837,"West Bengal"
"Varanasi",2023,"July","Monday",1899-12-30 03:30:00.000,"Minor",5,"Pedestrian",9,1,"Hazy","Urban Road","Wet","Dusk","Signals",35,21,"Male","Valid","Yes","Straight Road",2869,"Uttar Pradesh"
"Udaipur",2022,"August","Monday",1899-12-30 05:42:00.000,"Minor",5,"Pedestrian",10,4,"Stormy","National Highway","Dry","Dawn","Signs",68,53,"Male","Valid","Yes","Curve",2870,"Rajasthan"
"Jodhpur",2023,"September","Sunday",1899-12-30 13:57:00.000,"Minor",1,"Car",8,3,"Foggy","Urban Road","Under Construction","Daylight","None",34,59,"Female","Valid","Yes","Bridge",2891,"Rajasthan"
"Mumbai",2022,"February","Sunday",1899-12-30 22:00:00.000,"Minor",1,"Pedestrian",4,0,"Rainy","National Highway","Dry","Daylight","None",72,37,"Male","Valid","No","Intersection",2908,"Maharashtra"
"Coimbatore",2022,"September","Monday",1899-12-30 05:50:00.000,"Minor",5,"Bus",2,4,"Hazy","Village Road","Damaged","Dark","Signs",64,64,"Male","Valid","No","Bridge",2914,"Tamil Nadu"
"Vijayawada",2020,"October","Sunday",1899-12-30 11:32:00.000,"Minor",5,"Car",6,3,"Stormy","Village Road","Wet","Dusk","None",33,29,"Male","Valid","Yes","Straight Road",2920,"Andhra Pradesh"
"Dwarka",2018,"October","Saturday",1899-12-30 11:49:00.000,"Minor",3,"Truck",6,2,"Clear","Village Road","Under Construction","Dark","Police Checkpost",83,57,"Male","Valid","Yes","Straight Road",2927,"Delhi"
"Siliguri",2018,"October","Wednesday",1899-12-30 10:22:00.000,"Minor",2,"Car",10,1,"Stormy","Village Road","Damaged","Dusk","None",86,56,"Male","Valid","Yes","Curve",2951,"West Bengal"
"Madurai",2022,"November","Tuesday",1899-12-30 15:07:00.000,"Minor",2,"Cycle",8,2,"Rainy","National Highway","Under Construction","Dusk","Signs",70,27,"Female","Valid","No","Bridge",2952,"Tamil Nadu"
"Rohini",2023,"January","Wednesday",1899-12-30 05:29:00.000,"Minor",2,"Truck",6,4,"Foggy","Urban Road","Damaged","Daylight","Signals",60,44,"Female","Valid","Yes","Straight Road",2972,"Delhi"
"Jodhpur",2021,"July","Saturday",1899-12-30 08:26:00.000,"Fatal",3,"Truck",7,1,"Clear","Urban Road","Damaged","Dawn","Signs",35,53,"Male","Valid","No","Straight Road",9,"Rajasthan"
"Kanpur",2018,"August","Tuesday",1899-12-30 16:49:00.000,"Fatal",3,"Bus",1,4,"Clear","National Highway","Wet","Dusk","None",46,41,"Male","Valid","No","Curve",12,"Uttar Pradesh"
"Surat",2019,"March","Thursday",1899-12-30 15:01:00.000,"Fatal",2,"Car",7,0,"Stormy","State Highway","Under Construction","Dawn","Signs",69,51,"Female","Valid","No","Bridge",31,"Gujarat"
"Lucknow",2022,"November","Tuesday",1899-12-30 09:25:00.000,"Fatal",1,"Bus",0,3,"Clear","National Highway","Under Construction","Dark","Signals",53,63,"Male","Valid","No","Straight Road",32,"Uttar Pradesh"
"Nagpur",2019,"July","Monday",1899-12-30 20:04:00.000,"Fatal",3,"Pedestrian",2,2,"Clear","National Highway","Wet","Dark","Signals",35,55,"Male","Valid","Yes","Bridge",132,"Maharashtra"
"Ahmedabad",2022,"June","Wednesday",1899-12-30 15:17:00.000,"Fatal",1,"Cycle",9,1,"Hazy","State Highway","Damaged","Dusk","Police Checkpost",32,23,"Male","Valid","Yes","Intersection",203,"Gujarat"
"Kolkata",2018,"May","Friday",1899-12-30 17:10:00.000,"Fatal",4,"Car",10,2,"Foggy","Urban Road","Under Construction","Daylight","Signs",115,32,"Male","Valid","No","Intersection",253,"West Bengal"
"Pune",2019,"February","Tuesday",1899-12-30 13:31:00.000,"Fatal",3,"Bus",4,5,"Foggy","Urban Road","Dry","Dark","None",120,31,"Female","Valid","Yes","Intersection",283,"Maharashtra"
"Siliguri",2023,"February","Saturday",1899-12-30 00:13:00.000,"Fatal",1,"Bus",7,4,"Hazy","State Highway","Dry","Daylight","Signs",71,31,"Male","Valid","Yes","Bridge",297,"West Bengal"
"Kolkata",2018,"December","Sunday",1899-12-30 11:33:00.000,"Fatal",4,"Car",2,5,"Hazy","Village Road","Under Construction","Daylight","Signs",49,49,"Male","Valid","Yes","Curve",328,"West Bengal"
"Pune",2020,"February","Saturday",1899-12-30 12:06:00.000,"Fatal",4,"Truck",1,0,"Foggy","State Highway","Damaged","Dusk","Signals",71,20,"Female","Valid","No","Bridge",347,"Maharashtra"
"Nagpur",2019,"April","Wednesday",1899-12-30 02:30:00.000,"Fatal",5,"Pedestrian",0,4,"Rainy","Village Road","Damaged","Daylight","None",99,50,"Male","Valid","No","Curve",361,"Maharashtra"
"Vadodara",2019,"January","Thursday",1899-12-30 17:33:00.000,"Fatal",2,"Truck",4,1,"Hazy","National Highway","Wet","Dark","Signs",46,23,"Female","Valid","No","Curve",370,"Gujarat"
"Madurai",2023,"February","Friday",1899-12-30 13:19:00.000,"Fatal",5,"Cycle",7,5,"Hazy","State Highway","Wet","Daylight","Police Checkpost",42,55,"Female","Valid","Yes","Bridge",391,"Tamil Nadu"
"Udaipur",2021,"September","Friday",1899-12-30 12:00:00.000,"Fatal",5,"Two-Wheeler",10,0,"Foggy","Urban Road","Dry","Dusk","None",102,34,"Female","Valid","Yes","Intersection",470,"Rajasthan"
"Pune",2019,"December","Monday",1899-12-30 13:41:00.000,"Fatal",4,"Car",5,1,"Foggy","State Highway","Under Construction","Dawn","Police Checkpost",32,47,"Female","Valid","No","Bridge",516,"Maharashtra"
"Siliguri",2021,"November","Sunday",1899-12-30 11:38:00.000,"Fatal",5,"Auto-Rickshaw",5,0,"Stormy","State Highway","Damaged","Dawn","Police Checkpost",108,64,"Male","Valid","Yes","Straight Road",524,"West Bengal"
"Udaipur",2018,"June","Saturday",1899-12-30 18:41:00.000,"Fatal",2,"Auto-Rickshaw",7,4,"Hazy","Urban Road","Damaged","Dawn","Signs",94,44,"Female","Valid","Yes","Intersection",551,"Rajasthan"
"Kanpur",2022,"September","Sunday",1899-12-30 21:31:00.000,"Fatal",3,"Two-Wheeler",4,0,"Hazy","State Highway","Dry","Dawn","Signs",114,52,"Female","Valid","Yes","Intersection",609,"Uttar Pradesh"
"Dwarka",2021,"April","Tuesday",1899-12-30 08:34:00.000,"Fatal",3,"Pedestrian",10,3,"Stormy","Urban Road","Wet","Dawn","Signs",100,69,"Female","Valid","Yes","Straight Road",615,"Delhi"
"Ahmedabad",2022,"March","Wednesday",1899-12-30 11:05:00.000,"Fatal",1,"Car",10,5,"Foggy","Village Road","Dry","Dark","Signals",30,18,"Male","Valid","No","Bridge",617,"Gujarat"
"Durgapur",2018,"October","Sunday",1899-12-30 10:57:00.000,"Fatal",2,"Bus",4,4,"Foggy","State Highway","Wet","Dark","Signs",114,58,"Male","Valid","Yes","Straight Road",633,"West Bengal"
"Vijayawada",2021,"July","Friday",1899-12-30 03:55:00.000,"Fatal",5,"Car",0,4,"Stormy","Village Road","Wet","Dark","Signs",113,67,"Female","Valid","Yes","Bridge",634,"Andhra Pradesh"
"Varanasi",2020,"June","Wednesday",1899-12-30 04:01:00.000,"Fatal",3,"Truck",10,3,"Stormy","Urban Road","Damaged","Dusk","Signs",35,24,"Female","Valid","No","Intersection",642,"Uttar Pradesh"
"Varanasi",2020,"February","Wednesday",1899-12-30 23:57:00.000,"Fatal",3,"Truck",3,5,"Foggy","Village Road","Damaged","Dawn","Signs",70,25,"Female","Valid","Yes","Straight Road",693,"Uttar Pradesh"
"Siliguri",2021,"January","Tuesday",1899-12-30 04:32:00.000,"Fatal",1,"Car",10,3,"Rainy","Village Road","Under Construction","Daylight","Police Checkpost",106,34,"Male","Valid","Yes","Straight Road",696,"West Bengal"
"Rohini",2021,"January","Wednesday",1899-12-30 01:38:00.000,"Fatal",4,"Cycle",8,3,"Stormy","State Highway","Under Construction","Dark","Signals",77,67,"Male","Valid","No","Intersection",697,"Delhi"
"New Delhi",2022,"April","Monday",1899-12-30 16:22:00.000,"Fatal",3,"Cycle",2,2,"Stormy","National Highway","Dry","Dark","Signals",80,20,"Male","Valid","Yes","Curve",749,"Delhi"
"Vadodara",2018,"January","Thursday",1899-12-30 23:43:00.000,"Fatal",2,"Bus",4,3,"Hazy","Urban Road","Damaged","Dawn","Signals",92,63,"Male","Valid","No","Intersection",778,"Gujarat"
"New Delhi",2020,"August","Wednesday",1899-12-30 01:50:00.000,"Fatal",2,"Cycle",2,2,"Foggy","Village Road","Under Construction","Dusk","Signals",96,26,"Male","Valid","Yes","Intersection",787,"Delhi"
"Kolkata",2021,"May","Wednesday",1899-12-30 18:24:00.000,"Fatal",2,"Two-Wheeler",1,4,"Clear","State Highway","Damaged","Dawn","Police Checkpost",38,21,"Male","Valid","Yes","Curve",788,"West Bengal"
"Udaipur",2023,"June","Tuesday",1899-12-30 07:25:00.000,"Fatal",4,"Cycle",5,2,"Foggy","Urban Road","Dry","Dawn","None",64,67,"Male","Valid","No","Bridge",829,"Rajasthan"
"Coimbatore",2020,"December","Saturday",1899-12-30 13:54:00.000,"Fatal",3,"Bus",8,4,"Hazy","Village Road","Damaged","Dusk","None",80,68,"Male","Valid","Yes","Curve",847,"Tamil Nadu"
"Visakhapatnam",2022,"November","Tuesday",1899-12-30 13:07:00.000,"Fatal",5,"Auto-Rickshaw",10,5,"Stormy","State Highway","Under Construction","Dark","Signs",105,35,"Female","Valid","No","Intersection",848,"Andhra Pradesh"
"Madurai",2023,"October","Monday",1899-12-30 03:27:00.000,"Fatal",5,"Pedestrian",5,5,"Foggy","Village Road","Wet","Dusk","Signs",99,20,"Male","Valid","No","Intersection",893,"Tamil Nadu"
"New Delhi",2020,"January","Wednesday",1899-12-30 10:56:00.000,"Fatal",4,"Car",1,1,"Rainy","Village Road","Wet","Dusk","None",75,69,"Female","Valid","No","Intersection",897,"Delhi"
"Mangalore",2018,"March","Friday",1899-12-30 15:42:00.000,"Fatal",4,"Bus",2,2,"Clear","State Highway","Damaged","Daylight","Signs",89,57,"Female","Valid","No","Intersection",927,"Karnataka"
"Mysore",2018,"April","Saturday",1899-12-30 06:45:00.000,"Fatal",3,"Car",0,3,"Hazy","Urban Road","Dry","Dark","None",98,54,"Female","Valid","No","Straight Road",934,"Karnataka"
"Dwarka",2023,"February","Tuesday",1899-12-30 10:44:00.000,"Fatal",5,"Two-Wheeler",7,2,"Rainy","Urban Road","Damaged","Dawn","Signals",62,25,"Male","Valid","Yes","Bridge",941,"Delhi"
"Kanpur",2022,"November","Friday",1899-12-30 00:13:00.000,"Fatal",1,"Car",5,2,"Stormy","State Highway","Damaged","Dusk","None",72,53,"Male","Valid","No","Intersection",949,"Uttar Pradesh"
"Kanpur",2018,"July","Tuesday",1899-12-30 22:52:00.000,"Fatal",3,"Pedestrian",0,0,"Stormy","National Highway","Dry","Dark","Signals",53,55,"Male","Valid","Yes","Straight Road",958,"Uttar Pradesh"
"New Delhi",2020,"July","Saturday",1899-12-30 09:22:00.000,"Fatal",3,"Truck",1,2,"Rainy","State Highway","Under Construction","Dawn","Signals",87,57,"Female","Valid","No","Intersection",974,"Delhi"
"Surat",2021,"October","Wednesday",1899-12-30 08:06:00.000,"Fatal",2,"Truck",2,3,"Rainy","Village Road","Damaged","Dark","Police Checkpost",102,68,"Male","Valid","No","Bridge",993,"Gujarat"
"Madurai",2020,"September","Sunday",1899-12-30 05:29:00.000,"Fatal",4,"Two-Wheeler",1,3,"Rainy","Village Road","Damaged","Dusk","Police Checkpost",75,30,"Male","Valid","No","Straight Road",996,"Tamil Nadu"
"Dwarka",2021,"October","Thursday",1899-12-30 22:47:00.000,"Fatal",4,"Car",0,2,"Foggy","Village Road","Wet","Dawn","Signs",37,20,"Female","Valid","No","Straight Road",1001,"Delhi"
"Vijayawada",2018,"October","Thursday",1899-12-30 11:28:00.000,"Fatal",4,"Cycle",3,3,"Foggy","Urban Road","Under Construction","Dark","Signals",34,43,"Male","Valid","Yes","Intersection",1009,"Andhra Pradesh"
"Vijayawada",2018,"July","Saturday",1899-12-30 19:04:00.000,"Fatal",1,"Pedestrian",7,1,"Rainy","State Highway","Damaged","Dark","Signs",49,41,"Male","Valid","No","Straight Road",1021,"Andhra Pradesh"
"Chennai",2021,"March","Sunday",1899-12-30 22:37:00.000,"Fatal",1,"Truck",10,2,"Rainy","National Highway","Wet","Daylight","Police Checkpost",90,54,"Male","Valid","No","Curve",1031,"Tamil Nadu"
"Jaipur",2020,"October","Monday",1899-12-30 12:36:00.000,"Fatal",3,"Two-Wheeler",7,0,"Hazy","National Highway","Under Construction","Dusk","Signs",58,61,"Female","Valid","Yes","Intersection",1062,"Rajasthan"
"Kolkata",2022,"December","Tuesday",1899-12-30 21:11:00.000,"Fatal",5,"Cycle",6,3,"Rainy","State Highway","Damaged","Daylight","Signs",78,44,"Female","Valid","No","Bridge",1138,"West Bengal"
"Bangalore",2021,"August","Wednesday",1899-12-30 03:19:00.000,"Fatal",5,"Pedestrian",0,5,"Hazy","Village Road","Under Construction","Dark","Police Checkpost",85,46,"Female","Valid","No","Bridge",1185,"Karnataka"
"Nagpur",2023,"April","Friday",1899-12-30 03:04:00.000,"Fatal",2,"Cycle",5,3,"Rainy","National Highway","Under Construction","Daylight","Police Checkpost",30,31,"Female","Valid","Yes","Intersection",1260,"Maharashtra"
"Bangalore",2019,"November","Saturday",1899-12-30 12:03:00.000,"Fatal",2,"Cycle",9,1,"Foggy","Village Road","Damaged","Dark","Police Checkpost",54,29,"Male","Valid","No","Bridge",1305,"Karnataka"
"New Delhi",2018,"February","Wednesday",1899-12-30 16:37:00.000,"Fatal",4,"Truck",10,5,"Stormy","National Highway","Damaged","Daylight","Signs",113,49,"Female","Valid","No","Curve",1319,"Delhi"
"Chennai",2021,"December","Sunday",1899-12-30 02:43:00.000,"Fatal",4,"Auto-Rickshaw",5,4,"Stormy","Urban Road","Wet","Dusk","None",31,56,"Male","Valid","No","Bridge",1390,"Tamil Nadu"
"Lucknow",2019,"March","Sunday",1899-12-30 04:07:00.000,"Fatal",2,"Cycle",10,3,"Foggy","National Highway","Under Construction","Dusk","None",56,41,"Male","Valid","No","Straight Road",1450,"Uttar Pradesh"
"Kanpur",2019,"July","Monday",1899-12-30 09:06:00.000,"Fatal",5,"Two-Wheeler",5,0,"Clear","Village Road","Damaged","Dawn","Police Checkpost",111,43,"Male","Valid","No","Intersection",1459,"Uttar Pradesh"
"Rohini",2018,"October","Saturday",1899-12-30 09:29:00.000,"Fatal",3,"Bus",5,0,"Clear","State Highway","Dry","Daylight","None",31,30,"Female","Valid","No","Intersection",1486,"Delhi"
"Vadodara",2021,"June","Tuesday",1899-12-30 22:28:00.000,"Fatal",2,"Cycle",2,3,"Foggy","Village Road","Dry","Dusk","Police Checkpost",41,63,"Female","Valid","No","Straight Road",1504,"Gujarat"
"Coimbatore",2020,"September","Thursday",1899-12-30 07:06:00.000,"Fatal",1,"Bus",7,1,"Hazy","Urban Road","Wet","Dawn","Signs",81,48,"Female","Valid","Yes","Intersection",1524,"Tamil Nadu"
"Rohini",2020,"April","Wednesday",1899-12-30 03:44:00.000,"Fatal",2,"Bus",2,5,"Foggy","State Highway","Dry","Daylight","Signals",58,69,"Male","Valid","Yes","Curve",1537,"Delhi"
"Jodhpur",2021,"March","Monday",1899-12-30 15:23:00.000,"Fatal",2,"Cycle",10,0,"Foggy","Urban Road","Damaged","Dusk","Police Checkpost",114,39,"Male","Valid","Yes","Intersection",1578,"Rajasthan"
"Udaipur",2018,"January","Monday",1899-12-30 19:53:00.000,"Fatal",3,"Two-Wheeler",5,3,"Clear","Village Road","Dry","Daylight","None",95,24,"Male","Valid","Yes","Straight Road",1592,"Rajasthan"
"Visakhapatnam",2019,"December","Wednesday",1899-12-30 13:08:00.000,"Fatal",1,"Truck",3,1,"Stormy","Village Road","Damaged","Dusk","None",81,58,"Male","Valid","Yes","Straight Road",1615,"Andhra Pradesh"
"Mumbai",2018,"June","Saturday",1899-12-30 21:29:00.000,"Fatal",2,"Cycle",8,5,"Hazy","State Highway","Wet","Dark","Police Checkpost",85,41,"Male","Valid","No","Bridge",1623,"Maharashtra"
"Udaipur",2021,"June","Wednesday",1899-12-30 08:32:00.000,"Fatal",4,"Two-Wheeler",2,2,"Clear","Urban Road","Damaged","Dawn","None",105,64,"Male","Valid","Yes","Curve",1700,"Rajasthan"
"Mangalore",2019,"July","Friday",1899-12-30 22:19:00.000,"Fatal",2,"Truck",3,2,"Foggy","National Highway","Under Construction","Daylight","Signals",72,28,"Female","Valid","Yes","Bridge",1731,"Karnataka"
"Udaipur",2020,"May","Monday",1899-12-30 22:59:00.000,"Fatal",1,"Pedestrian",1,1,"Clear","National Highway","Dry","Daylight","Signals",111,55,"Female","Valid","Yes","Straight Road",1741,"Rajasthan"
"New Delhi",2018,"November","Wednesday",1899-12-30 09:22:00.000,"Fatal",4,"Cycle",9,4,"Stormy","Village Road","Dry","Dawn","Signals",79,58,"Male","Valid","Yes","Curve",1747,"Delhi"
"Pune",2018,"November","Tuesday",1899-12-30 00:40:00.000,"Fatal",4,"Auto-Rickshaw",4,0,"Hazy","Village Road","Wet","Dusk","Police Checkpost",113,55,"Female","Valid","Yes","Intersection",1748,"Maharashtra"
"Lucknow",2020,"May","Saturday",1899-12-30 00:39:00.000,"Fatal",1,"Auto-Rickshaw",4,5,"Foggy","National Highway","Damaged","Dark","None",79,67,"Female","Valid","Yes","Straight Road",1775,"Uttar Pradesh"
"Tirupati",2018,"May","Wednesday",1899-12-30 02:35:00.000,"Fatal",5,"Auto-Rickshaw",0,2,"Stormy","Urban Road","Under Construction","Dawn","Signs",101,66,"Female","Valid","No","Straight Road",1819,"Andhra Pradesh"
"Jodhpur",2021,"January","Tuesday",1899-12-30 16:38:00.000,"Fatal",3,"Truck",2,4,"Hazy","Urban Road","Wet","Daylight","Signs",61,58,"Female","Valid","No","Curve",1826,"Rajasthan"
"Durgapur",2018,"February","Wednesday",1899-12-30 14:56:00.000,"Fatal",2,"Cycle",6,5,"Rainy","Urban Road","Wet","Daylight","Police Checkpost",90,40,"Female","Valid","Yes","Curve",1831,"West Bengal"
"Ahmedabad",2021,"September","Saturday",1899-12-30 21:47:00.000,"Fatal",1,"Cycle",8,3,"Stormy","State Highway","Dry","Daylight","Police Checkpost",109,43,"Female","Valid","No","Straight Road",1837,"Gujarat"
"Nagpur",2020,"June","Sunday",1899-12-30 12:28:00.000,"Fatal",4,"Car",5,0,"Clear","Village Road","Damaged","Dark","Police Checkpost",87,69,"Female","Valid","Yes","Bridge",1885,"Maharashtra"
"Tirupati",2020,"June","Monday",1899-12-30 23:39:00.000,"Fatal",2,"Pedestrian",0,2,"Foggy","Village Road","Under Construction","Dawn","None",50,50,"Male","Valid","No","Curve",1995,"Andhra Pradesh"
"Tirupati",2020,"April","Saturday",1899-12-30 11:30:00.000,"Fatal",5,"Bus",5,4,"Rainy","Village Road","Wet","Dusk","Police Checkpost",101,26,"Female","Valid","Yes","Bridge",2004,"Andhra Pradesh"
"New Delhi",2019,"June","Monday",1899-12-30 12:29:00.000,"Fatal",2,"Auto-Rickshaw",4,1,"Rainy","Urban Road","Under Construction","Daylight","None",63,47,"Male","Valid","No","Bridge",2076,"Delhi"
"Tirupati",2022,"December","Sunday",1899-12-30 21:42:00.000,"Fatal",5,"Auto-Rickshaw",4,0,"Hazy","National Highway","Dry","Dusk","Signs",59,59,"Male","Valid","No","Curve",2117,"Andhra Pradesh"
"Mumbai",2021,"November","Wednesday",1899-12-30 07:24:00.000,"Fatal",4,"Cycle",2,4,"Clear","National Highway","Under Construction","Dusk","Signals",35,41,"Male","Valid","Yes","Intersection",2161,"Maharashtra"
"Chennai",2023,"April","Friday",1899-12-30 21:17:00.000,"Fatal",3,"Car",2,2,"Stormy","State Highway","Dry","Dark","Signals",100,63,"Female","Valid","Yes","Bridge",2176,"Tamil Nadu"
"Tirupati",2023,"October","Tuesday",1899-12-30 03:58:00.000,"Fatal",4,"Cycle",0,2,"Rainy","Urban Road","Damaged","Dawn","Police Checkpost",35,41,"Male","Valid","No","Intersection",2180,"Andhra Pradesh"
"Rohini",2018,"June","Wednesday",1899-12-30 04:48:00.000,"Fatal",1,"Bus",0,0,"Stormy","National Highway","Damaged","Dawn","Police Checkpost",100,40,"Female","Valid","No","Bridge",2190,"Delhi"
"Jaipur",2018,"August","Friday",1899-12-30 12:17:00.000,"Fatal",3,"Pedestrian",3,1,"Foggy","National Highway","Dry","Dawn","None",98,49,"Male","Valid","No","Curve",2198,"Rajasthan"
"Kolkata",2020,"January","Thursday",1899-12-30 23:52:00.000,"Fatal",3,"Pedestrian",9,3,"Rainy","State Highway","Damaged","Dark","None",47,45,"Male","Valid","Yes","Bridge",2224,"West Bengal"
"Mumbai",2022,"June","Monday",1899-12-30 06:33:00.000,"Fatal",3,"Cycle",2,1,"Clear","Village Road","Dry","Dark","Signs",37,18,"Female","Valid","No","Curve",2257,"Maharashtra"
"Surat",2020,"February","Monday",1899-12-30 16:29:00.000,"Fatal",3,"Two-Wheeler",1,1,"Foggy","State Highway","Dry","Dark","Signals",97,39,"Male","Valid","No","Intersection",2264,"Gujarat"
"Jodhpur",2023,"April","Tuesday",1899-12-30 05:53:00.000,"Fatal",4,"Pedestrian",10,4,"Stormy","Urban Road","Under Construction","Dawn","Signs",103,20,"Female","Valid","Yes","Bridge",2319,"Rajasthan"
"Mysore",2018,"December","Friday",1899-12-30 10:23:00.000,"Fatal",3,"Pedestrian",5,3,"Hazy","State Highway","Under Construction","Dusk","Signs",36,51,"Female","Valid","No","Curve",2342,"Karnataka"
"Mumbai",2018,"June","Tuesday",1899-12-30 12:50:00.000,"Fatal",5,"Bus",6,1,"Clear","Urban Road","Dry","Daylight","Police Checkpost",120,37,"Female","Valid","Yes","Bridge",2346,"Maharashtra"
"Coimbatore",2021,"April","Friday",1899-12-30 05:00:00.000,"Fatal",1,"Bus",10,4,"Hazy","Village Road","Wet","Dawn","Police Checkpost",104,50,"Male","Valid","No","Straight Road",2348,"Tamil Nadu"
"Mysore",2020,"October","Saturday",1899-12-30 00:25:00.000,"Fatal",3,"Truck",9,3,"Hazy","State Highway","Damaged","Dark","Signs",76,31,"Female","Valid","No","Bridge",2370,"Karnataka"
"Durgapur",2021,"January","Monday",1899-12-30 09:39:00.000,"Fatal",1,"Auto-Rickshaw",3,5,"Clear","State Highway","Wet","Daylight","Signs",55,48,"Female","Valid","No","Curve",2387,"West Bengal"
"Mumbai",2022,"April","Monday",1899-12-30 10:58:00.000,"Fatal",3,"Truck",8,4,"Clear","State Highway","Under Construction","Daylight","Signs",40,55,"Male","Valid","No","Intersection",2403,"Maharashtra"
"Vadodara",2018,"January","Saturday",1899-12-30 23:43:00.000,"Fatal",4,"Bus",0,4,"Foggy","National Highway","Under Construction","Dawn","Signals",101,28,"Female","Valid","Yes","Straight Road",2447,"Gujarat"
"Tirupati",2021,"November","Saturday",1899-12-30 04:53:00.000,"Fatal",5,"Two-Wheeler",1,5,"Rainy","Urban Road","Wet","Dawn","Police Checkpost",33,66,"Male","Valid","Yes","Curve",2453,"Andhra Pradesh"
"Chennai",2020,"July","Thursday",1899-12-30 16:30:00.000,"Fatal",3,"Auto-Rickshaw",6,1,"Foggy","State Highway","Dry","Dark","Signs",119,63,"Male","Valid","No","Bridge",2515,"Tamil Nadu"
"Udaipur",2022,"November","Friday",1899-12-30 12:52:00.000,"Fatal",3,"Car",10,0,"Hazy","Urban Road","Dry","Dusk","Signs",34,67,"Male","Valid","No","Intersection",2536,"Rajasthan"
"Visakhapatnam",2021,"June","Saturday",1899-12-30 05:00:00.000,"Fatal",1,"Auto-Rickshaw",6,2,"Stormy","Urban Road","Under Construction","Dusk","None",56,37,"Male","Valid","No","Bridge",2537,"Andhra Pradesh"
"Mangalore",2022,"October","Monday",1899-12-30 03:13:00.000,"Fatal",3,"Cycle",0,1,"Stormy","National Highway","Damaged","Dusk","Signals",58,55,"Male","Valid","Yes","Bridge",2587,"Karnataka"
"Varanasi",2018,"April","Thursday",1899-12-30 23:33:00.000,"Fatal",2,"Pedestrian",9,2,"Rainy","National Highway","Wet","Dark","Signs",79,35,"Female","Valid","No","Straight Road",2595,"Uttar Pradesh"
"Lucknow",2023,"October","Friday",1899-12-30 07:31:00.000,"Fatal",2,"Pedestrian",10,4,"Clear","Village Road","Damaged","Dusk","Signals",113,23,"Female","Valid","No","Bridge",2659,"Uttar Pradesh"
"Jaipur",2019,"June","Sunday",1899-12-30 21:59:00.000,"Fatal",1,"Two-Wheeler",9,0,"Rainy","Village Road","Dry","Dawn","None",70,56,"Male","Valid","No","Intersection",2689,"Rajasthan"
"Mysore",2023,"December","Monday",1899-12-30 15:59:00.000,"Fatal",1,"Bus",7,5,"Foggy","Village Road","Damaged","Dawn","Signals",59,61,"Male","Valid","Yes","Curve",2691,"Karnataka"
"Chennai",2018,"November","Saturday",1899-12-30 01:42:00.000,"Fatal",2,"Truck",1,5,"Foggy","State Highway","Wet","Dark","Police Checkpost",50,65,"Male","Valid","Yes","Bridge",2710,"Tamil Nadu"
"Jaipur",2019,"August","Saturday",1899-12-30 05:51:00.000,"Fatal",2,"Auto-Rickshaw",4,0,"Hazy","Village Road","Damaged","Daylight","Signals",53,28,"Female","Valid","No","Bridge",2716,"Rajasthan"
"New Delhi",2020,"August","Saturday",1899-12-30 01:17:00.000,"Fatal",3,"Car",9,2,"Stormy","National Highway","Wet","Dark","Signals",116,60,"Male","Valid","No","Straight Road",2721,"Delhi"
"Jodhpur",2021,"April","Wednesday",1899-12-30 22:10:00.000,"Fatal",1,"Bus",9,4,"Rainy","National Highway","Dry","Daylight","Police Checkpost",69,58,"Female","Valid","Yes","Straight Road",2755,"Rajasthan"
"Vijayawada",2019,"December","Thursday",1899-12-30 01:12:00.000,"Fatal",4,"Two-Wheeler",0,0,"Stormy","Village Road","Wet","Dusk","Signals",82,52,"Female","Valid","Yes","Straight Road",2769,"Andhra Pradesh"
"Mumbai",2018,"July","Sunday",1899-12-30 12:03:00.000,"Fatal",4,"Car",10,1,"Foggy","State Highway","Dry","Dark","Signals",33,37,"Male","Valid","Yes","Straight Road",2785,"Maharashtra"
"Rohini",2021,"October","Sunday",1899-12-30 13:55:00.000,"Fatal",3,"Truck",2,5,"Rainy","Village Road","Dry","Dawn","Signs",117,58,"Female","Valid","No","Straight Road",2790,"Delhi"
"Varanasi",2019,"September","Sunday",1899-12-30 16:27:00.000,"Fatal",1,"Two-Wheeler",10,0,"Rainy","State Highway","Wet","Dusk","Signals",69,63,"Female","Valid","No","Curve",2806,"Uttar Pradesh"
"Mangalore",2023,"July","Wednesday",1899-12-30 21:13:00.000,"Fatal",2,"Pedestrian",5,3,"Stormy","National Highway","Wet","Daylight","Signals",76,19,"Female","Valid","No","Bridge",2923,"Karnataka"
"Tirupati",2018,"January","Thursday",1899-12-30 06:38:00.000,"Fatal",4,"Car",2,3,"Foggy","Urban Road","Dry","Dark","Signs",100,67,"Male","Valid","Yes","Straight Road",2943,"Andhra Pradesh"
